grade,direction,grain_id,H_A_per_m,guarded_B_T,midpoint_before_guard_B_T,descending_B_T,ascending_B_T
B23R075,RD,1,0.0,0.0,0.0,1.9280983501895805,-1.9278144909570472
B23R075,RD,1,0.1,0.00014205527997313006,0.00014205527997313006,1.928098475853287,-1.9278143652933408
B23R075,RD,1,0.2,0.00014218094367927366,0.00014218094367879353,1.9280986015169927,-1.9278142396296352
B23R075,RD,1,0.5,0.00014255793479770444,0.00014255793479733825,1.9280989785081113,-1.9278138626385166
B23R075,RD,1,1.0,0.0001431862533284224,0.0001431862533280981,1.928099606826642,-1.9278132343199859
B23R075,RD,1,2.0,0.0001444428903898583,0.00014444289038939573,1.9281008634637034,-1.9278119776829246
B23R075,RD,1,5.0,0.00014821280157416606,0.00014821280157395478,1.928104633374888,-1.92780820777174
B23R075,RD,1,10.0,0.00015449598688134565,0.00015449598688088706,1.9281109165601948,-1.927801924586433
B23R075,RD,1,20.0,0.00016706235749570483,0.0001670623574951957,1.9281234829308092,-1.9277893582158188
B23R075,RD,1,50.0,0.00020476146933878233,0.00020476146933834372,1.9281611820426523,-1.9277516591039756
B23R075,RD,1,100.0,0.0002675933341601544,0.0002675933341601544,1.928224013895724,-1.9276888272274038
B23R075,RD,1,200.0,0.000633596425004157,0.000633596425004157,1.9283496776199818,-1.9270824847699735
B23R075,RD,1,500.0,0.0015821287411500462,0.0015821287411500462,1.9292824291000028,-1.9261181716177027
B23R075,RD,1,800.0,0.0027118662986845843,0.0027118662986845843,1.9305542628518364,-1.9251305302544672
B23R075,RD,1,1000.0,0.003170109109855379,0.003170109109855379,1.930805590348097,-1.9244653721283862
B23R075,RD,1,1500.0,0.004760657403208413,0.004760657403208413,1.9322927201872988,-1.922771405380882
B23R075,RD,1,2000.0,0.006358684757499566,0.006358684757499566,1.9337431720636833,-1.9210258025486842
B23R075,RD,1,3000.0,0.009589319643727667,0.009589319643727667,1.9365508214014355,-1.9173721821139802
B23R075,RD,1,5000.0,0.01625844554559741,0.01625844554559741,1.9418191177723088,-1.909302226681114
B23R075,RD,1,7500.0,0.025265857976023764,0.025265857976023764,1.9478689933948194,-1.897337277442772
B23R075,RD,1,10000.0,0.035570239604768905,0.035570239604768905,1.953445443242804,-1.882304964033266
B23R075,RD,1,15000.0,0.06563608974311241,0.06563608974311241,1.9635347738151203,-1.8322625943288955
B23R075,RD,1,20000.0,1.9726229426947297,1.9726229426947297,1.9726240872324168,1.9726217981570424
B23R075,RD,1,30000.0,1.9889531616474434,1.9889531616474434,1.9889531616474634,1.9889531616474232
B23R075,RD,1,40000.0,2.0038519017928857,2.0038519017928857,2.003852039017636,2.0038517645681355
B23R075,RD,1,50000.0,2.0179571103835032,2.0179571103835032,2.017957208401216,2.0179570123657906
B23R075,RD,2,0.0,0.0,0.0,1.9597361083526597,-1.9597361671632743
B23R075,RD,2,0.1,1.2566370614359172e-07,9.625839902938083e-08,1.959736234016366,-1.959736041499568
B23R075,RD,2,0.2,2.5132741228718345e-07,2.219221049148956e-07,1.9597363596800719,-1.959735915835862
B23R075,RD,2,0.5,6.283185307179586e-07,5.989132232375738e-07,1.9597367366711902,-1.9597355388447437
B23R075,RD,2,1.0,1.2566370614359173e-06,1.22723175421946e-06,1.9597373649897212,-1.9597349105262127
B23R075,RD,2,2.0,2.5132741228718346e-06,2.4838688155170985e-06,1.9597386216267825,-1.9597336538891514
B23R075,RD,2,5.0,6.283185307179587e-06,6.253779999854103e-06,1.9597423915379668,-1.959729883977967
B23R075,RD,2,10.0,1.2566370614359173e-05,1.253696530700843e-05,1.959748674723274,-1.95972360079266
B23R075,RD,2,20.0,2.5132741228718347e-05,2.5103335921317083e-05,1.9597612410938883,-1.9597110344220456
B23R075,RD,2,50.0,6.642910232379506e-05,6.642910232379506e-05,1.9597989402057314,-1.9596660820010838
B23R075,RD,2,100.0,0.00012926095539559095,0.00012926095539556037,1.9598617720588032,-1.959603250148012
B23R075,RD,2,200.0,0.00025492466190779606,0.00025492466190779606,1.9599874357652283,-1.9594775864414127
B23R075,RD,2,500.0,0.0006432172206503051,0.0006432172206503051,1.9603730524412855,-1.9590866179999848
B23R075,RD,2,800.0,0.0010316470026644486,0.0010316470026644486,1.9607637660353088,-1.9587004720299799
B23R075,RD,2,1000.0,0.0012829744167133228,0.0012829744167133228,1.9610150934488901,-1.9584491446154635
B23R075,RD,2,1500.0,0.001929308597012347,0.001929308597012347,1.961656644366406,-1.9577980271723814
B23R075,RD,2,2000.0,0.002572721855307991,0.002572721855307991,1.962297705199411,-1.957152261488795
B23R075,RD,2,3000.0,0.003859744400081855,0.003859744400081855,1.963578062541126,-1.9558585737409624
B23R075,RD,2,5000.0,0.006437504357180934,0.006437504357180934,1.9661338567352666,-1.9532588480209048
B23R075,RD,2,7500.0,0.009670018221995536,0.009670018221995536,1.969319871007339,-1.949979834563348
B23R075,RD,2,10000.0,0.012922145413058361,0.012922145413058361,1.9724983183086973,-1.9466540274825805
B23R075,RD,2,15000.0,0.019542599914851855,0.019542599914851855,1.978839334064199,-1.9397541342344953
B23R075,RD,2,20000.0,0.026567592707855914,0.026567592707855914,1.9851650002271224,-1.9320298148114106
B23R075,RD,2,30000.0,1.9977887700117143,1.9977887700117143,1.997788671994038,1.9977888680293907
B23R075,RD,2,40000.0,2.010391211126567,2.010391211126567,2.010391211126555,2.010391211126579
B23R075,RD,2,50000.0,2.022982056749251,2.022982056749251,2.022982125361597,2.022981988136905
B23R075,RD,3,0.0,0.0,0.0,1.9508830721061736,-1.9509834618250828
B23R075,RD,3,0.1,1.2566370614359172e-07,-5.006919574823687e-05,1.95088319776988,-1.9509833361613764
B23R075,RD,3,0.2,2.5132741228718345e-07,-4.994353204246238e-05,1.9508833234335856,-1.9509832104976705
B23R075,RD,3,0.5,6.283185307179586e-07,-4.956654092402868e-05,1.9508837004247042,-1.9509828335065522
B23R075,RD,3,1.0,1.2566370614359173e-06,-4.893822239304679e-05,1.9508843287432351,-1.9509822051880212
B23R075,RD,3,2.0,2.5132741228718346e-06,-4.7681585331749154e-05,1.9508855853802964,-1.95098094855096
B23R075,RD,3,5.0,6.283185307179587e-06,-4.391167414741215e-05,1.9508893552914808,-1.9509771786397756
B23R075,RD,3,10.0,1.2566370614359173e-05,-3.762848884025782e-05,1.950895638476788,-1.9509708954544684
B23R075,RD,3,20.0,2.5132741228718347e-05,-2.506211822594917e-05,1.9509082048474022,-1.9509583290838541
B23R075,RD,3,50.0,0.00013326736567476072,0.00013326736567476072,1.9510481168072031,-1.9507815820758536
B23R075,RD,3,100.0,0.0001960992187465566,0.00019609921874652603,1.951110948660275,-1.9507187502227818
B23R075,RD,3,200.0,0.0003217629318417181,0.0003217629318417181,1.951236612371722,-1.9505930865080385
B23R075,RD,3,500.0,0.0009120307546334194,0.0009120307546334194,1.9517763128730004,-1.9499522513637335
B23R075,RD,3,800.0,0.0015089245444379618,0.0015089245444379618,1.9524163834520807,-1.9493985343632048
B23R075,RD,3,1000.0,0.0017602519904620362,0.0017602519904620362,1.952667710889049,-1.9491472069081248
B23R075,RD,3,1500.0,0.0027336025564916877,0.0027336025564916877,1.9535484445492617,-1.9480812394362783
B23R075,RD,3,2000.0,0.003649593269089202,0.003649593269089202,1.954419337308524,-1.9471201507703455
B23R075,RD,3,3000.0,0.00548780848153152,0.00548780848153152,1.956128227978002,-1.9451526110149389
B23R075,RD,3,5000.0,0.009233066873141405,0.009233066873141405,1.9594448550379873,-1.9409787212917045
B23R075,RD,3,7500.0,0.014120413434050794,0.014120413434050794,1.9634295958869101,-1.9351887690188085
B23R075,RD,3,10000.0,0.01939826221094365,0.01939826221094365,1.9672727990955932,-1.9284762746737059
B23R075,RD,3,15000.0,0.03245212061818081,0.03245212061818081,1.9746462549841306,-1.909742013747769
B23R075,RD,3,20000.0,0.0580216340366827,0.0580216340366827,1.98172726487233,-1.8656839967989647
B23R075,RD,3,30000.0,1.99535959767219,1.99535959767219,1.99535959767219,1.99535959767219
B23R075,RD,3,40000.0,2.0085850390618676,2.0085850390618676,2.0085850390618676,2.0085850390618676
B23R075,RD,3,50000.0,2.0215871961701293,2.0215871961701293,2.0215871961701293,2.0215871961701293
B23R075,RD,4,0.0,0.0,0.0,1.9601689544751972,-1.9601685035938194
B23R075,RD,4,0.1,3.511043952242332e-07,3.511043952242332e-07,1.9601690801389036,-1.9601683779301131
B23R075,RD,4,0.2,4.7676810488450627e-07,4.7676810488450627e-07,1.9601692058026094,-1.9601682522663997
B23R075,RD,4,0.5,9.713804460798059e-07,9.713804460798059e-07,1.960169582793728,-1.9601676400328358
B23R075,RD,4,1.0,1.5996989767977646e-06,1.550690133855781e-06,1.9601702111122588,-1.960167109731991
B23R075,RD,4,2.0,2.8563360382336817e-06,2.8073271950423972e-06,1.96017146774932,-1.96016585309493
B23R075,RD,4,5.0,6.626247222541434e-06,6.577238379601447e-06,1.9601752376605046,-1.9601620831837454
B23R075,RD,4,10.0,1.290943252972102e-05,1.286042368664475e-05,1.9601815208458115,-1.9601557999984383
B23R075,RD,4,20.0,2.5475803144080195e-05,2.542679430084238e-05,1.9601940872164259,-1.9601432336278242
B23R075,RD,4,50.0,6.317491499185923e-05,6.317491499185923e-05,1.960231786328269,-1.9601054364982853
B23R075,RD,4,100.0,0.00012605577691293668,0.00012605577691293668,1.9602946181813408,-1.960042506627515
B23R075,RD,4,200.0,0.0002518469060817097,0.0002518469060817097,1.9604202818875165,-1.959916588075353
B23R075,RD,4,500.0,0.0006298574085376041,0.0006298574085376041,1.9607982531828965,-1.9595385383658213
B23R075,RD,4,800.0,0.0010077600915219254,0.0010077600915219254,1.961176146064101,-1.9591606258810572
B23R075,RD,4,1000.0,0.0012596167993895735,0.0012596167993895735,1.9614279439613465,-1.9589087103625673
B23R075,RD,4,1500.0,0.00188950361298712,0.00188950361298712,1.9620576347395842,-1.95827862751361
B23R075,RD,4,2000.0,0.002519253202316607,0.002519253202316607,1.96268732551822,-1.9576488191135868
B23R075,RD,4,3000.0,0.0037790268297709373,0.0037790268297709373,1.963946315004148,-1.9563882613446062
B23R075,RD,4,5000.0,0.006298838732157419,0.006298838732157419,1.9664638430945,-1.9538661656301852
B23R075,RD,4,7500.0,0.009449723462959803,0.009449723462959803,1.9696101013902707,-1.950710654464351
B23R075,RD,4,10000.0,0.012602539140883606,0.012602539140883606,1.9727554383192472,-1.94755036003748
B23R075,RD,4,15000.0,0.0189208736051949,0.0189208736051949,1.9790447791385755,-1.9412030319281857
B23R075,RD,4,20000.0,0.025284756855461832,0.025284756855461832,1.985332786914843,-1.9347632732039193
B23R075,RD,4,30000.0,1.9979059011476106,1.9979059011476106,1.9979059011476106,1.9979059011476106
B23R075,RD,4,40000.0,2.0104769766098602,2.0104769766098602,2.0104769766098602,2.0104769766098602
B23R075,RD,4,50000.0,2.023047022886175,2.023047022886175,2.0230470718949936,2.023046973877357
B23R075,RD,5,0.0,0.0,0.0,1.958977725875464,-1.9589645130907452
B23R075,RD,5,0.1,6.732056065716918e-06,6.732056065716918e-06,1.9589778515391703,-1.9589643874270388
B23R075,RD,5,0.2,6.85771977186051e-06,6.857719771491411e-06,1.9589779772028761,-1.9589642617633332
B23R075,RD,5,0.5,7.234710890291285e-06,7.2347108900361334e-06,1.9589783541939947,-1.9589638847722146
B23R075,RD,5,1.0,7.863029421009244e-06,7.863029420906997e-06,1.9589789825125254,-1.9589632564536836
B23R075,RD,5,2.0,9.119666482445161e-06,9.119666482093614e-06,1.9589802391495867,-1.9589619998166226
B23R075,RD,5,5.0,1.2889577666752914e-05,1.2889577666652663e-05,1.9589840090607713,-1.958958229905438
B23R075,RD,5,10.0,1.91727629739325e-05,1.9172762973695967e-05,1.9589902922460782,-1.9589519467201308
B23R075,RD,5,20.0,3.1739133588291676e-05,3.173913358800462e-05,1.9590028586166925,-1.9589393803495165
B23R075,RD,5,50.0,6.943824543136919e-05,6.94382454310416e-05,1.9590405577285357,-1.9589016812376736
B23R075,RD,5,100.0,0.00013227009891969566,0.00013227009891969566,1.9591033895816075,-1.958838849383768
B23R075,RD,5,200.0,0.0002664613445013675,0.0002664613445013675,1.959229053288477,-1.9586961305994743
B23R075,RD,5,500.0,0.0006666434502504703,0.0006666434502504703,1.9596283140284465,-1.9582950271279456
B23R075,RD,5,800.0,0.0010734907548632933,0.0010734907548632933,1.9600411012046375,-1.957894119694911
B23R075,RD,5,1000.0,0.0013248181717894214,0.0013248181717894214,1.9602924286203751,-1.9576427922767963
B23R075,RD,5,1500.0,0.0020005772596197735,0.0020005772596197735,1.9609560335158875,-1.956954878996648
B23R075,RD,5,2000.0,0.0026670148786144265,0.0026670148786144265,1.9616158941459714,-1.9562818643887425
B23R075,RD,5,3000.0,0.004002762016150796,0.004002762016150796,1.962934184332517,-1.9549286603002154
B23R075,RD,5,5000.0,0.00668290144406658,0.00668290144406658,1.9655556699783965,-1.9521898670902633
B23R075,RD,5,7500.0,0.010061344048891141,0.010061344048891141,1.9688109631558817,-1.9486882750580994
B23R075,RD,5,10000.0,0.013493421898211788,0.013493421898211788,1.9720473389062525,-1.945060495109829
B23R075,RD,5,15000.0,0.020676076686231393,0.020676076686231393,1.9784772567239532,-1.9371251033514905
B23R075,RD,5,20000.0,0.029031022158429787,0.029031022158429787,1.9848679674089618,-1.9268059230921022
B23R075,RD,5,30000.0,1.9975780711914168,1.9975780711914168,1.9975780711914168,1.9975780711914168
B23R075,RD,5,40000.0,2.0102338927262933,2.0102338927262933,2.0102338927262933,2.0102338927262933
B23R075,RD,5,50000.0,2.0228597208500867,2.0228597208500867,2.0228597796606684,2.022859662039505
B23R075,RD,6,0.0,0.0,0.0,1.9521077835490812,-1.952106999407555
B23R075,RD,6,0.1,5.177344694073938e-07,5.177344694073938e-07,1.9521079092127875,-1.9521068737438487
B23R075,RD,6,0.2,6.433981755509855e-07,6.433981751818862e-07,1.9521080348764934,-1.952106748080143
B23R075,RD,6,0.5,1.0203892939817608e-06,1.020389293726609e-06,1.952108411867612,-1.9521063710890245
B23R075,RD,6,1.0,1.6487078246997193e-06,1.6487078245974729e-06,1.9521090401861427,-1.9521057427704935
B23R075,RD,6,2.0,2.9053448861356366e-06,2.9053448858951114e-06,1.952110296823204,-1.9521044861334322
B23R075,RD,6,5.0,6.675256070443388e-06,6.6752560703431385e-06,1.9521140667343886,-1.952100716222248
B23R075,RD,6,10.0,1.2958441377622975e-05,1.2958441377386443e-05,1.9521203499196955,-1.9520944330369407
B23R075,RD,6,20.0,2.5524811991982148e-05,2.5524811991695096e-05,1.9521329162903098,-1.9520818666663264
B23R075,RD,6,50.0,6.322392745572447e-05,6.322392745572447e-05,1.952170615402153,-1.9520441675472415
B23R075,RD,6,100.0,0.00020011794406904482,0.00020011794406904482,1.9522334472552247,-1.9518332113670867
B23R075,RD,6,200.0,0.00032578165595975594,0.00032578165595975594,1.9523591109661127,-1.9517075476541932
B23R075,RD,6,500.0,0.0008790968086344053,0.0008790968086344053,1.9528816583696895,-1.9511234647524207
B23R075,RD,6,800.0,0.0014527604076141065,0.0014527604076141065,1.9534926176969767,-1.9505870968817485
B23R075,RD,6,1000.0,0.001704087849864866,0.001704087849864866,1.9537439451310579,-1.9503357694313281
B23R075,RD,6,1500.0,0.002638848855284759,0.002638848855284759,1.9545951558660595,-1.94931745815549
B23R075,RD,6,2000.0,0.003522954406412815,0.003522954406412815,1.95543989750013,-1.9483939886873043
B23R075,RD,6,3000.0,0.005298036425857022,0.005298036425857022,1.9570984658889856,-1.9465023930372716
B23R075,RD,6,5000.0,0.008908187242001264,0.008908187242001264,1.9603229759296568,-1.9425066014456542
B23R075,RD,6,7500.0,0.01361111351499844,0.01361111351499844,1.9642096206714579,-1.936987393641461
B23R075,RD,6,10000.0,0.01867106898970483,0.01867106898970483,1.9679693128166122,-1.9306271748372026
B23R075,RD,6,15000.0,0.03109281104397499,0.03109281104397499,1.9752118954598978,-1.9130262733719479
B23R075,RD,6,20000.0,0.05503754445058173,0.05503754445058173,1.982195711032094,-1.8721206221309306
B23R075,RD,6,30000.0,1.995694328073916,1.995694328073916,1.9956948181623066,1.9956938379855251
B23R075,RD,6,40000.0,2.0088357095146177,2.0088357095146177,2.008835768325285,2.00883565070395
B23R075,RD,6,50000.0,2.0217814672643737,2.0217814672643737,2.021781467264406,2.0217814672643413
B23R075,RD,7,0.0,0.0,0.0,1.9589901937257328,-1.9589846067173575
B23R075,RD,7,0.1,2.9191678939666232e-06,2.9191678939666232e-06,1.9589903193894391,-1.9589844810536512
B23R075,RD,7,0.2,3.044831600110215e-06,3.0448315996300934e-06,1.9589904450531448,-1.9589843553899455
B23R075,RD,7,0.5,3.4218227185409902e-06,3.421822718174816e-06,1.9589908220442633,-1.958983978398827
B23R075,RD,7,1.0,4.0501412492589486e-06,4.050141249156702e-06,1.9589914503627943,-1.958983350080296
B23R075,RD,7,2.0,5.306778310694866e-06,5.306778310343319e-06,1.9589927069998554,-1.9589820934432347
B23R075,RD,7,5.0,9.076689495002618e-06,9.076689494791346e-06,1.95899647691104,-1.9589783235320504
B23R075,RD,7,10.0,1.5359874802182204e-05,1.5359874801945672e-05,1.959002760096347,-1.9589720403467432
B23R075,RD,7,20.0,2.7926245416541378e-05,2.7926245416254325e-05,1.9590153264669614,-1.958959473976129
B23R075,RD,7,50.0,6.56253572596189e-05,6.56253572592913e-05,1.9590530255788043,-1.9589217748642858
B23R075,RD,7,100.0,0.00012845721092524798,0.00012845721092524798,1.9591158574322547,-1.9588589430104042
B23R075,RD,7,200.0,0.00026627511085197675,0.00026627511085197675,1.9592492645362893,-1.9587167143145854
B23R075,RD,7,500.0,0.000665330013139287,0.000665330013139287,1.959647643116962,-1.9583169830906835
B23R075,RD,7,800.0,0.0010715107975094451,0.0010715107975094451,1.960059097252667,-1.9579160756576481
B23R075,RD,7,1000.0,0.0013228382142180806,0.0013228382142180806,1.9603104246681997,-1.9576647482397636
B23R075,RD,7,1500.0,0.001996372300712701,0.001996372300712701,1.9609719319853602,-1.9569791873839348
B23R075,RD,7,2000.0,0.002662388443388508,0.002662388443388508,1.9616320670647889,-1.9563072901780119
B23R075,RD,7,3000.0,0.003995881174055249,0.003995881174055249,1.9629486909506646,-1.954956928602554
B23R075,RD,7,5000.0,0.006670002316180645,0.006670002316180645,1.9655675105155428,-1.9522275058831815
B23R075,RD,7,7500.0,0.010039878174714523,0.010039878174714523,1.9688204512683798,-1.9487406949189507
B23R075,RD,7,10000.0,0.013458498196634583,0.013458498196634583,1.9720548274580743,-1.945137831064805
B23R075,RD,7,15000.0,0.020587527475899647,0.020587527475899647,1.9784826673002924,-1.9373076123484931
B23R075,RD,7,20000.0,0.02874835876555215,0.02874835876555215,1.9848720645485984,-1.9273753470174941
B23R075,RD,7,30000.0,1.013945095573459,1.013945095573459,1.997580678461926,0.03030951268499211
B23R075,RD,7,40000.0,1.0265114661878183,1.0253248182744832,2.0102360491155458,0.04041358743342042
B23R075,RD,7,50000.0,1.0390778368021774,1.0366897934307424,2.0228618968428114,0.05051769001867337
B23R075,RD,8,0.0,0.0,0.0,1.9543290016471955,7.297181837006615e-06
B23R075,RD,8,0.1,0.9771682750782225,0.9771682750782225,1.9543291273109018,7.422845543150206e-06
B23R075,RD,8,0.2,0.9771684007419287,0.9771684007419285,1.9543292529746077,7.548509249293798e-06
B23R075,RD,8,0.5,0.9771687777330471,0.9771687777330409,1.954329629965726,7.925500355691473e-06
B23R075,RD,8,1.0,0.9771694060515778,0.9771692829864402,1.954330258284257,8.307688623409883e-06
B23R075,RD,8,2.0,0.9771706626886392,0.9771704165014158,1.9543315149213183,9.318081513263888e-06
B23R075,RD,8,5.0,0.9771744325998235,0.9771738171603863,1.9543352848325026,1.2349488269910723e-05
B23R075,RD,8,10.0,0.9771807157851307,0.9771794850204469,1.9543415680178098,1.7402023084022697e-05
B23R075,RD,8,20.0,0.9771932821557451,0.9771908202840018,1.954354134388424,2.7506179579506956e-05
B23R075,RD,8,50.0,0.9772309812675881,0.9772248322933991,1.9543918335002672,5.7831086530804646e-05
B23R075,RD,8,100.0,0.97729381312066,0.9772815050454867,1.954454665353339,0.00010834473763453867
B23R075,RD,8,200.0,0.9774194768268035,0.977394865071339,1.9545803290629413,0.00020940107973656784
B23R075,RD,8,500.0,0.9777964679452343,0.9777879820969347,1.9550634341437336,0.0005125300501359036
B23R075,RD,8,800.0,0.9782125383495042,0.9782125383495042,1.9556094077473207,0.0008156689516875604
B23R075,RD,8,1000.0,0.9784638657617915,0.9784392489097323,1.9558607351754793,0.0010177626439854517
B23R075,RD,8,1500.0,0.9790921842925093,0.9790871835129084,1.9566513709842506,0.001522996041566041
B23R075,RD,8,2000.0,0.979731785009544,0.979731785009544,1.9574353416385049,0.0020282283805832108
B23R075,RD,8,3000.0,0.9810112351377536,0.9810112351377536,1.9589837773541556,0.0030386929213515814
B23R075,RD,8,5000.0,0.9835355853569222,0.9835355853569222,1.962011546299735,0.005059624414109434
B23R075,RD,8,7500.0,0.9866771780105119,0.986639247027394,1.9656927067498595,0.0075857873049286016
B23R075,RD,8,10000.0,0.9898187706641017,0.9896971260156646,1.9692822990127277,0.010111953018601672
B23R075,RD,8,15000.0,0.9961019559712814,0.9957128758713468,1.9762614688647504,0.015164282877943271
B23R075,RD,8,20000.0,1.002385141278461,1.001634992234005,1.9830533658500824,0.020216618617927812
B23R075,RD,8,30000.0,1.01495151189282,1.0133091279046138,1.9962969604175336,0.03032129539169393
B23R075,RD,8,40000.0,1.0275178825071793,1.0248540682005471,2.0092821409082733,0.04042599549282101
B23R075,RD,8,50000.0,1.0400842531215384,1.0363278042369153,2.022124921309683,0.05053068716414761
B23R075,TD,1,0.0,0.0,0.0,1.9173565130415327,-1.9173542390311062
B23R075,TD,1,0.1,1.26266891953275e-06,1.26266891953275e-06,1.917356638705239,-1.9173541133674
B23R075,TD,1,0.2,1.3883326256763418e-06,1.3883326254182649e-06,1.9173567643689449,-1.917353987703694
B23R075,TD,1,0.5,1.765323744107117e-06,1.7653237438519653e-06,1.9173571413600632,-1.9173536107125755
B23R075,TD,1,1.0,2.3936422748250754e-06,2.393642274722829e-06,1.9173577696785942,-1.9173529823940447
B23R075,TD,1,2.0,3.650279336260993e-06,3.6502793360204677e-06,1.9173590263156555,-1.9173517257569834
B23R075,TD,1,5.0,7.4201905205687445e-06,7.420190520468495e-06,1.9173627962268398,-1.9173479558457989
B23R075,TD,1,10.0,1.3703375827748331e-05,1.3703375827511799e-05,1.917369079412147,-1.917341672660492
B23R075,TD,1,20.0,2.6269746442107505e-05,2.6269746441820452e-05,1.9173816457827613,-1.9173291062898776
B23R075,TD,1,50.0,0.0006867732655773118,0.0006867732655773118,1.9174193448946044,-1.9160457983634498
B23R075,TD,1,100.0,0.0007496051186491077,0.0007496051186489661,1.917482176747676,-1.915982966510378
B23R075,TD,1,200.0,0.0008752688869408942,0.0008752688869408942,1.9176078405003578,-1.915857302726476
B23R075,TD,1,500.0,0.0031590668551645384,0.0031590668551645384,1.9194126946626004,-1.9130945609522714
B23R075,TD,1,800.0,0.005506811305847625,0.005506811305847625,1.9220172552440018,-1.9110036326323065
B23R075,TD,1,1000.0,0.005758139033301024,0.005758139033301024,1.922268582857277,-1.910752304790675
B23R075,TD,1,1500.0,0.009609729763220831,0.009609729763220831,1.9249524497584756,-1.905732990232034
B23R075,TD,1,2000.0,0.012939122411227855,0.012939122411227855,1.9274725100784724,-1.9015942652560167
B23R075,TD,1,3000.0,0.020044533830786526,0.020044533830786526,1.9321176773737778,-1.8920286097122048
B23R075,TD,1,5000.0,0.037756282990186074,0.037756282990186074,1.9401131393668922,-1.86460057338652
B23R075,TD,1,7500.0,1.0556029634990534,1.0556029634990534,1.9483779992354426,0.1628279277626643
B23R075,TD,1,10000.0,1.9553216371298923,1.9553216371298923,1.9553208155530013,1.9553224587067832
B23R075,TD,1,15000.0,1.9667505676798607,1.9667505676798607,1.9667518909185642,1.966749244441157
B23R075,TD,1,20000.0,1.9762484873346748,1.9762484873346748,1.976248977423231,1.9762479972461187
B23R075,TD,1,30000.0,1.992416273618005,1.992416273618005,1.9924165186622322,1.9924160285737782
B23R075,TD,1,40000.0,2.0068264545170926,2.0068264545170926,2.0068266995613193,2.0068262094728655
B23R075,TD,1,50000.0,2.0204537584562257,2.0204537584562257,2.020453797663415,2.0204537192490357
B23R075,TD,2,0.0,0.0,0.0,1.9598602575598167,-1.9598604928022747
B23R075,TD,2,0.1,1.2566370614359172e-07,8.042477350755917e-09,1.959860383223523,-1.9598603671385684
B23R075,TD,2,0.2,2.5132741228718345e-07,1.337061831252484e-07,1.959860508887229,-1.9598602414748627
B23R075,TD,2,0.5,6.283185307179586e-07,5.106973016699712e-07,1.9598608858783475,-1.9598598644837442
B23R075,TD,2,1.0,1.2566370614359173e-06,1.1390158324298127e-06,1.9598615141968783,-1.9598592361652134
B23R075,TD,2,2.0,2.5132741228718346e-06,2.3956528937274513e-06,1.9598627708339396,-1.959857979528152
B23R075,TD,2,5.0,6.283185307179587e-06,6.165564078286501e-06,1.9598665407451241,-1.9598542096169675
B23R075,TD,2,10.0,1.2566370614359173e-05,1.2448749385218782e-05,1.959872823930431,-1.9598479264316606
B23R075,TD,2,20.0,2.5132741228718347e-05,2.5015119999527435e-05,1.9598853903010454,-1.9598353600610463
B23R075,TD,2,50.0,6.283185307179587e-05,6.271423219683658e-05,1.9599230894128885,-1.9597976609484948
B23R075,TD,2,100.0,0.00013278959226392661,0.00013278959226392661,1.9599859212659603,-1.9597203420814324
B23R075,TD,2,200.0,0.00025845329891027724,0.00025845329891027724,1.960111584972524,-1.9595946783747034
B23R075,TD,2,500.0,0.0006508626010935936,0.0006508626010935936,1.9605014556167184,-1.9591997304145312
B23R075,TD,2,800.0,0.0010461830271480954,0.0010461830271480954,1.9608982463070757,-1.9588058802527795
B23R075,TD,2,1000.0,0.0013023133076548454,0.0013023133076548454,1.9611495737211264,-1.9585449471058167
B23R075,TD,2,1500.0,0.0019542540992489865,0.0019542540992489865,1.9617959275049615,-1.9578874193064635
B23R075,TD,2,2000.0,0.0026067437978712915,0.0026067437978712915,1.962440713010825,-1.9572272254150824
B23R075,TD,2,3000.0,0.0039151341994931865,0.0039151341994931865,1.9637266769640465,-1.95589640856506
B23R075,TD,2,5000.0,0.006562790566969956,0.006562790566969956,1.9662866859185941,-1.9531611047846542
B23R075,TD,2,7500.0,0.009982498617902902,0.009982498617902902,1.9694708182511822,-1.9495058210153764
B23R075,TD,2,10000.0,0.013799589909908039,0.013799589909908039,1.9726437765625064,-1.9450445967426904
B23R075,TD,2,15000.0,1.9789680508932759,1.9789680508932759,1.9789680508932859,1.9789680508932659
B23R075,TD,2,20000.0,1.9852768678196917,1.9852768678196917,1.9852769364320668,1.9852767992073166
B23R075,TD,2,30000.0,1.9978725751343398,1.9978725751343398,1.9978725751343398,1.9978725751343398
B23R075,TD,2,40000.0,2.010454550160869,2.010454550160869,2.010454550160869,2.010454550160869
B23R075,TD,2,50000.0,2.0230307225408186,2.0230307225408186,2.0230307225408186,2.0230307225408186
B23R075,TD,3,0.0,0.0,0.0,1.9498776850481816,-1.9498773909951095
B23R075,TD,3,0.1,2.7269024238663064e-07,2.7269024238663064e-07,1.949877810711888,-1.9498772653314032
B23R075,TD,3,0.2,3.983539485302224e-07,3.9835394827214543e-07,1.9498779363755938,-1.9498771396676973
B23R075,TD,3,0.5,7.753450669609975e-07,7.753450668168682e-07,1.9498783133667124,-1.9498767626765787
B23R075,TD,3,1.0,1.4036635976789562e-06,1.4036635975767098e-06,1.9498789416852431,-1.949876134358048
B23R075,TD,3,2.0,2.6603006591148735e-06,2.6603006588743483e-06,1.9498801983223044,-1.9498748777209867
B23R075,TD,3,5.0,6.430211843433398e-06,6.430211843433398e-06,1.949883968233489,-1.949871107809802
B23R075,TD,3,10.0,1.2713397150612984e-05,1.271339715036568e-05,1.949890251418796,-1.9498648246244952
B23R075,TD,3,20.0,2.5279767764972156e-05,2.5279767764674332e-05,1.9499028177894102,-1.9498522582538809
B23R075,TD,3,50.0,0.0002330885819773476,0.0002330885819773476,1.9499405169012534,-1.9494743397372987
B23R075,TD,3,100.0,0.0002959204350491435,0.0002959204350490019,1.9500033487543251,-1.9494115078842271
B23R075,TD,3,200.0,0.00042158415817028505,0.00042158415817028505,1.9501290124731026,-1.949285844156762
B23R075,TD,3,500.0,0.001319470717671023,0.001319470717671023,1.9508936243879391,-1.948254682952597
B23R075,TD,3,800.0,0.0022348828014460143,0.0022348828014460143,1.951872385268185,-1.947402619665293
B23R075,TD,3,1000.0,0.002649468518138187,0.002649468518138187,1.9521237127337594,-1.946824775697483
B23R075,TD,3,1500.0,0.003999295191218333,0.003999295191218333,1.9532970095651883,-1.9452984191827516
B23R075,TD,3,2000.0,0.005384300661870789,0.005384300661870789,1.9544307858168937,-1.943662184493152
B23R075,TD,3,3000.0,0.008275039639385251,0.008275039639385251,1.956570091747919,-1.9400200124691485
B23R075,TD,3,5000.0,0.015075666065953675,0.015075666065953675,1.9604777654417245,-1.9303264333098171
B23R075,TD,3,7500.0,0.029311067613263186,0.029311067613263186,1.964876670257977,-1.9062545350314506
B23R075,TD,3,10000.0,1.424350512040892,1.424350512040892,1.9689205352637893,0.8797804888179945
B23R075,TD,3,15000.0,1.976387372618949,1.976387372618949,1.976388303786911,1.976386441450987
B23R075,TD,3,20000.0,1.9833863809291246,1.9833863809291246,1.9833866259734358,1.9833861358848135
B23R075,TD,3,30000.0,1.9967374323131974,1.9967374323131974,1.9967375303308739,1.996737334295521
B23R075,TD,3,40000.0,2.0097006764506475,2.0097006764506475,2.0097006764506595,2.0097006764506355
B23R075,TD,3,50000.0,2.0224949381191726,2.0224949381191726,2.0224950361368097,2.022494840101536
B23R075,TD,4,0.0,0.0,0.0,1.9601195535590379,-1.9601199456298013
B23R075,TD,4,0.1,1.2566370614359172e-07,-7.037167537582434e-08,1.9601196792227442,-1.960119819966095
B23R075,TD,4,0.2,2.5132741228718345e-07,5.529203050969045e-08,1.96011980488645,-1.960119694302389
B23R075,TD,4,0.5,6.283185307179586e-07,4.3228314894339093e-07,1.9601201818775684,-1.9601193173112705
B23R075,TD,4,1.0,1.2566370614359173e-06,1.0606016798142548e-06,1.9601208101960994,-1.9601186889927398
B23R075,TD,4,2.0,2.5132741228718346e-06,2.3172387411118933e-06,1.9601220668331607,-1.9601174323556785
B23R075,TD,4,5.0,6.283185307179587e-06,6.08714992555992e-06,1.960125836744345,-1.960113662444494
B23R075,TD,4,10.0,1.2566370614359173e-05,1.2370335232603225e-05,1.9601321199296522,-1.960107379259187
B23R075,TD,4,20.0,2.5132741228718347e-05,2.4936705846911877e-05,1.9601446863002665,-1.9600948128885727
B23R075,TD,4,50.0,6.283185307179587e-05,6.263581770449278e-05,1.9601823854121385,-1.9600571137767295
B23R075,TD,4,100.0,0.00012576172397238405,0.00012576172397238405,1.9602458053714165,-1.9599942819234717
B23R075,TD,4,200.0,0.00025424833959819537,0.00025424833959819537,1.9603733118101565,-1.9598648151309601
B23R075,TD,4,500.0,0.0006350817517261076,0.0006350817517261076,1.960753361080744,-1.9594831975772917
B23R075,TD,4,800.0,0.0010162876310826352,0.0010162876310826352,1.9611340768716004,-1.959101501609435
B23R075,TD,4,1000.0,0.0012705065653874081,0.0012705065653874081,1.9613878547262438,-1.958846841595469
B23R075,TD,4,1500.0,0.0019060293955842633,0.0019060293955842633,1.962021956300081,-1.9582098975089124
B23R075,TD,4,2000.0,0.002541444408792337,0.002541444408792337,1.9626546660242865,-1.9575717772067018
B23R075,TD,4,3000.0,0.0038143131996636326,0.0038143131996636326,1.9639201834880893,-1.956291557088762
B23R075,TD,4,5000.0,0.0063701269973409635,0.0063701269973409635,1.9664468468265794,-1.9537065928318975
B23R075,TD,4,7500.0,0.009611168400337378,0.009611168400337378,1.969600789709549,-1.9503784529088743
B23R075,TD,4,10000.0,0.013031817386598754,0.013031817386598754,1.9727512039543815,-1.946687569181184
B23R075,TD,4,15000.0,1.9790462101972377,1.9790462101972377,1.9790462101972377,1.9790462101972377
B23R075,TD,4,20000.0,1.9853367860363123,1.9853367860363123,1.9853367860363123,1.9853367860363123
B23R075,TD,4,30000.0,1.99791184101975,1.99791184101975,1.9979117822091443,1.997911899830356
B23R075,TD,4,40000.0,2.0104834457773872,2.0104834457773872,2.01048344577738,2.010483445777395
B23R075,TD,4,50000.0,2.023053345027312,2.023053345027312,2.023053345027312,2.023053345027312
B23R075,TD,5,0.0,0.0,0.0,1.9593124758930567,-1.959294950329943
B23R075,TD,5,0.1,8.888445263144362e-06,8.888445263144362e-06,1.959312601556763,-1.9592948246662367
B23R075,TD,5,0.2,9.014108969287953e-06,9.014108969029877e-06,1.959312727220469,-1.9592946990025308
B23R075,TD,5,0.5,9.39110008771873e-06,9.391100087463577e-06,1.9593131042115874,-1.9592943220114125
B23R075,TD,5,1.0,1.0019418618436687e-05,1.0019418618334441e-05,1.9593137325301182,-1.9592936936928815
B23R075,TD,5,2.0,1.1276055679872605e-05,1.127605567963208e-05,1.9593149891671795,-1.9592924370558202
B23R075,TD,5,5.0,1.5045966864180357e-05,1.5045966864080107e-05,1.959318759078364,-1.959288667144636
B23R075,TD,5,10.0,2.1329152171359943e-05,2.132915217112341e-05,1.959325042263671,-1.9592823839593287
B23R075,TD,5,20.0,3.389552278571912e-05,3.3895522785432064e-05,1.9593376086342853,-1.9592698175887144
B23R075,TD,5,50.0,7.159463462879664e-05,7.159463462858007e-05,1.9593753077461284,-1.9592321184768713
B23R075,TD,5,100.0,0.00013442648846029304,0.00013442648846029304,1.9594381395992002,-1.9591692866222796
B23R075,TD,5,200.0,0.0002756358007880433,0.0002756358007880433,1.959563803306441,-1.959012531704865
B23R075,TD,5,500.0,0.0006889620798571361,0.0006889620798571361,1.959974453703115,-1.9585965295434007
B23R075,TD,5,800.0,0.0011131585143269174,0.0011131585143269174,1.9604044919914798,-1.958178174962826
B23R075,TD,5,1000.0,0.0013644859342977211,0.0013644859342977211,1.9606558194084385,-1.957926847539843
B23R075,TD,5,1500.0,0.0020713852390590315,0.0020713852390590315,1.9613319117563808,-1.9571891412782627
B23R075,TD,5,2000.0,0.002765767708335032,0.002765767708335032,1.9620045342915622,-1.9564729988748921
B23R075,TD,5,3000.0,0.004165412578976957,0.004165412578976957,1.963339193431317,-1.955008368273363
B23R075,TD,5,5000.0,0.007046056981045989,0.007046056981045989,1.9659740094822047,-1.9518818955201127
B23R075,TD,5,7500.0,0.011015752098518683,0.011015752098518683,1.969225676005668,-1.9471941718086305
B23R075,TD,5,10000.0,0.016469336760201236,0.016469336760201236,1.9724459768566767,-1.9395073033362742
B23R075,TD,5,15000.0,1.9788326982695414,1.9788326982695414,1.9788327276748587,1.978832668864224
B23R075,TD,5,20000.0,1.9851788795296204,1.9851788795296204,1.9851789775473028,1.985178781511938
B23R075,TD,5,30000.0,1.997815528841318,1.997815528841318,1.997815528841318,1.997815528841318
B23R075,TD,5,40000.0,2.0104180875773676,2.0104180875773676,2.0104180875773676,2.0104180875773676
B23R075,TD,5,50000.0,2.0230059044550903,2.0230059044550903,2.0230059044550903,2.0230059044550903
B23R075,TD,6,0.0,0.0,0.0,1.9515520232422905,-1.9515530034191988
B23R075,TD,6,0.1,1.2566370614359172e-07,-3.6442474782294454e-07,1.9515521489059968,-1.9515528777554925
B23R075,TD,6,0.2,2.5132741228718345e-07,-2.3876104193742975e-07,1.9515522745697027,-1.9515527520917866
B23R075,TD,6,0.5,6.283185307179586e-07,1.3823007649627073e-07,1.9515526515608212,-1.9515523751006683
B23R075,TD,6,1.0,1.2566370614359173e-06,7.665486073671346e-07,1.951553279879352,-1.9515517467821373
B23R075,TD,6,2.0,2.5132741228718346e-06,2.023185668664773e-06,1.9515545365164133,-1.951550490145076
B23R075,TD,6,5.0,6.283185307179587e-06,5.7930968531128e-06,1.9515583064275979,-1.9515467202338916
B23R075,TD,6,10.0,1.2566370614359173e-05,1.2076282160156104e-05,1.9515645896129048,-1.9515404370485845
B23R075,TD,6,20.0,2.5132741228718347e-05,2.4642652774464757e-05,1.951577155983519,-1.9515278706779702
B23R075,TD,6,50.0,6.283185307179587e-05,6.234177315889156e-05,1.9516148550953623,-1.9514901715490445
B23R075,TD,6,100.0,0.00029988034975703126,0.00029988034975703126,1.951677686948434,-1.95107792624892
B23R075,TD,6,200.0,0.0004255440694239665,0.0004255440694239665,1.95180335066534,-1.9509522625264921
B23R075,TD,6,500.0,0.0012174440964531907,0.0012174440964531907,1.9525105438112027,-1.9500756556182963
B23R075,TD,6,800.0,0.0020485119603022017,0.0020485119603022017,1.9533962859104663,-1.949299261989862
B23R075,TD,6,1000.0,0.0024432980966834217,0.0024432980966834217,1.953647613368044,-1.9487610171746772
B23R075,TD,6,1500.0,0.0036842761361413068,0.0036842761361413068,1.9547391242472942,-1.9473705719750116
B23R075,TD,6,2000.0,0.004950317511034363,0.004950317511034363,1.9557932121019295,-1.9458925770798607
B23R075,TD,6,3000.0,0.0076049514769054305,0.0076049514769054305,1.9577951168399736,-1.9425852138861628
B23R075,TD,6,5000.0,0.013775098755426707,0.013775098755426707,1.9614802903913626,-1.9339300928805092
B23R075,TD,6,7500.0,0.026302885100642603,0.026302885100642603,1.965678513781776,-1.9130727435804908
B23R075,TD,6,10000.0,1.4289541275934847,1.4289541275934847,1.9695765088755517,0.8883317463114178
B23R075,TD,6,15000.0,1.9768475656594413,1.9768475656594413,1.9768481047567479,1.9768470265621347
B23R075,TD,6,20000.0,1.9837253751276065,1.9837253751276065,1.9837259632337452,1.9837247870214678
B23R075,TD,6,30000.0,1.996942740158316,1.996942740158316,1.9969428969866154,1.9969425833300165
B23R075,TD,6,40000.0,2.009837705190756,2.009837705190756,2.0098378228119897,2.0098375875695225
B23R075,TD,6,50000.0,2.022592730390908,2.022592730390908,2.022592799003319,2.0225926617784977
B23R075,TD,7,0.0,0.0,0.0,1.9587624790264846,-1.9587436792333905
B23R075,TD,7,0.1,9.525560253353937e-06,9.525560253353937e-06,1.958762604690191,-1.9587435535696842
B23R075,TD,7,0.2,9.651223959497528e-06,9.651223959017408e-06,1.9587627303538966,-1.9587434279059786
B23R075,TD,7,0.5,1.0028215077928304e-05,1.002821507756213e-05,1.9587631073450151,-1.95874305091486
B23R075,TD,7,1.0,1.0656533608646262e-05,1.0656533608432994e-05,1.9587637356635461,-1.9587424225963292
B23R075,TD,7,2.0,1.191317067008218e-05,1.191317066961961e-05,1.9587649923006072,-1.958741165959268
B23R075,TD,7,5.0,1.568308185438993e-05,1.568308185417866e-05,1.9587687622117917,-1.9587373960480834
B23R075,TD,7,10.0,2.196626716156952e-05,2.1966267161332986e-05,1.958775045397099,-1.9587311128627762
B23R075,TD,7,20.0,3.4532637775928695e-05,3.453263777553062e-05,1.9587876117677132,-1.9587185464921621
B23R075,TD,7,50.0,7.223175056980669e-05,7.223175056980669e-05,1.9588253108795561,-1.9586808473784165
B23R075,TD,7,100.0,0.00015452011431238422,0.00015452011431238422,1.958888142732628,-1.9585791025040031
B23R075,TD,7,200.0,0.00028018382272154696,0.00028018382272154696,1.9590138064406188,-1.9584534387951757
B23R075,TD,7,500.0,0.000726679288094223,0.000726679288094223,1.959447471390074,-1.9579941128138856
B23R075,TD,7,800.0,0.0011609421418582455,0.0011609421418582455,1.9598742358943735,-1.957552351610657
B23R075,TD,7,1000.0,0.0014289913810984212,0.0014289913810984212,1.9601590069436563,-1.9573010241814595
B23R075,TD,7,1500.0,0.002181811968931968,0.002181811968931968,1.9608633871940417,-1.9564997632561778
B23R075,TD,7,2000.0,0.002915832801194118,0.002915832801194118,1.9615628665813096,-1.9557312009789214
B23R075,TD,7,3000.0,0.004399919911462824,0.004399919911462824,1.9629431039452798,-1.9541432641223542
B23R075,TD,7,5000.0,0.007497163791378658,0.007497163791378658,1.965651060791882,-1.9506567332091247
B23R075,TD,7,7500.0,0.011961377764259318,0.011961377764259318,1.968969751814173,-1.9450469962856545
B23R075,TD,7,10000.0,0.01894709637235059,0.01894709637235059,1.972238512606398,-1.9343443198616967
B23R075,TD,7,15000.0,1.9786881907936462,1.9786881907936462,1.9786885828643663,1.9786877987229263
B23R075,TD,7,20000.0,1.9850728243834632,1.9850728243834632,1.9850729224011903,1.9850727263657362
B23R075,TD,7,30000.0,1.9977515232924192,1.9977515232924192,1.9977516213100956,1.9977514252747428
B23R075,TD,7,40000.0,2.0103758223464294,2.0103758223464294,2.0103758223464414,2.0103758223464174
B23R075,TD,7,50000.0,2.0229760776649246,2.0229760776649246,2.0229760482596335,2.0229761070702157
B23R075,TD,8,0.0,0.0,0.0,1.9545393084045584,-1.9545378381391967
B23R075,TD,8,0.1,8.607963871698487e-07,8.607963871698487e-07,1.9545394340682647,-1.9545377124754904
B23R075,TD,8,0.2,9.864600933134405e-07,9.864600930553635e-07,1.9545395597319706,-1.9545375868117845
B23R075,TD,8,0.5,1.3634512117442157e-06,1.3634512116000863e-06,1.9545399367230891,-1.954537209820666
B23R075,TD,8,1.0,1.991769742462174e-06,1.991769742359928e-06,1.9545405650416199,-1.9545365815021352
B23R075,TD,8,2.0,3.2484068038980916e-06,3.2484068036575664e-06,1.9545418216786812,-1.9545353248650739
B23R075,TD,8,5.0,7.018317988216616e-06,7.018317988216616e-06,1.9545455915898657,-1.9545315549538893
B23R075,TD,8,10.0,1.3301503295396202e-05,1.3301503295148898e-05,1.9545518747751727,-1.9545252717685824
B23R075,TD,8,20.0,2.5867873909755374e-05,2.586787390945755e-05,1.954564441145787,-1.954512705397968
B23R075,TD,8,50.0,6.35669912346648e-05,6.35669912346648e-05,1.9546021402576301,-1.9544750062751608
B23R075,TD,8,100.0,0.0002385310770903759,0.0002385310770903759,1.954664972110702,-1.9541879099565211
B23R075,TD,8,200.0,0.00036419479204763405,0.00036419479204763405,1.9547906358238152,-1.95406224623972
B23R075,TD,8,500.0,0.0010115971312055771,0.0010115971312055771,1.9553814623566104,-1.9533582680941992
B23R075,TD,8,800.0,0.0016853857931709015,0.0016853857931709015,1.956091066679873,-1.9527202950935312
B23R075,TD,8,1000.0,0.0019367132535200726,0.0019367132535200726,1.956342394121767,-1.9524689676147269
B23R075,TD,8,1500.0,0.003056570845821782,0.003056570845821782,1.9572735088694915,-1.951160367177848
B23R075,TD,8,2000.0,0.004097730182778592,0.004097730182778592,1.9581783157536747,-1.9499828553881176
B23R075,TD,8,3000.0,0.006256963140301108,0.006256963140301108,1.9599207284689075,-1.9474068021883053
B23R075,TD,8,5000.0,0.011115820042054136,0.011115820042054136,1.9632010301752454,-1.9409693900911371
B23R075,TD,8,7500.0,0.019878541045385556,0.019878541045385556,1.9670320008714324,-1.9272749187806613
B23R075,TD,8,10000.0,1.9706682849812993,1.9706682849812993,1.9706685240007618,1.9706680459618369
B23R075,TD,8,15000.0,1.9775990868684978,1.9775990868684978,1.9775995475516257,1.9775986261853697
B23R075,TD,8,20000.0,1.9842738233395922,1.9842738233395922,1.9842741565997566,1.9842734900794279
B23R075,TD,8,30000.0,1.9972697663656498,1.9972697663656498,1.9972701584363726,1.997269374294927
B23R075,TD,8,40000.0,2.0100541086620662,2.0100541086620662,2.0100542262833287,2.0100539910408037
B23R075,TD,8,50000.0,2.0227460987064436,2.0227460987064436,2.0227460987065085,2.022746098706379
B27R090,RD,1,0.0,0.0,0.0,1.9485745594526405,-1.9486433678715762
B27R090,RD,1,0.1,1.2566370614359172e-07,-3.4278545761545764e-05,1.9485746851163468,-1.9486432422078699
B27R090,RD,1,0.2,2.5132741228718345e-07,-3.415288205577127e-05,1.9485748107800527,-1.9486431165441642
B27R090,RD,1,0.5,6.283185307179586e-07,-3.377589093722655e-05,1.9485751877711712,-1.9486427395530457
B27R090,RD,1,1.0,1.2566370614359173e-06,-3.3147572406355685e-05,1.948575816089702,-1.9486421112345147
B27R090,RD,1,2.0,2.5132741228718346e-06,-3.189093534505805e-05,1.9485770727267633,-1.9486408545974534
B27R090,RD,1,5.0,6.283185307179587e-06,-2.812102416061002e-05,1.9485808426379478,-1.948637084686269
B27R090,RD,1,10.0,1.2566370614359173e-05,-2.1837838853566716e-05,1.9485871258232548,-1.948630801500962
B27R090,RD,1,20.0,6.684906575771254e-05,6.684906575771254e-05,1.948599692193869,-1.9484659940623537
B27R090,RD,1,50.0,0.00010454818227279006,0.00010454818227279006,1.9486373913057122,-1.9484282949411666
B27R090,RD,1,100.0,0.00016738004010308227,0.00016738004010308227,1.9487002231621422,-1.948365463081936
B27R090,RD,1,200.0,0.0003903753152040279,0.0003903753152040279,1.9488945776691926,-1.9481138270387846
B27R090,RD,1,500.0,0.0009747522740294334,0.0009747522740294334,1.9494727795127538,-1.947523274964695
B27R090,RD,1,800.0,0.0015600898061328694,0.0015600898061328694,1.950046511748934,-1.9469263321366683
B27R090,RD,1,1000.0,0.0019500044385292181,0.0019500044385292181,1.9504247720764096,-1.9465247631993512
B27R090,RD,1,1500.0,0.0029280892585019647,0.0029280892585019647,1.9513643555516846,-1.9455081770346807
B27R090,RD,1,2000.0,0.003907379809029887,0.003907379809029887,1.9522905891104128,-1.944475829492353
B27R090,RD,1,3000.0,0.00588016350521503,0.00588016350521503,1.954106965975494,-1.9423466389650639
B27R090,RD,1,5000.0,0.009900038041762538,0.009900038041762538,1.9576140806023392,-1.9378140045188141
B27R090,RD,1,7500.0,0.015170859219711064,0.015170859219711064,1.9618007967094213,-1.9314590782699992
B27R090,RD,1,10000.0,0.020899638332527726,0.020899638332527726,1.9658164522246362,-1.9240171755595807
B27R090,RD,1,15000.0,0.035268326261088334,0.035268326261088334,1.9734617896349838,-1.902925137112807
B27R090,RD,1,20000.0,0.06464337549929977,0.06464337549929977,1.9807468134898325,-1.851460062491233
B27R090,RD,1,30000.0,1.994657202925814,1.994657202925814,1.9946573989611869,1.994657006890441
B27R090,RD,1,40000.0,2.0080588212654553,2.0080588212654553,2.00805895849023,2.0080586840406807
B27R090,RD,1,50000.0,2.0211788348017743,2.0211788348017743,2.0211789524230137,2.0211787171805344
B27R090,RD,2,0.0,0.0,0.0,1.9529666733664155,-1.9529654383435116
B27R090,RD,2,0.1,7.43175158302023e-07,7.43175158302023e-07,1.9529667990301218,-1.9529653126798052
B27R090,RD,2,0.2,8.688388644456147e-07,8.688388640765154e-07,1.9529669246938275,-1.9529651870160993
B27R090,RD,2,0.5,1.24582998287639e-06,1.245829982510216e-06,1.952967301684946,-1.952964810024981
B27R090,RD,2,1.0,1.8741485135943485e-06,1.8741485133810798e-06,1.9529679300034768,-1.95296418170645
B27R090,RD,2,2.0,3.130785575030266e-06,3.1307855746787183e-06,1.952969186640538,-1.9529629250693887
B27R090,RD,2,5.0,6.9006967593380174e-06,6.900696759126745e-06,1.9529729565517226,-1.9529591551582044
B27R090,RD,2,10.0,1.3183882066517604e-05,1.318388206617005e-05,1.9529792397370296,-1.9529528719728972
B27R090,RD,2,20.0,6.653541131584895e-05,6.653541131584895e-05,1.9530733764249146,-1.952940305602283
B27R090,RD,2,50.0,0.0001042345256622168,0.0001042345256622168,1.9531110755417642,-1.9529026064904398
B27R090,RD,2,100.0,0.000167066380928782,0.000167066380928782,1.953173907394836,-1.9528397746329784
B27R090,RD,2,200.0,0.0003376221914750399,0.0003376221914750399,1.9532995711050511,-1.952624326722101
B27R090,RD,2,500.0,0.000843918253961573,0.000843918253961573,1.9538014759745135,-1.9521136394665903
B27R090,RD,2,800.0,0.00135072399929137,0.00135072399929137,1.9543006755554495,-1.9515992275568668
B27R090,RD,2,1000.0,0.0016418956208701374,0.0016418956208701374,1.954631691353619,-1.9513479001118788
B27R090,RD,2,1500.0,0.0025338327019052143,0.0025338327019052143,1.9554528106608655,-1.950385145257055
B27R090,RD,2,2000.0,0.003381710906805946,0.003381710906805946,1.9562671668050913,-1.9495037449914794
B27R090,RD,2,3000.0,0.005083407083061764,0.005083407083061764,1.957871296170663,-1.9477044820045395
B27R090,RD,2,5000.0,0.0085365139660869,0.0085365139660869,1.9610021601161511,-1.9439291321839773
B27R090,RD,2,7500.0,0.01300401154471098,0.01300401154471098,1.9647925318798005,-1.9387845087903786
B27R090,RD,2,10000.0,0.017755858245062983,0.017755858245062983,1.9684753585600685,-1.9329636420699425
B27R090,RD,2,15000.0,0.029033987900888847,0.029033987900888847,1.975602201892872,-1.9175342260910944
B27R090,RD,2,20000.0,0.04783050031398861,0.04783050031398861,1.982505839015602,-1.8868448383876248
B27R090,RD,2,30000.0,1.9959029685219245,1.9959029685219245,1.9959032037643623,1.9959027332794868
B27R090,RD,2,40000.0,2.00898563738166,2.00898563738166,2.0089857353993676,2.008985539363952
B27R090,RD,2,50000.0,2.021894520889263,2.021894520889263,2.0218945208893166,2.0218945208892087
B27R090,RD,3,0.0,0.0,0.0,1.955080072004658,-1.9550194970717487
B27R090,RD,3,0.1,3.041313016094449e-05,3.041313016094449e-05,1.9550801976683643,-1.9550193714080424
B27R090,RD,3,0.2,3.053879386708808e-05,3.0538793866830005e-05,1.9550803233320702,-1.9550192457443365
B27R090,RD,3,0.5,3.091578498551886e-05,3.091578498537473e-05,1.9550807003231887,-1.955018868753218
B27R090,RD,3,1.0,3.1544103516236817e-05,3.154410351613457e-05,1.9550813286417195,-1.9550182404346872
B27R090,RD,3,2.0,3.280074057767273e-05,3.280074057743221e-05,1.9550825852787808,-1.955016983797626
B27R090,RD,3,5.0,3.657065176199126e-05,3.657065176199126e-05,1.9550863551899653,-1.9550132138864413
B27R090,RD,3,10.0,4.2853837069170846e-05,4.285383706892354e-05,1.9550926383752723,-1.9550069307011344
B27R090,RD,3,20.0,5.5420207683530016e-05,5.542020768323219e-05,1.9551052047458866,-1.95499436433052
B27R090,RD,3,50.0,9.311931952660754e-05,9.31193195263802e-05,1.9551429038577297,-1.954956665218677
B27R090,RD,3,100.0,0.0001559511725984034,0.0001559511725981455,1.9552057357108015,-1.9548938333656052
B27R090,RD,3,200.0,0.00028161488284528247,0.00028161488284528247,1.9553313994199126,-1.954768169654222
B27R090,RD,3,500.0,0.0007844999291499732,0.0007844999291499732,1.9557994293783814,-1.9542304295200814
B27R090,RD,3,800.0,0.0012832878202347908,0.0012832878202347908,1.9563212122178524,-1.9537546365773828
B27R090,RD,3,1000.0,0.0015346152511629407,0.0015346152511629407,1.956572539643749,-1.9535033091414231
B27R090,RD,3,1500.0,0.0023535781694500324,0.0023535781694500324,1.9573400432800443,-1.9526328869411442
B27R090,RD,3,2000.0,0.0031402933223803053,0.0031402933223803053,1.9581026460734008,-1.9518220594286402
B27R090,RD,3,3000.0,0.004719212542454998,0.004719212542454998,1.9596100123783302,-1.9501715872934202
B27R090,RD,3,5000.0,0.007912964633923103,0.007912964633923103,1.9625693453770214,-1.9467434161091752
B27R090,RD,3,7500.0,0.012014405339507928,0.012014405339507928,1.9661764436583813,-1.9421476329793654
B27R090,RD,3,10000.0,0.016326819177872265,0.016326819177872265,1.9697071665024615,-1.937053528146717
B27R090,RD,3,15000.0,0.026247030762195145,0.026247030762195145,1.9765961796656923,-1.924102118141302
B27R090,RD,3,20000.0,0.0414103812201716,0.0414103812201716,1.9833227968865452,-1.900502034446202
B27R090,RD,3,30000.0,1.9964834194633827,1.9964834194633827,1.9964835664899057,1.9964832724368595
B27R090,RD,3,40000.0,2.009418522729388,2.009418522729388,2.0094185815400136,2.0094184639187627
B27R090,RD,3,50000.0,2.0222294081856518,2.0222294081856518,2.022229408185684,2.0222294081856194
B27R090,RD,4,0.0,0.0,0.0,1.9585157881022994,-1.9585155920669175
B27R090,RD,4,0.1,2.2368139729334047e-07,2.2368139729334047e-07,1.9585159137660058,-1.9585154664032112
B27R090,RD,4,0.2,3.493451034369322e-07,3.4934510306783295e-07,1.9585160394297116,-1.9585153407395055
B27R090,RD,4,0.5,7.263362218677074e-07,7.263362215015334e-07,1.95851641642083,-1.958514963748387
B27R090,RD,4,1.0,1.354654752585666e-06,1.3546547524834196e-06,1.958517044739361,-1.958514335429856
B27R090,RD,4,2.0,2.6112918140215833e-06,2.611291813670036e-06,1.9585183013764222,-1.958513078792795
B27R090,RD,4,5.0,6.381202998329336e-06,6.381202998118063e-06,1.9585220712876066,-1.9585093088816103
B27R090,RD,4,10.0,1.2664388305508922e-05,1.266438830527239e-05,1.9585283544729137,-1.9585030256963032
B27R090,RD,4,20.0,2.5230758919868095e-05,2.523075891947002e-05,1.958540920843528,-1.958490459325689
B27R090,RD,4,50.0,6.292987076294561e-05,6.292987076261802e-05,1.9585786199553712,-1.958452760213846
B27R090,RD,4,100.0,0.00012576172481248982,0.00012576172481248982,1.9586414518088906,-1.9583899283592656
B27R090,RD,4,200.0,0.00027143084167779996,0.00027143084167779996,1.958776270367905,-1.9582334086845494
B27R090,RD,4,500.0,0.0006793857509060919,0.0006793857509060919,1.9591839018193984,-1.9578251303175862
B27R090,RD,4,800.0,0.001096701346255169,0.001096701346255169,1.9596090000165503,-1.95741559732404
B27R090,RD,4,1000.0,0.0013593400028881764,0.0013593400028881764,1.9598603274332962,-1.9571416474275198
B27R090,RD,4,1500.0,0.002039206031509755,0.002039206031509755,1.9605342437887427,-1.9564558317257232
B27R090,RD,4,2000.0,0.002720052253678884,0.002720052253678884,1.96120686632433,-1.9557667618169723
B27R090,RD,4,3000.0,0.004082156347595678,0.004082156347595678,1.962545955864117,-1.9543816431689256
B27R090,RD,4,5000.0,0.006819038212712014,0.006819038212712014,1.9652058644420793,-1.9515677880166553
B27R090,RD,4,7500.0,0.010276100808434552,0.010276100808434552,1.9685014232878577,-1.9479492216709886
B27R090,RD,4,10000.0,0.013800736752790144,0.013800736752790144,1.9717713602919384,-1.9441698867863582
B27R090,RD,4,15000.0,0.02125593962355965,0.02125593962355965,1.978254462518519,-1.9357425832713997
B27R090,RD,4,20000.0,0.030158872452030083,0.030158872452030083,1.984684282251617,-1.924366537347557
B27R090,RD,4,30000.0,1.9974476684604712,1.9974476684604712,1.9974476684604812,1.997447668460461
B27R090,RD,4,40000.0,2.0101367865959388,2.0101367865959388,2.0101368552083136,2.0101367179835634
B27R090,RD,4,50000.0,2.022785031357344,2.022785031357344,2.0227851685820735,2.0227848941326148
B27R090,RD,5,0.0,0.0,0.0,1.9600317297080885,-1.9600317297080885
B27R090,RD,5,0.1,1.25663706329604e-07,1.25663706329604e-07,1.9600318553717948,-1.9600316040443821
B27R090,RD,5,0.2,2.5132741247319575e-07,2.513274122151188e-07,1.9600319810355007,-1.9600314783806763
B27R090,RD,5,0.5,6.283185309039709e-07,6.283185306488193e-07,1.9600323580266192,-1.960031101389558
B27R090,RD,5,1.0,1.2566370616219295e-06,1.2566370615196831e-06,1.96003298634515,-1.960030473071027
B27R090,RD,5,2.0,2.513274123057847e-06,2.5132741228173217e-06,1.9600342429822113,-1.9600292164339657
B27R090,RD,5,5.0,6.283185307365599e-06,6.283185307265349e-06,1.9600380128933959,-1.9600254465227813
B27R090,RD,5,10.0,1.2566370614545185e-05,1.2566370614308653e-05,1.9600442960787028,-1.9600191633374742
B27R090,RD,5,20.0,2.513274122890436e-05,2.5132741228617306e-05,1.960056862449317,-1.9600065969668599
B27R090,RD,5,50.0,6.283185308619821e-05,6.283185308619821e-05,1.960094561561189,-1.9599688978550167
B27R090,RD,5,100.0,0.00012595775931922848,0.00012595775931922848,1.9601579815204435,-1.959906066001805
B27R090,RD,5,200.0,0.000253738647592483,0.000253738647592483,1.9602850174742972,-1.9597775401791122
B27R090,RD,5,500.0,0.0006341505835922856,0.0006341505835922856,1.9606652431766753,-1.9593969420094908
B27R090,RD,5,800.0,0.0010144841054744447,0.0010144841054744447,1.9610453904649294,-1.9590164222539805
B27R090,RD,5,1000.0,0.0012682031495053758,0.0012682031495053758,1.9612989526806286,-1.9587625463816178
B27R090,RD,5,1500.0,0.0019022067056624348,0.0019022067056624348,1.9619323681307057,-1.9581279547193808
B27R090,RD,5,2000.0,0.002536504316739463,0.002536504316739463,1.9625655875469463,-1.9574925789134674
B27R090,RD,5,3000.0,0.0038049035007653442,0.0038049035007653442,1.9638316343063345,-1.9562218273048038
B27R090,RD,5,5000.0,0.006343358366626806,0.006343358366626806,1.9663614734177826,-1.953674756684529
B27R090,RD,5,7500.0,0.009520413821232032,0.009520413821232032,1.969520474013651,-1.9504796463711869
B27R090,RD,5,10000.0,0.012704967623865193,0.012704967623865193,1.972676710508665,-1.9472667752609347
B27R090,RD,5,15000.0,0.019118683137009485,0.019118683137009485,1.978982773149175,-1.940745406875156
B27R090,RD,5,20000.0,0.025687295882875327,0.025687295882875327,1.9852830135299573,-1.9339084217642066
B27R090,RD,5,30000.0,1.9978726045395392,1.9978726045395392,1.997872633944842,1.9978725751342363
B27R090,RD,5,40000.0,2.0104538444335858,2.0104538444335858,2.0104538444335893,2.010453844433582
B27R090,RD,5,50000.0,2.0230306637298474,2.0230306637298474,2.0230307225404296,2.0230306049192657
B27R090,RD,6,0.0,0.0,0.0,1.959010777440799,-1.959010777440799
B27R090,RD,6,0.1,1.25663706329604e-07,1.25663706329604e-07,1.9590109031045053,-1.9590106517770927
B27R090,RD,6,0.2,2.5132741247319575e-07,2.513274121040965e-07,1.959011028768211,-1.9590105261133868
B27R090,RD,6,0.5,6.283185309039709e-07,6.283185306488193e-07,1.9590114057593295,-1.9590101491222682
B27R090,RD,6,1.0,1.2566370616219295e-06,1.2566370615196831e-06,1.9590120340778605,-1.9590095208037375
B27R090,RD,6,2.0,2.513274123057847e-06,2.5132741227062994e-06,1.9590132907149216,-1.9590082641666762
B27R090,RD,6,5.0,6.283185307365599e-06,6.283185307265349e-06,1.9590170606261061,-1.9590044942554916
B27R090,RD,6,10.0,1.2566370614545185e-05,1.2566370614308653e-05,1.9590233438114133,-1.9589982110701847
B27R090,RD,6,20.0,2.513274122890436e-05,2.5132741228506283e-05,1.9590359101820274,-1.9589856446995704
B27R090,RD,6,50.0,6.283185307198188e-05,6.283185307165429e-05,1.9590736092938705,-1.9589479455877272
B27R090,RD,6,100.0,0.00012566370685740402,0.00012566370685740402,1.9591364411473065,-1.9588851137335916
B27R090,RD,6,200.0,0.0002659320489236672,0.0002659320489236672,1.959269554198281,-1.9587376901004336
B27R090,RD,6,500.0,0.0006646536904730826,0.0006646536904730826,1.9596678543636517,-1.9583385469827055
B27R090,RD,6,800.0,0.001063473349674715,0.001063473349674715,1.9600651743520496,-1.9579382276527002
B27R090,RD,6,1000.0,0.0013291701562641034,0.0013291701562641034,1.9603295577214672,-1.957671217408939
B27R090,RD,6,1500.0,0.0019947354053758692,0.0019947354053758692,1.9609913198845956,-1.957001849073844
B27R090,RD,6,2000.0,0.0026599085956224844,0.0026599085956224844,1.9616506904259128,-1.9563308732346678
B27R090,RD,6,3000.0,0.003991470377909145,0.003991470377909145,1.9629660204783521,-1.9549830797225338
B27R090,RD,6,5000.0,0.006663787994651171,0.006663787994651171,1.9655835070027294,-1.952255931013427
B27R090,RD,6,7500.0,0.010029478497773803,0.010029478497773803,1.9688342913663464,-1.9487753343707988
B27R090,RD,6,10000.0,0.013443070212721064,0.013443070212721064,1.9720669816519394,-1.9451808412264973
B27R090,RD,6,15000.0,0.02055778890354354,0.02055778890354354,1.9784922534301932,-1.9373766756231061
B27R090,RD,6,20000.0,0.02868473548661854,0.02868473548661854,1.9848798863605401,-1.927510415387303
B27R090,RD,6,30000.0,1.9975864811089852,1.9975864811089852,1.9975864811089852,1.9975864811089852
B27R090,RD,6,40000.0,2.0102402442729095,2.0102402442729095,2.0102402442729095,2.0102402442729095
B27R090,RD,6,50000.0,2.0228652098412465,2.0228652098412465,2.0228652686518287,2.0228651510306643
B27R090,RD,7,0.0,0.0,0.0,1.9517917745139681,-1.9518658758882066
B27R090,RD,7,0.1,1.2566370614359172e-07,-3.692502341290371e-05,1.9517919001776745,-1.9518657502245003
B27R090,RD,7,0.2,2.5132741228718345e-07,-3.679935970724024e-05,1.9517920258413801,-1.9518656245607946
B27R090,RD,7,0.5,6.283185307179586e-07,-3.642236858869552e-05,1.9517924028324987,-1.951865247569676
B27R090,RD,7,1.0,1.2566370614359173e-06,-3.579405005771363e-05,1.9517930311510296,-1.951864619251145
B27R090,RD,7,2.0,2.5132741228718346e-06,-3.453741299652702e-05,1.9517942877880907,-1.9518633626140838
B27R090,RD,7,5.0,6.283185307179587e-06,-3.076750181207899e-05,1.9517980576992753,-1.9518595927028994
B27R090,RD,7,10.0,1.2566370614359173e-05,-2.4484316504924664e-05,1.9518043408845824,-1.9518533095175923
B27R090,RD,7,20.0,2.5132741228718347e-05,-1.1917945890727033e-05,1.9518169072551965,-1.951840743146978
B27R090,RD,7,50.0,6.283185307179587e-05,2.578117020923809e-05,1.9518546063682636,-1.951803044027845
B27R090,RD,7,100.0,0.00017568213616370176,0.00017568213616370176,1.9519424719407292,-1.9515911076684018
B27R090,RD,7,200.0,0.00035061933800806244,0.00035061933800806244,1.9521170072699237,-1.9514157685939075
B27R090,RD,7,500.0,0.0008794398667792969,0.0008794398667792969,1.9526416130373048,-1.9508827333037462
B27R090,RD,7,800.0,0.0014067999216216265,0.0014067999216216265,1.9531588674782696,-1.9503452676350264
B27R090,RD,7,1000.0,0.00170527386396091,0.00170527386396091,1.9535044879126162,-1.9500939401846944
B27R090,RD,7,1500.0,0.00264041713833274,0.00264041713833274,1.9543573649481774,-1.9490765306715119
B27R090,RD,7,2000.0,0.003522297687854725,0.003522297687854725,1.955200342264087,-1.9481557468883774
B27R090,RD,7,3000.0,0.005297075852314648,0.005297075852314648,1.9568614983199506,-1.9462673466153213
B27R090,RD,7,5000.0,0.008902080740054719,0.008902080740054719,1.9600926735631254,-1.942288512083016
B27R090,RD,7,7500.0,0.013585031007728454,0.013585031007728454,1.9639901590616398,-1.9368200970461829
B27R090,RD,7,10000.0,0.018597144053182357,0.018597144053182357,1.967762103416774,-1.9305678153104093
B27R090,RD,7,15000.0,0.030693231733270543,0.030693231733270543,1.9750276222044116,-1.9136411587378706
B27R090,RD,7,20000.0,0.05196237695518724,0.05196237695518724,1.982033276112233,-1.8781085222018585
B27R090,RD,7,30000.0,1.9955680812920946,1.9955680812920946,1.9955680812920946,1.9955680812920946
B27R090,RD,7,40000.0,2.008736182348107,2.008736182348107,2.008736182348107,2.008736182348107
B27R090,RD,7,50000.0,2.0217015828355485,2.0217015828355485,2.021701680853185,2.021701484817912
B27R090,RD,8,0.0,0.0,0.0,1.9294080625739434,-1.9294078665385619
B27R090,RD,8,0.1,2.2368139707129586e-07,2.2368139707129586e-07,1.9294081882376497,-1.9294077408748556
B27R090,RD,8,0.2,3.493451032148876e-07,3.4934510295681065e-07,1.9294083139013556,-1.9294076152111497
B27R090,RD,8,0.5,7.263362216456628e-07,7.263362213905111e-07,1.9294086908924741,-1.9294072382200314
B27R090,RD,8,1.0,1.3546547523636214e-06,1.354654752261375e-06,1.929409319211005,-1.9294066099015004
B27R090,RD,8,2.0,2.6112918137995387e-06,2.6112918135590135e-06,1.9294105758480662,-1.929405353264439
B27R090,RD,8,5.0,6.381202998118063e-06,6.381202998118063e-06,1.9294143457592507,-1.9294015833532545
B27R090,RD,8,10.0,1.266438830529765e-05,1.2664388305050345e-05,1.9294206289445577,-1.9293953001679476
B27R090,RD,8,20.0,2.523075891965682e-05,2.5230758919358998e-05,1.929433195315172,-1.9293827337973333
B27R090,RD,8,50.0,0.000589480905697215,0.000589480905697215,1.9294708944270151,-1.9282919326156207
B27R090,RD,8,100.0,0.0006523127587690109,0.0006523127587689803,1.929533726280087,-1.928229100762549
B27R090,RD,8,200.0,0.0007779765170657926,0.0007779765170657926,1.929659390024982,-1.9281034369908505
B27R090,RD,8,500.0,0.0027551065195117186,0.0027551065195117186,1.9312253358434466,-1.9257151228044231
B27R090,RD,8,800.0,0.004776501095294705,0.004776501095294705,1.9334368259132624,-1.923883823722673
B27R090,RD,8,1000.0,0.005027828774433307,0.005027828774433307,1.9336881534898003,-1.9236324959409337
B27R090,RD,8,1500.0,0.008385292776017628,0.008385292776017628,1.9359962990200839,-1.9192257134680486
B27R090,RD,8,2000.0,0.011331044099460397,0.011331044099460397,1.9381515374225462,-1.9154894492236254
B27R090,RD,8,3000.0,0.01765270609807723,0.01765270609807723,1.9421041705514224,-1.906798758355268
B27R090,RD,8,5000.0,0.034112318552932064,0.034112318552932064,1.9488588462877858,-1.8806342091819217
B27R090,RD,8,7500.0,1.3987057797234281,1.3987057797234281,1.9558168754625773,0.8415946839842787
B27R090,RD,8,10000.0,1.5102045315945243,1.5102045315945243,1.961691671532512,1.0587173916565367
B27R090,RD,8,15000.0,1.971517638305826,1.971517638305826,1.9715190987693842,1.9715161778422676
B27R090,RD,8,20000.0,1.979909889301089,1.979909889301089,1.9799111145222528,1.9799086640799253
B27R090,RD,8,30000.0,1.9947346369416143,1.9947346369416143,1.994735225047802,1.9947340488354266
B27R090,RD,8,40000.0,2.0084094893224926,2.0084094893224926,2.0084103714816735,2.008408607163312
B27R090,RD,8,50000.0,2.021595978453597,2.021595978453597,2.0215963313175753,2.0215956255896184
B27R090,TD,1,0.0,0.0,0.0,1.9463944303705067,-1.946398449095829
B27R090,TD,1,0.1,1.2566370614359172e-07,-1.8836989548187688e-06,1.946394556034213,-1.9463983234321227
B27R090,TD,1,0.2,2.5132741228718345e-07,-1.7580352490442763e-06,1.9463946816979187,-1.9463981977684168
B27R090,TD,1,0.5,6.283185307179586e-07,-1.3810441304995535e-06,1.9463950586890373,-1.9463978207772983
B27R090,TD,1,1.0,1.2566370614359173e-06,-7.527256054018494e-07,1.9463956870075567,-1.9463971924587675
B27R090,TD,1,2.0,2.5132741228718346e-06,3.8629045739924095e-07,1.946396708402621,-1.9463959358217062
B27R090,TD,1,5.0,1.105664649592164e-05,1.105664649592164e-05,1.9464142792035135,-1.9463921659105217
B27R090,TD,1,10.0,2.0799856428443952e-05,2.0799856428443952e-05,1.9464274824380716,-1.9463858827252147
B27R090,TD,1,20.0,4.672603769007022e-05,4.672603769007022e-05,1.9464667684299806,-1.9463733163546004
B27R090,TD,1,50.0,0.00010639091702380199,0.00010639091702380199,1.9465483990768049,-1.9463356172427573
B27R090,TD,1,100.0,0.0002134875612478382,0.0002134875612478382,1.9466997605121812,-1.9462727853896855
B27R090,TD,1,200.0,0.0004241326243692445,0.0004241326243692445,1.9469953869020393,-1.9461471216533008
B27R090,TD,1,500.0,0.001513418322187987,0.001513418322187987,1.9478691316993255,-1.9448422950549495
B27R090,TD,1,800.0,0.0024257232839265397,0.0024257232839265397,1.948713863258796,-1.9438624166909428
B27R090,TD,1,1000.0,0.003037226522418668,0.003037226522418668,1.9492653208501793,-1.943190867805342
B27R090,TD,1,1500.0,0.004586558381338368,0.004586558381338368,1.9505950538988626,-1.9414219371361858
B27R090,TD,1,2000.0,0.0061687068787923405,0.0061687068787923405,1.951866760671815,-1.9395293469142303
B27R090,TD,1,3000.0,0.009497379091936708,0.009497379091936708,1.9542598147895835,-1.9352650566057101
B27R090,TD,1,5000.0,0.01742367980730264,0.01742367980730264,1.9585738698007724,-1.9237265101861671
B27R090,TD,1,7500.0,0.03484957679516232,0.03484957679516232,1.9633459867868324,-1.8936468331965077
B27R090,TD,1,10000.0,1.4201234709189328,1.4201234709189328,1.9676707508610953,0.8725761909767702
B27R090,TD,1,15000.0,1.9755074188336044,1.9755074188336044,1.975507124780647,1.9755077128865617
B27R090,TD,1,20000.0,1.9827364746020897,1.9827364746020897,1.9827369646904471,1.982735984513732
B27R090,TD,1,30000.0,1.996343460025928,1.996343460025928,1.9963436952684375,1.9963432247834183
B27R090,TD,1,40000.0,2.009436930432279,2.009436930432279,2.0094375185383804,2.0094363423261776
B27R090,TD,1,50000.0,2.0223070381641084,2.0223070381641084,2.0223070381644326,2.022307038163784
B27R090,TD,2,0.0,0.0,0.0,1.9519308420136636,1.8228120595192072e-06
B27R090,TD,2,0.1,0.9759664580765678,0.9759664580765678,1.95193096767737,1.9484757656627988e-06
B27R090,TD,2,0.2,0.975966583740274,0.9759665837402718,1.9519310933410758,2.0741394678232532e-06
B27R090,TD,2,0.5,0.9759669607313924,0.9759668996267689,1.9519314703321944,2.328921343247044e-06
B27R090,TD,2,1.0,0.9759675890499231,0.9759674668977224,1.9519320986507251,2.83514471957254e-06
B27R090,TD,2,2.0,0.9759688456869845,0.9759686014966756,1.9519333552877864,3.847705564793306e-06
B27R090,TD,2,5.0,0.9759726155981688,0.975972005036876,1.951937125198971,6.884874780999253e-06
B27R090,TD,2,10.0,0.975978898783476,0.9759776776038439,1.951943408384278,1.194682340988722e-05
B27R090,TD,2,20.0,0.9759914651540904,0.9759890217821076,1.9519559747548922,2.2068809322810025e-05
B27R090,TD,2,50.0,0.9760291642659334,0.976023052961514,1.9519936738667354,5.24320562927567e-05
B27R090,TD,2,100.0,0.9760919961190053,0.9760797843219094,1.9520565057198072,0.0001030629240116701
B27R090,TD,2,200.0,0.9762176598251489,0.9761932362646503,1.9521821694358967,0.00020430309340388922
B27R090,TD,2,500.0,0.9766861925314769,0.9766861925314769,1.9528643092581481,0.0005080758048057394
B27R090,TD,2,800.0,0.9772645330923527,0.9772645330923527,1.9537173918655009,0.0008116743192045904
B27R090,TD,2,1000.0,0.97751586050464,0.9774914766048158,1.9539687193200423,0.0010142338895894097
B27R090,TD,2,1500.0,0.9782748018825469,0.9782748018825469,1.9550291781982736,0.0015204255668201305
B27R090,TD,2,2000.0,0.9790426067079957,0.9790426067079957,1.9560585851936245,0.0020266282223668193
B27R090,TD,2,3000.0,0.9805274898695,0.9805274898695,1.9580159506952532,0.0030390290437467705
B27R090,TD,2,5000.0,0.9833515543868956,0.9833515543868956,1.9616392750881113,0.005063833685679763
B27R090,TD,2,7500.0,0.9866892142280379,0.9866892142280379,1.9657835887469781,0.00759483970909768
B27R090,TD,2,10000.0,0.9898873946072061,0.9898873946072061,1.9696489439530533,0.010125845261358898
B27R090,TD,2,15000.0,0.9961705799143857,0.996035918857836,1.976883979229249,0.01518785848642304
B27R090,TD,2,20000.0,1.0024537652215653,1.0019979164517439,1.983745958844616,0.020249874058871492
B27R090,TD,2,30000.0,1.0150201358359245,1.013661678419419,1.9969494445677107,0.0303739122711271
B27R090,TD,2,40000.0,1.0275865064502836,1.025168954937724,2.009839939994655,0.040497969880793384
B27R090,TD,2,50000.0,1.0401528770646429,1.0366075490982352,2.0225930538503416,0.05062204434612862
B27R090,TD,3,0.0,0.0,0.0,1.9551258854733342,-1.9551256502308767
B27R090,TD,3,0.1,2.4328493508640747e-07,2.4328493508640747e-07,1.9551260111370405,-1.9551255245671704
B27R090,TD,3,0.2,3.689486412299992e-07,3.6894864097192226e-07,1.9551261368007464,-1.9551253989034645
B27R090,TD,3,0.5,7.459397596607744e-07,7.45939759516645e-07,1.955126513791865,-1.955125021912346
B27R090,TD,3,1.0,1.374258290378733e-06,1.3742582902764866e-06,1.9551271421103957,-1.9551243935938152
B27R090,TD,3,2.0,2.6308953518146503e-06,2.630895351574125e-06,1.955128398747457,-1.9551231369567539
B27R090,TD,3,5.0,6.4008065361331745e-06,6.4008065361331745e-06,1.9551321686586416,-1.9551193670455693
B27R090,TD,3,10.0,1.2683991843312761e-05,1.2683991843065456e-05,1.9551384518439485,-1.9551130838602624
B27R090,TD,3,20.0,2.5250362457671933e-05,2.525036245737411e-05,1.9551510182145628,-1.955100517489648
B27R090,TD,3,50.0,0.00014263785691459585,0.00014263785691459585,1.955188717326406,-1.9549034416125768
B27R090,TD,3,100.0,0.00020546970998639173,0.00020546970998636116,1.9552515491794777,-1.954840609759505
B27R090,TD,3,200.0,0.0003311334244214814,0.0003311334244214814,1.9553772128916933,-1.9547149460428503
B27R090,TD,3,500.0,0.0009625196704101668,0.0009625196704101668,1.9559404964509126,-1.9540154571100923
B27R090,TD,3,800.0,0.0015992968708991029,0.0015992968708991029,1.9566088549332503,-1.9534102611914521
B27R090,TD,3,1000.0,0.0019301460538215798,0.0019301460538215798,1.9568601823709297,-1.9529998902632866
B27R090,TD,3,1500.0,0.002902575253659556,0.002902575253659556,1.9577481889429975,-1.9519430384356784
B27R090,TD,3,2000.0,0.0038953236392893498,0.0038953236392893498,1.9586276288425148,-1.9508369815639361
B27R090,TD,3,3000.0,0.005931789439508006,0.005931789439508006,1.9603112309461317,-1.9484476520671157
B27R090,TD,3,5000.0,0.010445114402032551,0.010445114402032551,1.9635053359012613,-1.9426151070971962
B27R090,TD,3,7500.0,0.0181693281698615,0.0181693281698615,1.967261303458208,-1.930922647118485
B27R090,TD,3,10000.0,1.3264703899235695,1.3264703899235695,1.9708475631209326,0.6820932167262062
B27R090,TD,3,15000.0,1.9777150123861675,1.9777150123861675,1.9777147575402418,1.977715267232093
B27R090,TD,3,20000.0,1.9843540900309589,1.9843540900309589,1.9843543154715888,1.984353864590329
B27R090,TD,3,30000.0,1.9973143056018556,1.9973143056018556,1.9973143448089408,1.9973142663947707
B27R090,TD,3,40000.0,2.010081671238801,2.010081671238801,2.0100817692564843,2.0100815732211172
B27R090,TD,3,50000.0,2.022764682865567,2.022764682865567,2.022764780883258,2.022764584847877
B27R090,TD,4,0.0,0.0,0.0,1.9582447495837212,-1.958218990534581
B27R090,TD,4,0.1,1.3005188276404844e-05,1.3005188276404844e-05,1.9582448752474275,-1.9582188648708747
B27R090,TD,4,0.2,1.3130851982548435e-05,1.3130851982179337e-05,1.9582450009111332,-1.9582187392071688
B27R090,TD,4,0.5,1.3507843100979211e-05,1.3507843100613037e-05,1.9582453779022517,-1.9582183622160505
B27R090,TD,4,1.0,1.4136161631697169e-05,1.4136161631594923e-05,1.9582460062207827,-1.9582177338975195
B27R090,TD,4,2.0,1.5392798693133085e-05,1.539279869278154e-05,1.9582472628578438,-1.9582164772604582
B27R090,TD,4,5.0,1.9162709877440837e-05,1.9162709877229567e-05,1.9582510327690283,-1.9582127073492739
B27R090,TD,4,10.0,2.5445895184620425e-05,2.5445895184383893e-05,1.9582573159543355,-1.9582064241639667
B27R090,TD,4,20.0,3.80122657989796e-05,3.8012265798692546e-05,1.9582698823249498,-1.9581938577933524
B27R090,TD,4,50.0,7.571137764205712e-05,7.571137764172953e-05,1.9583075814367927,-1.9581561586815093
B27R090,TD,4,100.0,0.00013854323265893864,0.00013854323265893864,1.9583704132898645,-1.9580933268245466
B27R090,TD,4,200.0,0.000304002121914837,0.000304002121914837,1.9584960769983764,-1.9578880727545467
B27R090,TD,4,500.0,0.0007606424198921546,0.0007606424198921546,1.9589457188326846,-1.9574244339929003
B27R090,TD,4,800.0,0.001218694166258194,0.001218694166258194,1.9593942628680738,-1.9569568745355574
B27R090,TD,4,1000.0,0.0014917815180202076,0.0014917815180202076,1.959689110136702,-1.9567055471006616
B27R090,TD,4,1500.0,0.0022875632549909097,0.0022875632549909097,1.960421131372843,-1.9558460048628612
B27R090,TD,4,2000.0,0.0030575369847631872,0.0030575369847631872,1.9611445270813432,-1.9550294531118169
B27R090,TD,4,3000.0,0.004623351244635199,0.004623351244635199,1.9625690880431712,-1.9533223855539008
B27R090,TD,4,5000.0,0.007929627637201953,0.007929627637201953,1.9653490486803544,-1.9494897934059505
B27R090,TD,4,7500.0,0.012873432371089844,0.012873432371089844,1.9687284322586853,-1.9429815675165056
B27R090,TD,4,10000.0,0.021550965525871324,0.021550965525871324,1.9720429281005771,-1.9289409970488345
B27R090,TD,4,15000.0,1.978551456120282,1.978551456120282,1.978551554137987,1.9785513581025767
B27R090,TD,4,20000.0,1.9849721602105919,1.9849721602105919,1.9849723562459614,1.9849719641752226
B27R090,TD,4,30000.0,1.9976903308510239,1.9976903308510239,1.997690654309356,1.9976900073926915
B27R090,TD,4,40000.0,2.0103348509491967,2.0103348509491967,2.0103348509492363,2.0103348509491568
B27R090,TD,4,50000.0,2.022946838981293,2.022946838981293,2.022946838981293,2.022946838981293
B27R090,TD,5,0.0,0.0,0.0,1.9599747618262002,-1.9599801724027317
B27R090,TD,5,0.1,1.2566370614359172e-07,-2.5796245594067457e-06,1.9599748874899066,-1.9599800467390254
B27R090,TD,5,0.2,2.5132741228718345e-07,-2.4539608536322532e-06,1.9599750131536122,-1.9599799210753195
B27R090,TD,5,0.5,6.283185307179586e-07,-2.0769697351985528e-06,1.9599753901447308,-1.9599795440842012
B27R090,TD,5,1.0,1.2566370614359173e-06,-1.4486510719891044e-06,1.9599760184635262,-1.9599789157656702
B27R090,TD,5,2.0,2.5132741228718346e-06,2.5132741228173217e-06,1.9599826856768545,-1.9599776591286089
B27R090,TD,5,5.0,6.283185307179587e-06,6.2831853071543264e-06,1.9599864555880389,-1.9599738892174245
B27R090,TD,5,10.0,1.2566370614359173e-05,1.2566370614308653e-05,1.959992738773346,-1.9599676060321174
B27R090,TD,5,20.0,2.5132741228718347e-05,2.5132741228617306e-05,1.9600053051439603,-1.959955039661503
B27R090,TD,5,50.0,6.626247228758153e-05,6.626247228758153e-05,1.9600430042558035,-1.9599104793112283
B27R090,TD,5,100.0,0.00012987846684742177,0.00012987846684742177,1.9601058361088752,-1.9598460791751804
B27R090,TD,5,200.0,0.0002555421733057006,0.0002555421733057006,1.9602314998152772,-1.9597204154686658
B27R090,TD,5,500.0,0.0006421782330474635,0.0006421782330474635,1.9606164107638338,-1.9593320542977388
B27R090,TD,5,800.0,0.001029618036464952,0.001029618036464952,1.9610052816254204,-1.9589460455524905
B27R090,TD,5,1000.0,0.0012809454504947304,0.0012809454504947304,1.961256609038808,-1.9586947181378185
B27R090,TD,5,1500.0,0.0019270835954335874,0.0019270835954335874,1.9618961799991879,-1.9580420128083207
B27R090,TD,5,2000.0,0.0025699479547947046,0.0025699479547947046,1.9625345551469484,-1.957394659237359
B27R090,TD,5,3000.0,0.0038583623510779486,0.0038583623510779486,1.963809874379396,-1.95609314967724
B27R090,TD,5,5000.0,0.006449129254828323,0.006449129254828323,1.9663521617366972,-1.9534539032270406
B27R090,TD,5,7500.0,0.009748069708343632,0.009748069708343632,1.9695210621196722,-1.9500249227029849
B27R090,TD,5,10000.0,0.013233910253471315,0.013233910253471315,1.972682277912891,-1.9462144574059483
B27R090,TD,5,15000.0,1.9789924867023396,1.9789924867023396,1.9789926337288686,1.9789923396758105
B27R090,TD,5,20000.0,1.985292776091954,1.985292776091954,1.985292874109651,1.985292678074257
B27R090,TD,5,30000.0,1.9978791129136644,1.9978791129136644,1.9978791815260377,1.997879044301291
B27R090,TD,5,40000.0,2.0104566477399968,2.0104566477399968,2.010456647740005,2.0104566477399883
B27R090,TD,5,50000.0,2.023030212850264,2.023030212850264,2.023030212850264,2.023030212850264
B27R090,TD,6,0.0,0.0,0.0,1.9588198389791363,-1.95882032906759
B27R090,TD,6,0.1,1.2566370614359172e-07,-1.1938052058013682e-07,1.9588199646428426,-1.9588202034038837
B27R090,TD,6,0.2,2.5132741228718345e-07,6.28318530537797e-09,1.9588200903065485,-1.9588200777401779
B27R090,TD,6,0.5,6.283185307179586e-07,3.8327430373907845e-07,1.9588204672976668,-1.9588197007490593
B27R090,TD,6,1.0,1.2566370614359173e-06,1.0115928346099423e-06,1.9588210956161978,-1.9588190724305286
B27R090,TD,6,2.0,2.5132741228718346e-06,2.268229895907581e-06,1.958822352253259,-1.9588178157934673
B27R090,TD,6,5.0,6.283185307179587e-06,6.038141080355608e-06,1.9588261221644434,-1.9588140458822827
B27R090,TD,6,10.0,1.2566370614359173e-05,1.2321326387398912e-05,1.9588324053497506,-1.9588077626969758
B27R090,TD,6,20.0,2.5132741228718347e-05,2.4887697001707565e-05,1.9588449717203649,-1.9587951963263615
B27R090,TD,6,50.0,8.618946878746758e-05,8.618946878746758e-05,1.958882670832208,-1.958710291894633
B27R090,TD,6,100.0,0.00014902132185926347,0.00014902132185912187,1.9589455026852796,-1.9586474600415613
B27R090,TD,6,200.0,0.00027468503015337653,0.00027468503015337653,1.9590711663930847,-1.958521796332778
B27R090,TD,6,500.0,0.0007176518599327775,0.0007176518599327775,1.9594991267154231,-1.9580638229955576
B27R090,TD,6,800.0,0.001166156679738295,0.001166156679738295,1.9599541399093672,-1.9576218265498906
B27R090,TD,6,1000.0,0.0014174841033579577,0.0014174841033579577,1.9602054673287852,-1.9573704991220693
B27R090,TD,6,1500.0,0.0021616987388888287,0.0021616987388888287,1.9609067110134109,-1.9565833135356332
B27R090,TD,6,2000.0,0.002888133000123916,0.002888133000123916,1.9616016815861541,-1.9558254155859063
B27R090,TD,6,3000.0,0.0043553218606237065,0.0043553218606237065,1.962974665641415,-1.9542640219201677
B27R090,TD,6,5000.0,0.0074069973193019445,0.0074069973193019445,1.9656736832752468,-1.950859688636643
B27R090,TD,6,7500.0,0.011714520211956181,0.011714520211956181,1.9689835723086846,-1.9455545318847722
B27R090,TD,6,10000.0,0.017978946323631617,0.017978946323631617,1.9722466872825026,-1.9362887946352394
B27R090,TD,6,15000.0,1.9786909352885513,1.9786909352885513,1.9786909352885715,1.9786909352885313
B27R090,TD,6,20000.0,1.985072589141371,1.985072589141371,1.9850727263661212,1.985072451916621
B27R090,TD,6,30000.0,1.997748876814653,1.997748876814653,1.9977488768146674,1.9977488768146385
B27R090,TD,6,40000.0,2.0103723917273486,2.0103723917273486,2.010372489745027,2.0103722937096697
B27R090,TD,6,50000.0,2.02297244120871,2.02297244120871,2.0229725784334556,2.022972303983964
B27R090,TD,7,0.0,0.0,0.0,1.9505228374889745,-1.9505221513651392
B27R090,TD,7,0.1,4.687256239810367e-07,4.687256239810367e-07,1.9505229631526808,-1.9505220257014328
B27R090,TD,7,0.2,5.943893301246284e-07,5.943893298665515e-07,1.9505230888163867,-1.950521900037727
B27R090,TD,7,0.5,9.713804485554037e-07,9.71380448300252e-07,1.9505234658075052,-1.9505215230466086
B27R090,TD,7,1.0,1.5996989792733622e-06,1.5996989791711158e-06,1.950524094126036,-1.9505208947280777
B27R090,TD,7,2.0,2.8563360407092795e-06,2.8563360404687543e-06,1.9505253507630973,-1.9505196380910164
B27R090,TD,7,5.0,6.626247225017031e-06,6.626247224916781e-06,1.9505291206742819,-1.950515868179832
B27R090,TD,7,10.0,1.2909432532196618e-05,1.2909432531960086e-05,1.9505354038595888,-1.9505095849945249
B27R090,TD,7,20.0,2.547580314655579e-05,2.547580314626874e-05,1.950547970230203,-1.9504970186239106
B27R090,TD,7,50.0,0.00021907205219406922,0.00021907205219406922,1.9505856693420462,-1.950147525237658
B27R090,TD,7,100.0,0.0002819039052658651,0.00028190390526583453,1.950648501195118,-1.9500846933845863
B27R090,TD,7,200.0,0.0004075676269603701,0.0004075676269603701,1.9507741649127863,-1.9499590296588656
B27R090,TD,7,500.0,0.0012616794829839462,0.0012616794829839462,1.951504745082384,-1.948981386116416
B27R090,TD,7,800.0,0.0021255930751761243,0.0021255930751761243,1.9524331248736677,-1.9481819387233155
B27R090,TD,7,1000.0,0.0025348760294608974,0.0025348760294608974,1.9526844523351135,-1.9476147002761917
B27R090,TD,7,1500.0,0.003819530747119715,0.003819530747119715,1.9538155231500054,-1.946176461655766
B27R090,TD,7,2000.0,0.005128778329201444,0.005128778329201444,1.9549070733733847,-1.9446495167149818
B27R090,TD,7,3000.0,0.007870775460151247,0.007870775460151247,1.9569788255151288,-1.9412372745948263
B27R090,TD,7,5000.0,0.014214355228536757,0.014214355228536757,1.9607853449591657,-1.9323566345020922
B27R090,TD,7,7500.0,0.026716137487115432,0.026716137487115432,1.9650988959676066,-1.9116666209933757
B27R090,TD,7,10000.0,1.41174169395849,1.41174169395849,1.9690876358298182,0.8543957520871615
B27R090,TD,7,15000.0,1.9764886836990958,1.9764886836990958,1.9764887915185771,1.9764885758796142
B27R090,TD,7,20000.0,1.9834532191967078,1.9834532191967078,1.9834534740426857,1.98345296435073
B27R090,TD,7,30000.0,1.9967705622905574,1.9967705622905574,1.996770660308234,1.9967704642728807
B27R090,TD,7,40000.0,2.009719299813679,2.009719299813679,2.009719299813691,2.009719299813667
B27R090,TD,7,50000.0,2.022506602228214,2.022506602228214,2.022506602228214,2.022506602228214
B27R090,TD,8,0.0,0.0,0.0,1.9265235979693165,-1.9265233431233204
B27R090,TD,8,0.1,2.5308670437151903e-07,2.5308670437151903e-07,1.9265237236330228,-1.926523217459614
B27R090,TD,8,0.2,3.787504105151108e-07,3.787504102570338e-07,1.9265238492967287,-1.9265230917959082
B27R090,TD,8,0.5,7.557415289458859e-07,7.557415286907343e-07,1.9265242262878473,-1.9265227148047899
B27R090,TD,8,1.0,1.3840600596638446e-06,1.3840600595615982e-06,1.926524854606378,-1.926522086486259
B27R090,TD,8,2.0,2.640697121099762e-06,2.6406971208592367e-06,1.9265261112434393,-1.9265208298491976
B27R090,TD,8,5.0,6.410608305407514e-06,6.410608305307264e-06,1.9265298811546239,-1.9265170599380133
B27R090,TD,8,10.0,1.26937936125871e-05,1.2693793612350568e-05,1.9265361643399308,-1.926510776752706
B27R090,TD,8,20.0,2.5260164226946273e-05,2.526016422665922e-05,1.926548730710545,-1.9264982103820918
B27R090,TD,8,50.0,6.29592919222377e-05,6.29592919222377e-05,1.9265864298223883,-1.9264605112385438
B27R090,TD,8,100.0,0.0004500434520505747,0.0004500434520505747,1.92664926167546,-1.9257491747713589
B27R090,TD,8,200.0,0.0005757071831211658,0.0005757071831211658,1.9267749254022286,-1.9256235110359863
B27R090,TD,8,500.0,0.0017174911803431447,0.0017174911803431447,1.9277847187943151,-1.9243497364336288
B27R090,TD,8,800.0,0.002947981073569861,0.002947981073569861,1.9291745462327101,-1.9232785840855704
B27R090,TD,8,1000.0,0.003199308616410601,0.003199308616410601,1.9294258737396377,-1.9230272565068165
B27R090,TD,8,1500.0,0.005162823983870357,0.005162823983870357,1.9310220972566614,-1.9206964492889207
B27R090,TD,8,2000.0,0.006900742219471789,0.006900742219471789,1.932577271253117,-1.9187757868141735
B27R090,TD,8,3000.0,0.010421362437662007,0.010421362437662007,1.9355676451620867,-1.9147249202867627
B27R090,TD,8,5000.0,0.017749549444199375,0.017749549444199375,1.9411313472286496,-1.9056322483402508
B27R090,TD,8,7500.0,0.027866865206789604,0.027866865206789604,1.9474579267997205,-1.8917241963861413
B27R090,TD,8,10000.0,0.03992455768174985,0.03992455768174985,1.9532277459278178,-1.873378630564318
B27R090,TD,8,15000.0,0.08246405850566418,0.08246405850566418,1.9635616306806833,-1.798633513669355
B27R090,TD,8,20000.0,1.9727758327357476,1.9727758327357476,1.9727756225670765,1.9727760429044188
B27R090,TD,8,30000.0,1.9891967356100624,1.9891967356100624,1.9891970296631203,1.9891964415570043
B27R090,TD,8,40000.0,2.004102297784946,2.004102297784946,2.00410249382034,2.0041021017495524
B27R090,TD,8,50000.0,2.018188236109015,2.018188236109015,2.0181883341267595,2.0181881380912703
B27R095,RD,1,0.0,0.0,0.0,1.9508411401380528,-1.9508411401380528
B27R095,RD,1,0.1,1.25663706329604e-07,1.25663706329604e-07,1.950841265801759,-1.9508410144743464
B27R095,RD,1,0.2,2.5132741247319575e-07,2.513274121040965e-07,1.9508413914654648,-1.9508408888106405
B27R095,RD,1,0.5,6.283185309039709e-07,6.283185306488193e-07,1.9508417684565833,-1.950840511819522
B27R095,RD,1,1.0,1.2566370616219295e-06,1.2566370615196831e-06,1.9508423967751143,-1.9508398835009912
B27R095,RD,1,2.0,2.513274123057847e-06,2.5132741228173217e-06,1.9508436534121756,-1.95083862686393
B27R095,RD,1,5.0,6.283185307365599e-06,6.283185307265349e-06,1.95084742332336,-1.9508348569527454
B27R095,RD,1,10.0,1.2566370614545185e-05,1.2566370614308653e-05,1.950853706508667,-1.9508285737674385
B27R095,RD,1,20.0,8.62663712235534e-05,8.62663712235534e-05,1.9508662728792814,-1.9506937401368343
B27R095,RD,1,50.0,0.00012396548681881114,0.00012396548681881114,1.9509039719911245,-1.950656041017487
B27R095,RD,1,100.0,0.00018679734240290014,0.00018679734240290014,1.950966803844196,-1.9505932091593903
B27R095,RD,1,200.0,0.0003638517268303998,0.0003638517268303998,1.951092467555677,-1.950364764102016
B27R095,RD,1,500.0,0.000910021392032001,0.000910021392032001,1.9516332070444917,-1.9498131642604277
B27R095,RD,1,800.0,0.0015076503144576536,0.0015076503144576536,1.952273865729669,-1.9492585651007537
B27R095,RD,1,1000.0,0.0017589777605256929,0.0017589777605256929,1.9525251931666006,-1.9490072376455492
B27R095,RD,1,1500.0,0.0027327792078832847,0.0027327792078832847,1.9534055543596296,-1.947939995943863
B27R095,RD,1,2000.0,0.0036464174958337203,0.0036464174958337203,1.9542760354448026,-1.946983200453135
B27R095,RD,1,3000.0,0.0054838779719459385,0.0054838779719459385,1.9559871413139531,-1.9450193853700612
B27R095,RD,1,5000.0,0.009223617967953124,0.009223617967953124,1.9593060619877412,-1.940858826051835
B27R095,RD,1,7500.0,0.014094781808110746,0.014094781808110746,1.9632973700219498,-1.9351078064057283
B27R095,RD,1,10000.0,0.01933733441868002,0.01933733441868002,1.9671457681676892,-1.9284710993303291
B27R095,RD,1,15000.0,0.032163105376829315,0.032163105376829315,1.9745320447728494,-1.9102058340191908
B27R095,RD,1,20000.0,0.055835251658784446,0.055835251658784446,1.98162689475526,-1.869956391437691
B27R095,RD,1,30000.0,1.9952801641380131,1.9952801641380131,1.9952803993804569,1.9952799288955696
B27R095,RD,1,40000.0,2.008522248927103,2.008522248927103,2.008522386151882,2.008522111702324
B27R095,RD,1,50000.0,2.0215365014137827,2.0215365014137827,2.0215365014138587,2.021536501413707
B27R095,RD,2,0.0,0.0,0.0,1.9515173249797506,-1.9515169329089874
B27R095,RD,2,0.1,3.2169908792401003e-07,3.2169908792401003e-07,1.951517450643457,-1.951516807245281
B27R095,RD,2,0.2,4.473627940676018e-07,4.473627935874802e-07,1.9515175763071626,-1.9515166815815754
B27R095,RD,2,0.5,8.243539124983769e-07,8.24353912132203e-07,1.9515179532982811,-1.9515163045904569
B27R095,RD,2,1.0,1.4526724432163356e-06,1.4526724431140892e-06,1.9515185816168121,-1.951515676271926
B27R095,RD,2,2.0,2.709309504652253e-06,2.7093095044117277e-06,1.9515198382538734,-1.9515144196348646
B27R095,RD,2,5.0,6.479220688960005e-06,6.4792206887487325e-06,1.9515236081650578,-1.9515106497236803
B27R095,RD,2,10.0,1.2762405996139591e-05,1.2762405995903059e-05,1.951529891350365,-1.9515043665383731
B27R095,RD,2,20.0,2.5328776610498764e-05,2.5328776610211712e-05,1.9515424577209792,-1.9514918001677588
B27R095,RD,2,50.0,6.302789230139272e-05,6.302789230139272e-05,1.9515801568328224,-1.9514541010482196
B27R095,RD,2,100.0,0.0002045679472310047,0.0002045679472310047,1.951642988685894,-1.951233852791432
B27R095,RD,2,200.0,0.000330231659406377,0.000330231659406377,1.951768652397047,-1.9511081890782342
B27R095,RD,2,500.0,0.0008922801889125198,0.0008922801889125198,1.9522993352696605,-1.9505147748918354
B27R095,RD,2,800.0,0.0014765787064766611,0.0014765787064766611,1.9529221547365674,-1.949968997323614
B27R095,RD,2,1000.0,0.0017279061502809556,0.0017279061502809556,1.9531734821720002,-1.9497176698714382
B27R095,RD,2,1500.0,0.0026785558216263494,0.0026785558216263494,1.9540385133998794,-1.9486814017566267
B27R095,RD,2,2000.0,0.00357428627363654,0.00357428627363654,1.954891527729525,-1.9477429551822518
B27R095,RD,2,3000.0,0.005375509610424878,0.005375509610424878,1.9565736203632382,-1.9458226011423885
B27R095,RD,2,5000.0,0.009038295922814354,0.009038295922814354,1.9598388861568679,-1.9417622943112391
B27R095,RD,2,7500.0,0.013805678630415819,0.013805678630415819,1.963771481593044,-1.9361601243322124
B27R095,RD,2,10000.0,0.018931590201964554,0.018931590201964554,1.9675731253052813,-1.9297099449013522
B27R095,RD,2,15000.0,0.03144198914961216,0.03144198914961216,1.974880791707964,-1.9119968134087397
B27R095,RD,2,20000.0,0.05459554357284424,0.05459554357284424,1.9819161645716263,-1.8727250774259379
B27R095,RD,2,30000.0,1.9954888633976628,1.9954888633976628,1.9954888633976773,1.9954888633976484
B27R095,RD,2,40000.0,2.0086792340670234,2.0086792340670234,2.0086793320847023,2.008679136049345
B27R095,RD,2,50000.0,2.0216587490968907,2.0216587490968907,2.0216587490969444,2.0216587490968365
B27R095,RD,3,0.0,0.0,0.0,1.9497325012445805,-1.949732030759665
B27R095,RD,3,0.1,3.6090616406525555e-07,3.6090616406525555e-07,1.9497326269082869,-1.9497319050959587
B27R095,RD,3,0.2,4.865698702088473e-07,4.865698699507703e-07,1.9497327525719927,-1.9497317794322528
B27R095,RD,3,0.5,8.635609886396224e-07,8.635609884954931e-07,1.9497331295631113,-1.9497314024411343
B27R095,RD,3,1.0,1.491879519357581e-06,1.4918795192553347e-06,1.949733757881642,-1.9497307741226035
B27R095,RD,3,2.0,2.7485165807934984e-06,2.748516580552973e-06,1.9497350145187033,-1.9497295174855422
B27R095,RD,3,5.0,6.518427765112023e-06,6.518427765112023e-06,1.949738784429888,-1.9497257475743577
B27R095,RD,3,10.0,1.280161307229161e-05,1.2801613072044304e-05,1.9497450676151948,-1.9497194643890507
B27R095,RD,3,20.0,2.536798368665078e-05,2.5367983686352957e-05,1.9497576339858091,-1.9497068980184364
B27R095,RD,3,50.0,0.0001391288235841337,0.0001391288235841337,1.9497953330976523,-1.949517075450484
B27R095,RD,3,100.0,0.00020196067665592958,0.000201960676655899,1.949858164950724,-1.9494542435974123
B27R095,RD,3,200.0,0.0003276243905391274,0.0003276243905391274,1.949983828662801,-1.9493285798817228
B27R095,RD,3,500.0,0.0009420731791650594,0.0009420731791650594,1.950542858254725,-1.948658711896395
B27R095,RD,3,800.0,0.0015672450704591334,0.0015672450704591334,1.9512154707044969,-1.9480809805635786
B27R095,RD,3,1000.0,0.0018185725204595826,0.0018185725204595826,1.951466798144367,-1.9478296531034478
B27R095,RD,3,1500.0,0.0028325906219145436,0.0028325906219145436,1.952377211558079,-1.94671203031425
B27R095,RD,3,2000.0,0.0037801038312579305,0.0037801038312579305,1.9532751768095478,-1.945714969147032
B27R095,RD,3,3000.0,0.005688676139944948,0.005688676139944948,1.9550417410859589,-1.943664388806069
B27R095,RD,3,5000.0,0.009573247065658874,0.009573247065658874,1.9584570327465414,-1.9393105386152236
B27R095,RD,3,7500.0,0.014651042002544079,0.014651042002544079,1.9625452802792922,-1.933243196274204
B27R095,RD,3,10000.0,0.020150528357027464,0.020150528357027464,1.966478267683012,-1.926177210968957
B27R095,RD,3,15000.0,0.03384024745957159,0.03384024745957159,1.9739962800888993,-1.906315785169756
B27R095,RD,3,20000.0,0.06148516730020781,0.06148516730020781,1.9811860307739664,-1.8582156961735508
B27R095,RD,3,30000.0,1.9949685659107104,1.9949685659107104,1.9949687031354575,1.9949684286859635
B27R095,RD,3,40000.0,2.008290593906872,2.008290593906872,2.0082905939068887,2.0082905939068554
B27R095,RD,3,50000.0,2.021357697513102,2.021357697513102,2.0213579523589575,2.0213574426672465
B27R095,RD,4,0.0,0.0,0.0,1.953983940168531,-1.9539834500800772
B27R095,RD,4,0.1,3.707079332393448e-07,3.707079332393448e-07,1.9539840658322374,-1.953983324416371
B27R095,RD,4,0.2,4.963716393829366e-07,4.963716390138373e-07,1.9539841914959433,-1.9539831987526652
B27R095,RD,4,0.5,8.733627578137117e-07,8.733627575585601e-07,1.9539845684870618,-1.9539828217615467
B27R095,RD,4,1.0,1.5016812885316703e-06,1.501681288429424e-06,1.9539851968055926,-1.9539821934430157
B27R095,RD,4,2.0,2.7583183499675876e-06,2.7583183497270625e-06,1.9539864534426539,-1.9539809368059544
B27R095,RD,4,5.0,6.528229534275339e-06,6.5282295341750896e-06,1.9539902233538384,-1.95397716689477
B27R095,RD,4,10.0,1.2811414841454926e-05,1.2811414841218394e-05,1.9539965065391454,-1.953970883709463
B27R095,RD,4,20.0,2.53777854558141e-05,2.5377785455527047e-05,1.9540090729097597,-1.9539583173388486
B27R095,RD,4,50.0,6.3076900051251e-05,6.3076900051251e-05,1.9540467720216028,-1.9539206182215003
B27R095,RD,4,100.0,0.00018221011196140058,0.00018221011196140058,1.9541096038746746,-1.9537451836507518
B27R095,RD,4,200.0,0.00030787382242414285,0.00030787382242414285,1.9542352675844021,-1.9536195199395539
B27R095,RD,4,500.0,0.000817375061985981,0.000817375061985981,1.9547222149535584,-1.9530874648295864
B27R095,RD,4,800.0,0.001308115708258839,0.001308115708258839,1.9552069471228217,-1.952590715706304
B27R095,RD,4,1000.0,0.0015949647473485484,0.0015949647473485484,1.9555293177598638,-1.9523393882651667
B27R095,RD,4,1500.0,0.0024544775798447382,0.0024544775798447382,1.9563249720738507,-1.9514160169141612
B27R095,RD,4,2000.0,0.0032747343937833406,0.0032747343937833406,1.9571159215890284,-1.9505664528014617
B27R095,RD,4,3000.0,0.004922305202655131,0.004922305202655131,1.95867741326067,-1.9488328028553596
B27R095,RD,4,5000.0,0.008261505735238539,0.008261505735238539,1.961730627596985,-1.945207616126508
B27R095,RD,4,7500.0,0.012570302868476158,0.012570302868476158,1.9654396250718869,-1.9402990193349345
B27R095,RD,4,10000.0,0.017132387340767496,0.017132387340767496,1.9690535061158998,-1.9347887314343648
B27R095,RD,4,15000.0,0.02783621149899762,0.02783621149899762,1.9760717066198332,-1.920399283621838
B27R095,RD,4,20000.0,0.04512991708176184,0.04512991708176184,1.9828939890811248,-1.8926341549176011
B27R095,RD,4,30000.0,1.9961807408456602,1.9961807408456602,1.9961807898545185,1.9961806918368017
B27R095,RD,4,40000.0,2.0091938661725157,2.0091938661725157,2.0091940033972717,2.0091937289477593
B27R095,RD,4,50000.0,2.022056230501179,2.022056230501179,2.0220562305012546,2.022056230501103
B27R095,RD,5,0.0,0.0,0.0,1.8956521421128492,-1.8956486134759807
B27R095,RD,5,0.1,1.889982140568236e-06,1.889982140568236e-06,1.8956522677765555,-1.8956484878122744
B27R095,RD,5,0.2,2.0156458467118277e-06,2.0156458464537508e-06,1.8956523934402614,-1.8956483621485685
B27R095,RD,5,0.5,2.392636965142603e-06,2.392636964776429e-06,1.8956527704313797,-1.8956479851574501
B27R095,RD,5,1.0,3.0209554958605613e-06,3.020955495758315e-06,1.8956533987499107,-1.8956473568389192
B27R095,RD,5,2.0,4.277592557296479e-06,4.277592557055954e-06,1.895654655386972,-1.8956461002018579
B27R095,RD,5,5.0,8.04750374160423e-06,8.047503741392958e-06,1.8956584252981563,-1.8956423302906735
B27R095,RD,5,10.0,1.4330689048783817e-05,1.4330689048547285e-05,1.8956647084834635,-1.8956360471053664
B27R095,RD,5,20.0,2.689705966314299e-05,2.6897059662855938e-05,1.8956772748540778,-1.895623480734752
B27R095,RD,5,50.0,0.0005354731580707872,0.0005354731580707872,1.895714973965921,-1.8946440276497793
B27R095,RD,5,100.0,0.0005983050111425831,0.0005983050111425525,1.8957778058189927,-1.8945811957967076
B27R095,RD,5,200.0,0.000723968763934657,0.000723968763934657,1.8959034695612382,-1.894455532033369
B27R095,RD,5,500.0,0.0025322044768171237,0.0025322044768171237,1.8973881195056481,-1.8923237105520139
B27R095,RD,5,800.0,0.004405533621454016,0.004405533621454016,1.899550992804792,-1.890739925561884
B27R095,RD,5,1000.0,0.005068506036614351,0.005068506036614351,1.8998023203847074,-1.8896653083114787
B27R095,RD,5,1500.0,0.00761293298626764,0.00761293298626764,1.9021450073454176,-1.8869191413728823
B27R095,RD,5,2000.0,0.010173945148432617,0.010173945148432617,1.9044187491763942,-1.884070858879529
B27R095,RD,5,3000.0,0.015358052955584567,0.015358052955584567,1.9087796063872955,-1.8780635004761264
B27R095,RD,5,5000.0,0.026140588979330248,0.026140588979330248,1.9168259787654194,-1.8645448008067589
B27R095,RD,5,7500.0,0.040959617402694826,0.040959617402694826,1.9258264809995957,-1.843907246194206
B27R095,RD,5,10000.0,0.058491028792577504,0.058491028792577504,1.9339031462307006,-1.8169210886455456
B27R095,RD,5,15000.0,1.9479302402482066,1.9479302402482066,1.9479314164604586,1.9479290640359546
B27R095,RD,5,20000.0,1.9599404604606139,1.9599404604606139,1.9599413818269387,1.959939539094289
B27R095,RD,5,30000.0,1.9801985649219693,1.9801985649219693,1.9801990060015462,1.9801981238423925
B27R095,RD,5,40000.0,1.997511950625979,1.997511950625979,1.9975121760666943,1.997511725185264
B27R095,RD,5,50000.0,2.0131868433532407,2.0131868433532407,2.013187137406275,2.013186549300206
B27R095,RD,6,0.0,0.0,0.0,1.9541519620940868,-1.9541155779272648
B27R095,RD,6,0.1,1.8317747117357897e-05,1.8317747117357897e-05,1.9541520877577931,-1.9541154522635584
B27R095,RD,6,0.2,1.844341082350149e-05,1.844341082324341e-05,1.954152213421499,-1.9541153265998525
B27R095,RD,6,0.5,1.8820401941932262e-05,1.8820401941788134e-05,1.9541525904126176,-1.954114949608734
B27R095,RD,6,1.0,1.9448720472650223e-05,1.9448720472547976e-05,1.9541532187311483,-1.9541143212902032
B27R095,RD,6,2.0,2.0705357534086138e-05,2.0705357533845614e-05,1.9541544753682096,-1.954113064653142
B27R095,RD,6,5.0,2.4475268718404664e-05,2.4475268718404664e-05,1.9541582452793942,-1.9541092947419574
B27R095,RD,6,10.0,3.075845402558425e-05,3.0758454025336945e-05,1.9541645284647011,-1.9541030115566504
B27R095,RD,6,20.0,4.332482463994342e-05,4.33248246396456e-05,1.9541770948353154,-1.9540904451860361
B27R095,RD,6,50.0,8.102393648302095e-05,8.10239364827936e-05,1.9542147939471586,-1.954052746074193
B27R095,RD,6,100.0,0.00014385579224285294,0.00014385579224285294,1.9542776258002303,-1.9539899142157446
B27R095,RD,6,200.0,0.00032450742378675734,0.00032450742378675734,1.9544032895098251,-1.9537542746622516
B27R095,RD,6,500.0,0.0008105432314887695,0.0008105432314887695,1.9548861593484437,-1.9532650728854661
B27R095,RD,6,800.0,0.001332590718703175,0.001332590718703175,1.955435524363856,-1.9527703429264496
B27R095,RD,6,1000.0,0.0015839181530049595,0.0015839181530049595,1.955686851792225,-1.952519015486215
B27R095,RD,6,1500.0,0.002437383294646156,0.002437383294646156,1.9564796439899563,-1.951604877400664
B27R095,RD,6,2000.0,0.003251866865417341,0.003251866865417341,1.957265967069142,-1.9507622333383072
B27R095,RD,6,3000.0,0.004888146036561847,0.004888146036561847,1.9588177353863354,-1.9490414433132117
B27R095,RD,6,5000.0,0.00820194038548272,0.00820194038548272,1.961856874383245,-1.9454529936122795
B27R095,RD,6,7500.0,0.012473128130294664,0.012473128130294664,1.9655483462947325,-1.9406020900341432
B27R095,RD,6,10000.0,0.016989291319616906,0.016989291319616906,1.969148857727143,-1.9351702750879092
B27R095,RD,6,15000.0,0.027532748652683514,0.027532748652683514,1.976146670547632,-1.921081173242265
B27R095,RD,6,20000.0,0.04431085191548856,0.04431085191548856,1.9829545052051933,-1.8943328013742162
B27R095,RD,6,30000.0,1.9962226434068393,1.9962226434068393,1.9962227414245157,1.9962225453891627
B27R095,RD,6,40000.0,2.0092246241252543,2.0092246241252543,2.0092246241252663,2.0092246241252423
B27R095,RD,6,50000.0,2.022079637129793,2.022079637129793,2.022079637129793,2.022079637129793
B27R095,RD,7,0.0,0.0,0.0,1.9599246943897437,-1.9599244983543622
B27R095,RD,7,0.1,2.2368139707129586e-07,2.2368139707129586e-07,1.95992482005345,-1.959924372690656
B27R095,RD,7,0.2,3.493451032148876e-07,3.4934510295681065e-07,1.959924945717156,-1.95992424702695
B27R095,RD,7,0.5,7.263362216456628e-07,7.263362213905111e-07,1.9599253227082742,-1.9599238700358315
B27R095,RD,7,1.0,1.3546547523636214e-06,1.354654752261375e-06,1.9599259510268052,-1.9599232417173007
B27R095,RD,7,2.0,2.6112918137995387e-06,2.6112918135590135e-06,1.9599272076638665,-1.9599219850802394
B27R095,RD,7,5.0,6.381202998107291e-06,6.381202998007041e-06,1.9599309775750509,-1.9599182151690548
B27R095,RD,7,10.0,1.2664388305286877e-05,1.2664388305050345e-05,1.959937260760358,-1.959911931983748
B27R095,RD,7,20.0,2.523075891964605e-05,2.5230758919358998e-05,1.9599498271309723,-1.9598993656131336
B27R095,RD,7,50.0,6.528229534163987e-05,6.528229534163987e-05,1.9599875262428155,-1.9598569616521322
B27R095,RD,7,100.0,0.00012811414841343576,0.00012811414841329416,1.960050358095887,-1.9597941297990604
B27R095,RD,7,200.0,0.0002537778547724301,0.0002537778547724301,1.960176021802193,-1.9596684660926482
B27R095,RD,7,500.0,0.0006373753657910042,0.0006373753657910042,1.9605579922195944,-1.9592832414880124
B27R095,RD,7,800.0,0.0010198162681142042,0.0010198162681142042,1.9609403939147487,-1.9589007613785203
B27R095,RD,7,1000.0,0.001274868352814651,0.001274868352814651,1.961194955910976,-1.9586452192053467
B27R095,RD,7,1500.0,0.0019123025277710815,0.0019123025277710815,1.9618312138737728,-1.9580066088182306
B27R095,RD,7,2000.0,0.0025498837322122103,0.0025498837322122103,1.9624674718389716,-1.9573677043745472
B27R095,RD,7,3000.0,0.0038252323703210633,0.0038252323703210633,1.9637387135357822,-1.95608824879514
B27R095,RD,7,5000.0,0.0063781644480922495,0.0063781644480922495,1.9662780603625674,-1.9535217314663829
B27R095,RD,7,7500.0,0.009575725203890051,0.009575725203890051,1.9694467058994407,-1.9502952554916606
B27R095,RD,7,10000.0,0.012785753801488942,0.012785753801488942,1.9726111366725192,-1.9470396290695413
B27R095,RD,7,15000.0,0.019279069511230484,0.019279069511230484,1.97892970637276,-1.940371567350299
B27R095,RD,7,20000.0,0.026030259760544405,0.026030259760544405,1.9852393564493234,-1.9331788369282346
B27R095,RD,7,30000.0,1.9978411114565846,1.9978411114565846,1.9978412094742466,1.9978410134389224
B27R095,RD,7,40000.0,2.0104298300984236,2.0104298300984236,2.0104297320807567,2.0104299281160904
B27R095,RD,7,50000.0,2.023011589484496,2.023011589484496,2.023011589484442,2.02301158948455
B27R095,RD,8,0.0,0.0,0.0,1.9538270138455731,-1.9538270138455731
B27R095,RD,8,0.1,1.25663706329604e-07,1.25663706329604e-07,1.9538271395092794,-1.9538268881818668
B27R095,RD,8,0.2,2.5132741247319575e-07,2.513274122151188e-07,1.9538272651729853,-1.953826762518161
B27R095,RD,8,0.5,6.283185309039709e-07,6.283185306488193e-07,1.9538276421641037,-1.9538263855270424
B27R095,RD,8,1.0,1.2566370616219295e-06,1.2566370615196831e-06,1.9538282704826346,-1.9538257572085116
B27R095,RD,8,2.0,2.513274123057847e-06,2.5132741228173217e-06,1.953829527119696,-1.9538245005714503
B27R095,RD,8,5.0,6.283185307365599e-06,6.283185307265349e-06,1.9538332970308803,-1.9538207306602657
B27R095,RD,8,10.0,1.2566370614545185e-05,1.2566370614308653e-05,1.9538395802161874,-1.9538144474749588
B27R095,RD,8,20.0,2.513274122890436e-05,2.5132741228617306e-05,1.9538521465868017,-1.9538018811043445
B27R095,RD,8,50.0,0.00011090953040515661,0.00011090953040515661,1.9538898456986449,-1.9536680266378346
B27R095,RD,8,100.0,0.0001737413834769525,0.00017374138347692192,1.9539526775517166,-1.9536051947847628
B27R095,RD,8,200.0,0.00029940509432813123,0.00029940509432813123,1.9540783412615088,-1.9534795310728525
B27R095,RD,8,500.0,0.0008208252876642508,0.0008208252876642508,1.9545672685937816,-1.952925618018453
B27R095,RD,8,800.0,0.0013479206937854205,0.0013479206937854205,1.9551235144505268,-1.952427673062956
B27R095,RD,8,1000.0,0.0016413957238721189,0.0016413957238721189,1.955374841879699,-1.9520920504319548
B27R095,RD,8,1500.0,0.002464044106926244,0.002464044106926244,1.9561758479590128,-1.9512477597451603
B27R095,RD,8,2000.0,0.0032867807687108064,0.0032867807687108064,1.9569698556267352,-1.9503962940893136
B27R095,RD,8,3000.0,0.004941810723509632,0.004941810723509632,1.9585367186676403,-1.948653097220621
B27R095,RD,8,5000.0,0.00829254793748635,0.00829254793748635,1.9615998719971015,-1.9450147761221288
B27R095,RD,8,7500.0,0.012617174928015285,0.012617174928015285,1.965321258908332,-1.9400869090523014
B27R095,RD,8,10000.0,0.01719430511419362,0.01719430511419362,1.9689448437026964,-1.9345562334743092
B27R095,RD,8,15000.0,0.02791986958325099,0.02791986958325099,1.9759800600808664,-1.9201403209143644
B27R095,RD,8,20000.0,0.0451124111346044,0.0451124111346044,1.9828154573056525,-1.8925906350364436
B27R095,RD,8,30000.0,1.9961225967534404,1.9961225967534404,1.9961225673481606,1.9961226261587202
B27R095,RD,8,40000.0,2.009149072086185,2.009149072086185,2.0091492289144672,2.009148915257902
B27R095,RD,8,50000.0,2.0220209441272514,2.0220209441272514,2.022020944127338,2.0220209441271653
B27R095,TD,1,0.0,0.0,0.0,1.9491260853951886,-1.9489863121681192
B27R095,TD,1,0.1,7.001227724101611e-05,7.001227724101611e-05,1.949126211058895,-1.948986186504413
B27R095,TD,1,0.2,7.013794094715969e-05,7.013794094667958e-05,1.9491263367226006,-1.9489860608407072
B27R095,TD,1,0.5,7.051493206559048e-05,7.05149320652243e-05,1.9491267137137192,-1.9489856838495887
B27R095,TD,1,1.0,7.114325059630843e-05,7.114325059620619e-05,1.9491273420322501,-1.9489850555310577
B27R095,TD,1,2.0,7.239988765774434e-05,7.239988765750383e-05,1.9491285986693114,-1.9489837988939964
B27R095,TD,1,5.0,7.61697988420521e-05,7.616979884184083e-05,1.9491323685804958,-1.948980028982812
B27R095,TD,1,10.0,8.245298414923169e-05,8.245298414899516e-05,1.949138651765803,-1.948973745797505
B27R095,TD,1,20.0,9.501935476359085e-05,9.501935476330381e-05,1.9491512181364172,-1.9489611794268906
B27R095,TD,1,50.0,0.00013271846660666838,0.0001327184666064518,1.9491889172482604,-1.9489234803150475
B27R095,TD,1,100.0,0.0001955503304575945,0.0001955503304575945,1.949251749101332,-1.9488606484404167
B27R095,TD,1,200.0,0.0005417048355836895,0.0005417048355836895,1.949377412820855,-1.9482940031496876
B27R095,TD,1,500.0,0.0013582171129999931,0.0013582171129999931,1.9501649020665215,-1.9474484678405215
B27R095,TD,1,800.0,0.002300123344511129,0.002300123344511129,1.9511748913805091,-1.9465746446914869
B27R095,TD,1,1000.0,0.0025514508481148113,0.0025514508481148113,1.9514262188494111,-1.9463233171531815
B27R095,TD,1,1500.0,0.004113681833720295,0.004113681833720295,1.9526335474193304,-1.9444061837518898
B27R095,TD,1,2000.0,0.0055276123353841244,0.0055276123353841244,1.9537914360285595,-1.9427362113577913
B27R095,TD,1,3000.0,0.008498186719438916,0.008498186719438916,1.9559835538891988,-1.938987180450321
B27R095,TD,1,5000.0,0.015453720293617579,0.015453720293617579,1.9599800316046034,-1.9290725910173683
B27R095,TD,1,7500.0,0.0298760121753473,0.0298760121753473,1.9644634864831565,-1.904711462132462
B27R095,TD,1,10000.0,1.308666548406546,1.308666548406546,1.9685759638651568,0.6487571329479356
B27R095,TD,1,15000.0,1.9761363003129273,1.9761363003129273,1.97613639833069,1.9761362022951643
B27R095,TD,1,20000.0,1.98319627561035,1.98319627561035,1.9831968637164348,1.9831956875042656
B27R095,TD,1,30000.0,1.996618438842105,1.996618438842105,1.99661853685979,1.99661834082442
B27R095,TD,1,40000.0,2.0096193805732776,2.0096193805732776,2.0096194393838966,2.009619321762658
B27R095,TD,1,50000.0,2.0224362255099377,2.0224362255099377,2.02243622550997,2.0224362255099053
B27R095,TD,2,0.0,0.0,0.0,1.9510021439969476,-1.9509999876077502
B27R095,TD,2,0.1,1.203858305043326e-06,1.203858305043326e-06,1.951002269660654,-1.9509998619440438
B27R095,TD,2,0.2,1.3295220111869178e-06,1.3295220109288408e-06,1.9510023953243598,-1.950999736280338
B27R095,TD,2,0.5,1.706513129617693e-06,1.7065131293625413e-06,1.9510027723154784,-1.9509993592892196
B27R095,TD,2,1.0,2.3348316603356514e-06,2.334831660233405e-06,1.9510034006340091,-1.9509987309706887
B27R095,TD,2,2.0,3.591468721771569e-06,3.5914687215310437e-06,1.9510046572710704,-1.9509974743336274
B27R095,TD,2,5.0,7.3613799060793205e-06,7.361379905979071e-06,1.951008427182255,-1.950993704422443
B27R095,TD,2,10.0,1.3644565213258907e-05,1.3644565213022375e-05,1.951014710367562,-1.9509874212371359
B27R095,TD,2,20.0,2.621093582761808e-05,2.6210935827331028e-05,1.9510272767381762,-1.9509748548665216
B27R095,TD,2,50.0,6.391005645423053e-05,6.391005645423053e-05,1.9510649758500194,-1.950937155737111
B27R095,TD,2,100.0,0.00030640832796402506,0.00030640832796402506,1.9511278077030911,-1.950514991047163
B27R095,TD,2,200.0,0.0004320720480910367,0.0004320720480910367,1.9512534714203398,-1.9503893273241577
B27R095,TD,2,500.0,0.00123808662357483,0.00123808662357483,1.9519711720639548,-1.949494998816805
B27R095,TD,2,800.0,0.0020868368493476286,0.0020868368493476286,1.9528770665988031,-1.9487033929001079
B27R095,TD,2,1000.0,0.002338164337631232,0.002338164337631232,1.9531283940582436,-1.948452065382981
B27R095,TD,2,1500.0,0.0037437140617824216,0.0037437140617824216,1.954238959574483,-1.946751531450918
B27R095,TD,2,2000.0,0.005028016138176605,0.005028016138176605,1.9553075736549266,-1.9452515413785734
B27R095,TD,2,3000.0,0.0077199948419675035,0.0077199948419675035,1.957348293396803,-1.941908303712868
B27R095,TD,2,5000.0,0.013931260538878054,0.013931260538878054,1.961095276899649,-1.933232755821893
B27R095,TD,2,7500.0,0.026146644905421068,0.026146644905421068,1.965353879189119,-1.9130605893782768
B27R095,TD,2,10000.0,1.4191217879842997,1.4191217879842997,1.9693014516255651,0.868942124343034
B27R095,TD,2,15000.0,1.9766431497724772,1.9766431497724772,1.9766432673937047,1.9766430321512496
B27R095,TD,2,20000.0,1.9835699288657684,1.9835699288657684,1.9835700366852296,1.9835698210463073
B27R095,TD,2,30000.0,1.9968436834845071,1.9968436834845071,1.9968437815021836,1.9968435854668307
B27R095,TD,2,40000.0,2.0097693672529653,2.0097693672529653,2.0097693672529773,2.0097693672529533
B27R095,TD,2,50000.0,2.022542790367306,2.022542790367306,2.022542790367306,2.022542790367306
B27R095,TD,3,0.0,0.0,0.0,1.9503171963736932,-1.9503188234673603
B27R095,TD,3,0.1,1.2566370614359172e-07,-6.87883127237221e-07,1.9503173220373995,-1.950318697803654
B27R095,TD,3,0.2,2.5132741228718345e-07,-5.622194213517062e-07,1.9503174477011054,-1.950318572139948
B27R095,TD,3,0.5,6.283185307179586e-07,-1.8522830302902804e-07,1.9503178246922237,-1.9503181951488298
B27R095,TD,3,1.0,1.2566370614359173e-06,4.4309022795285813e-07,1.9503184530107547,-1.9503175668302988
B27R095,TD,3,2.0,2.5132741228718346e-06,1.6997272892504967e-06,1.950319709647816,-1.9503163101932375
B27R095,TD,3,5.0,6.283185307179587e-06,5.4696384735875014e-06,1.9503234795590003,-1.9503125402820531
B27R095,TD,3,10.0,1.2566370614359173e-05,1.1752823780741828e-05,1.9503297627443075,-1.950306257096746
B27R095,TD,3,20.0,2.5132741228718347e-05,2.431919439505048e-05,1.9503423291149218,-1.9502936907261317
B27R095,TD,3,50.0,0.00019440099942191758,0.00019440099942191758,1.950380028226765,-1.949991226227921
B27R095,TD,3,100.0,0.00025723285249371346,0.0002572328524936829,1.9504428600798367,-1.9499283943748493
B27R095,TD,3,200.0,0.0003828965717806998,0.0003828965717806998,1.9505685237958073,-1.9498027306522459
B27R095,TD,3,500.0,0.0011631422928097823,0.0011631422928097823,1.9512470173602623,-1.9489207327746427
B27R095,TD,3,800.0,0.0019580710089540654,0.0019580710089540654,1.9521023347707829,-1.9481861927528747
B27R095,TD,3,1000.0,0.0022093984872446626,0.0022093984872446626,1.9523536622265318,-1.9479348652520425
B27R095,TD,3,1500.0,0.003512745176476484,0.003512745176476484,1.9534264713324416,-1.9464009809794887
B27R095,TD,3,2000.0,0.0047137223878706,0.0047137223878706,1.9544709926592594,-1.9450435478835182
B27R095,TD,3,3000.0,0.007152256744740071,0.007152256744740071,1.9564630564234216,-1.9421585429339414
B27R095,TD,3,5000.0,0.01251028830520906,0.01251028830520906,1.9601873194271437,-1.9351667428167256
B27R095,TD,3,7500.0,0.0210282101472804,0.0210282101472804,1.964473092219323,-1.9224166719247622
B27R095,TD,3,10000.0,0.03626371416181062,0.03626371416181062,1.968477044424931,-1.8959496161013099
B27R095,TD,3,15000.0,1.9759452246236107,1.9759452246236107,1.9759455774872887,1.9759448717599324
B27R095,TD,3,20000.0,1.982985517974025,1.982985517974025,1.9829858120271044,1.9829852239209456
B27R095,TD,3,30000.0,1.996426030119521,1.996426030119521,1.9964264221902623,1.9964256380487795
B27R095,TD,3,40000.0,2.0094572495072214,2.0094572495072214,2.0094574945514663,2.0094570044629765
B27R095,TD,3,50000.0,2.022300176940738,2.022300176940738,2.022300176940873,2.022300176940603
B27R095,TD,4,0.0,0.0,0.0,1.9507225387321945,-1.9507199706686955
B27R095,TD,4,0.1,1.4096954558118213e-06,1.4096954558118213e-06,1.9507226643959008,-1.9507198450049892
B27R095,TD,4,0.2,1.535359161955413e-06,1.535359161697336e-06,1.9507227900596067,-1.9507197193412833
B27R095,TD,4,0.5,1.9123502803861883e-06,1.9123502801310366e-06,1.9507231670507252,-1.950719342350165
B27R095,TD,4,1.0,2.5406688111041466e-06,2.5406688110019005e-06,1.950723795369256,-1.950718714031634
B27R095,TD,4,2.0,3.797305872540064e-06,3.797305872299539e-06,1.9507250520063173,-1.9507174573945727
B27R095,TD,4,5.0,7.567217056847816e-06,7.567217056747566e-06,1.9507288219175019,-1.9507136874833884
B27R095,TD,4,10.0,1.3850402364027402e-05,1.385040236379087e-05,1.9507351051028088,-1.9507074042980812
B27R095,TD,4,20.0,2.6416772978386576e-05,2.6416772978099523e-05,1.950747671473423,-1.950694837927467
B27R095,TD,4,50.0,6.411589344013091e-05,6.411589344013091e-05,1.9507853705852662,-1.950657138798386
B27R095,TD,4,100.0,0.0003032423565514364,0.0003032423565514364,1.950848202438338,-1.9502417177252351
B27R095,TD,4,200.0,0.00042890607638035316,0.00042890607638035316,1.9509738661557507,-1.95011605400299
B27R095,TD,4,500.0,0.001225775600620982,0.001225775600620982,1.9516966049067512,-1.9492450537055093
B27R095,TD,4,800.0,0.0020623716337260234,0.0020623716337260234,1.9525809355513823,-1.9484561922839303
B27R095,TD,4,1000.0,0.0023136991203182022,0.0023136991203182022,1.9528322630102788,-1.9482048647696424
B27R095,TD,4,1500.0,0.003701948723951909,0.003701948723951909,1.9539372611222945,-1.9465333636743907
B27R095,TD,4,2000.0,0.004965872916483205,0.004965872916483205,1.9550033267419473,-1.945071580908981
B27R095,TD,4,3000.0,0.007599237040123996,0.007599237040123996,1.9570362638801861,-1.9418377897999382
B27R095,TD,4,5000.0,0.01360815503042423,0.01360815503042423,1.960790716330544,-1.9335744062696956
B27R095,TD,4,7500.0,0.024812045841997366,0.024812045841997366,1.9650675891176255,-1.9154434974336307
B27R095,TD,4,10000.0,1.4079269044780243,1.4079269044780243,1.9690386857972024,0.8468151231588459
B27R095,TD,4,15000.0,1.976427216805102,1.976427216805102,1.9764271187875193,1.976427314822685
B27R095,TD,4,20000.0,1.9833910857825963,1.9833910857825963,1.9833917228974962,1.9833904486676965
B27R095,TD,4,30000.0,1.9967183188627744,1.9967183188627744,1.9967185148981414,1.9967181228274071
B27R095,TD,4,40000.0,2.0096766621170055,2.0096766621170055,2.0096767601347083,2.0096765640993026
B27R095,TD,4,50000.0,2.0224714530801675,2.0224714530801675,2.0224715118908034,2.022471394269531
B27R095,TD,5,0.0,0.0,0.0,1.8724599802591722,-1.8724581375265852
B27R095,TD,5,0.1,1.0470299998122101e-06,1.0470299998122101e-06,1.8724601059228785,-1.8724580118628789
B27R095,TD,5,0.2,1.1726937059558019e-06,1.1726937055867026e-06,1.8724602315865841,-1.872457886199173
B27R095,TD,5,0.5,1.5496848243865771e-06,1.5496848241314254e-06,1.8724606085777027,-1.8724575092080544
B27R095,TD,5,1.0,2.1780033551045354e-06,2.178003354891267e-06,1.8724612368962334,-1.8724568808895237
B27R095,TD,5,2.0,3.434640416540453e-06,3.4346404161889055e-06,1.8724624935332947,-1.8724556242524624
B27R095,TD,5,5.0,7.204551600848205e-06,7.204551600747955e-06,1.8724662634444793,-1.8724518543412778
B27R095,TD,5,10.0,1.3487736908027791e-05,1.3487736907680237e-05,1.8724725466297862,-1.8724455711559709
B27R095,TD,5,20.0,2.6054107522386965e-05,2.605410752198889e-05,1.8724851130004005,-1.8724330047853566
B27R095,TD,5,50.0,6.375332205299511e-05,6.375332205299511e-05,1.8725228123176194,-1.8723953056735134
B27R095,TD,5,100.0,0.0022270061684187548,0.0022270061684187548,1.8767864861572792,-1.8723324738204417
B27R095,TD,5,200.0,0.0023526699657515637,0.0023526699657515637,1.8769121498634231,-1.87220680993192
B27R095,TD,5,500.0,0.005527487936874964,0.005527487936874964,1.8772891413341455,-1.8662341654603956
B27R095,TD,5,800.0,0.008066259595645109,0.008066259595645109,1.8819896924411195,-1.8658571732498292
B27R095,TD,5,1000.0,0.01110996394309094,0.01110996394309094,1.8822410202441657,-1.8600210923579839
B27R095,TD,5,1500.0,0.01682221449037924,0.01682221449037924,1.8868657156231914,-1.853221286642433
B27R095,TD,5,2000.0,0.022703321850545022,0.022703321850545022,1.8911963590723058,-1.8457897153712157
B27R095,TD,5,3000.0,0.03534163587654804,0.03534163587654804,1.8991200807612605,-1.8284368090081644
B27R095,TD,5,5000.0,0.06908007029422136,0.06908007029422136,1.9125409587821116,-1.7743808181936689
B27R095,TD,5,7500.0,0.9732304320441868,0.9732304320441868,1.9260111462732328,0.020449717815140822
B27R095,TD,5,10000.0,1.4963163936695973,1.4963163936695973,1.9369553383558125,1.0556774489833822
B27R095,TD,5,15000.0,1.9539419594267091,1.9539419594267091,1.953941665373838,1.9539422534795803
B27R095,TD,5,20000.0,1.9669691521141663,1.9669691521141663,1.9669702303085965,1.966968073919736
B27R095,TD,5,30000.0,1.9870770444504884,1.9870770444504884,1.9870775737460362,1.9870765151549408
B27R095,TD,5,40000.0,2.00344454008966,2.00344454008966,2.0034451870064047,2.003443893172915
B27R095,TD,5,50000.0,2.0181503029209518,2.0181503029209518,2.0181507734059645,2.0181498324359386
B27R095,TD,6,0.0,0.0,0.0,1.9512631847110649,-1.951262675019073
B27R095,TD,6,0.1,3.8050970230241177e-07,3.8050970230241177e-07,1.9512633103747712,-1.9512625493553666
B27R095,TD,6,0.2,5.061734084460035e-07,5.061734081879266e-07,1.951263436038477,-1.9512624236916607
B27R095,TD,6,0.5,8.831645268767787e-07,8.831645267326493e-07,1.9512638130295956,-1.9512620467005422
B27R095,TD,6,1.0,1.5114830575947373e-06,1.511483057492491e-06,1.9512644413481264,-1.9512614183820114
B27R095,TD,6,2.0,2.7681201190306546e-06,2.7681201187901294e-06,1.9512656979851877,-1.95126016174495
B27R095,TD,6,5.0,6.538031303349179e-06,6.538031303349179e-06,1.9512694678963722,-1.9512563918337655
B27R095,TD,6,10.0,1.2821216610528765e-05,1.282121661028146e-05,1.9512757510816792,-1.9512501086484586
B27R095,TD,6,20.0,2.5387587224887937e-05,2.5387587224590114e-05,1.9512883174522935,-1.9512375422778443
B27R095,TD,6,50.0,0.00019802765398113653,0.00019802765398113653,1.9513260165641366,-1.9509299612561743
B27R095,TD,6,100.0,0.0002608595070529324,0.00026085950705290184,1.9513888484172084,-1.9508671294031026
B27R095,TD,6,200.0,0.00038652322663901284,0.00038652322663901284,1.9515145121334052,-1.9507414656801272
B27R095,TD,6,500.0,0.0011759434043486783,0.0011759434043486783,1.9521999453504777,-1.9498480585417803
B27R095,TD,6,800.0,0.0019846338031588306,0.0019846338031588306,1.9530593795036761,-1.9490901118973585
B27R095,TD,6,1000.0,0.0022359612829857545,0.0022359612829857545,1.9533107069588693,-1.9488387843928978
B27R095,TD,6,1500.0,0.003555020206318704,0.003555020206318704,1.9543778310393394,-1.947267790626702
B27R095,TD,6,2000.0,0.004772552613222403,0.004772552613222403,1.955412648613316,-1.9458675433868713
B27R095,TD,6,3000.0,0.007286139119083934,0.007286139119083934,1.9573905782260845,-1.9428182999879167
B27R095,TD,6,5000.0,0.012956915703521421,0.012956915703521421,1.961062264544171,-1.9351484331371283
B27R095,TD,6,7500.0,0.023068193515222712,0.023068193515222712,1.9652692703190715,-1.919132883288626
B27R095,TD,6,10000.0,1.969192197941321,1.969192197941321,1.9691930244589348,1.969191371423707
B27R095,TD,6,15000.0,1.9765227840490098,1.9765227840490098,1.9765233721551185,1.976522195942901
B27R095,TD,6,20000.0,1.9834551893562367,1.9834551893562367,1.9834555324181846,1.9834548462942887
B27R095,TD,6,30000.0,1.9967508607341005,1.9967508607341005,1.9967510567694633,1.9967506646987374
B27R095,TD,6,40000.0,2.009695452110018,2.009695452110018,2.009695520722417,2.0096953834976192
B27R095,TD,6,50000.0,2.022482685911698,2.022482685911698,2.0224826859117364,2.0224826859116605
B27R095,TD,7,0.0,0.0,0.0,1.9601942430394217,-1.9601942430394217
B27R095,TD,7,0.1,1.25663706329604e-07,1.25663706329604e-07,1.960194368703128,-1.9601941173757154
B27R095,TD,7,0.2,2.5132741247319575e-07,2.513274122151188e-07,1.960194494366834,-1.9601939917120095
B27R095,TD,7,0.5,6.283185309039709e-07,6.283185306488193e-07,1.9601948713579522,-1.960193614720891
B27R095,TD,7,1.0,1.2566370616219295e-06,1.2566370615196831e-06,1.9601954996764832,-1.9601929864023602
B27R095,TD,7,2.0,2.513274123057847e-06,2.5132741228173217e-06,1.9601967563135445,-1.9601917297652989
B27R095,TD,7,5.0,6.283185307365599e-06,6.283185307265349e-06,1.9602005262247288,-1.9601879598541143
B27R095,TD,7,10.0,1.2566370614545185e-05,1.2566370614308653e-05,1.960206809410036,-1.9601816766688074
B27R095,TD,7,20.0,2.513274122890436e-05,2.5132741228617306e-05,1.9602193757806503,-1.960169110298193
B27R095,TD,7,50.0,6.283185307198188e-05,6.283185307176531e-05,1.9602570748924935,-1.96013141118635
B27R095,TD,7,100.0,0.00012566370614377776,0.00012566370614353062,1.9603199067455652,-1.9600685793332782
B27R095,TD,7,200.0,0.00025132741228872657,0.00025132741228872657,1.9604455704517116,-1.9599429156271342
B27R095,TD,7,500.0,0.0006283577378102256,0.0006283577378102256,1.9608226399843018,-1.9595659245086814
B27R095,TD,7,800.0,0.0010055448916066467,0.0010055448916066467,1.9611997487239519,-1.9591886589407386
B27R095,TD,7,1000.0,0.0012568723039149132,0.0012568723039149132,1.9614510761362582,-1.9589373315284284
B27R095,TD,7,1500.0,0.0018854064735288611,0.0018854064735288611,1.9620795907023363,-1.9583087777552786
B27R095,TD,7,2000.0,0.002513725004276046,0.002513725004276046,1.9627079092330832,-1.9576804592245312
B27R095,TD,7,3000.0,0.003770636515234904,0.003770636515234904,1.9639648207440439,-1.956423547713574
B27R095,TD,7,5000.0,0.006284361519452331,0.006284361519452331,1.9664786045588718,-1.9539098815199671
B27R095,TD,7,7500.0,0.009426571684503005,0.009426571684503005,1.9696205892832386,-1.9507674459142326
B27R095,TD,7,10000.0,0.012568938677762875,0.012568938677762875,1.9727626720252271,-1.9476247946697014
B27R095,TD,7,15000.0,0.018857782850543403,0.018857782850543403,1.9790467394918567,-1.94133117379077
B27R095,TD,7,20000.0,1.9853308603913995,1.9853308603913995,1.9853311010110088,1.9853306197717902
B27R095,TD,7,30000.0,1.9978994319795955,1.9978994319795955,1.9978994319795955,1.9978994319795955
B27R095,TD,7,40000.0,2.0104676257225123,2.0104676257225123,2.0104676257225123,2.0104676257225123
B27R095,TD,7,50000.0,2.0230358978792484,2.0230358978792484,2.0230358978792484,2.0230358978792484
B27R095,TD,8,0.0,0.0,0.0,1.9525823852078963,-1.9525854041527728
B27R095,TD,8,0.1,1.2566370614359172e-07,-1.3838087319362202e-06,1.9525825108716026,-1.9525852784890665
B27R095,TD,8,0.2,2.5132741228718345e-07,-1.2581450260507054e-06,1.9525826365353085,-1.9525851528253606
B27R095,TD,8,0.5,6.283185307179586e-07,-8.811539075059827e-07,1.952583013526427,-1.952584775834242
B27R095,TD,8,1.0,1.2566370614359173e-06,-2.528353767461411e-07,1.9525836418449578,-1.9525841475157113
B27R095,TD,8,2.0,2.5132741228718346e-06,1.0038016845514974e-06,1.952584898482019,-1.95258289087865
B27R095,TD,8,5.0,6.283185307179587e-06,4.773712869110547e-06,1.9525886683932037,-1.9525791209674654
B27R095,TD,8,10.0,1.2566370614359173e-05,1.1056898176042829e-05,1.9525949515785106,-1.9525728377821585
B27R095,TD,8,20.0,2.5132741228718347e-05,2.362326879035148e-05,1.952607517949125,-1.9525602714115442
B27R095,TD,8,50.0,6.283185307179587e-05,6.132238798639555e-05,1.952645217060968,-1.9525225722849953
B27R095,TD,8,100.0,0.0002745525784565439,0.0002745525784565439,1.9527080489140398,-1.9521589437571267
B27R095,TD,8,200.0,0.0004002162961190825,0.0004002162961190825,1.9528337126293907,-1.9520332800371525
B27R095,TD,8,500.0,0.001130620020434736,0.001130620020434736,1.9534931907589166,-1.9512319507180471
B27R095,TD,8,800.0,0.0018940066462526106,0.0018940066462526106,1.9543051255430282,-1.950517112250523
B27R095,TD,8,1000.0,0.002145334121413822,0.002145334121413822,1.954556452994232,-1.9502657847514044
B27R095,TD,8,1500.0,0.003416678038130838,0.003416678038130838,1.9555827821162932,-1.9487494260400315
B27R095,TD,8,2000.0,0.004583897955777405,0.004583897955777405,1.9565737661710452,-1.9474059702594904
B27R095,TD,8,3000.0,0.007015894539420753,0.007015894539420753,1.958476084939885,-1.9444442958610435
B27R095,TD,8,5000.0,0.012556082163619475,0.012556082163619475,1.9620093114777168,-1.936897147150478
B27R095,TD,8,7500.0,0.02292808702474869,0.02292808702474869,1.9660721528296872,-1.9202159787801898
B27R095,TD,8,10000.0,1.4054584074213343,1.4054584074213343,1.9698799716573132,0.8410368431853552
B27R095,TD,8,15000.0,1.977040807528057,1.977040807528057,1.977041297616478,1.9770403174396363
B27R095,TD,8,20000.0,1.9838587478068166,1.9838587478068166,1.9838590124546092,1.9838584831590238
B27R095,TD,8,30000.0,1.9970155084879075,1.9970155084879075,1.997015704523282,1.9970153124525332
B27R095,TD,8,40000.0,2.009882842340758,2.009882842340758,2.0098829893673003,2.0098826953142157
B27R095,TD,8,50000.0,2.022623106081423,2.022623106081423,2.022623164892086,2.0226230472707596
B30P105,RD,1,0.0,0.0,0.0,1.948610767187619,-1.948611296483149
B30P105,RD,1,0.1,1.2566370614359172e-07,-1.3898405870627073e-07,1.9486108928513253,-1.9486111708194427
B30P105,RD,1,0.2,2.5132741228718345e-07,-1.3320352820755943e-08,1.9486110185150312,-1.9486110451557368
B30P105,RD,1,0.5,6.283185307179586e-07,3.6367076561294454e-07,1.9486113955061497,-1.9486106681646185
B30P105,RD,1,1.0,1.2566370614359173e-06,9.919892964838084e-07,1.9486120238246805,-1.9486100398460875
B30P105,RD,1,2.0,2.5132741228718346e-06,2.248626357781447e-06,1.9486132804617418,-1.9486087832090262
B30P105,RD,1,5.0,6.283185307179587e-06,6.018537542229474e-06,1.9486170503729263,-1.9486050132978419
B30P105,RD,1,10.0,1.2566370614359173e-05,1.2301722849272778e-05,1.9486233335582333,-1.9485987301125347
B30P105,RD,1,20.0,2.5132741228718347e-05,2.486809346358143e-05,1.9486358999288476,-1.9485861637419204
B30P105,RD,1,50.0,0.00015176330392741022,0.00015176330392741022,1.9486735990406907,-1.9483700724328359
B30P105,RD,1,100.0,0.0002145951569992061,0.00021459515699917553,1.9487364308937625,-1.9483072405797641
B30P105,RD,1,200.0,0.0003402588720542443,0.0003402588720542443,1.9488620946067539,-1.9481815768626454
B30P105,RD,1,500.0,0.0009906605513574362,0.0009906605513574362,1.949449176864344,-1.9474678557616292
B30P105,RD,1,800.0,0.0016510109890099933,0.0016510109890099933,1.9501644466096724,-1.9468624246316524
B30P105,RD,1,1000.0,0.0019023384447703906,0.0019023384447703906,1.9504157740536905,-1.9466110971641497
B30P105,RD,1,1500.0,0.0029752651718957246,0.0029752651718957246,1.9513686095192997,-1.9454180791755082
B30P105,RD,1,2000.0,0.003971973470405343,0.003971973470405343,1.9523050957304766,-1.944361148789666
B30P105,RD,1,3000.0,0.005976906968690021,0.005976906968690021,1.9541401547666988,-1.9421863408293187
B30P105,RD,1,5000.0,0.01007617582918352,0.01007617582918352,1.9576801445247185,-1.9375277928663515
B30P105,RD,1,7500.0,0.015478350515854222,0.015478350515854222,1.961894050740101,-1.9309373497083926
B30P105,RD,1,10000.0,0.02140579186162217,0.02140579186162217,1.9659255459125435,-1.9231139621892992
B30P105,RD,1,15000.0,0.0367500414767411,0.0367500414767411,1.9735863701202825,-1.9000862871668003
B30P105,RD,1,20000.0,0.07558518717884366,0.07558518717884366,1.980873452346083,-1.8297030779883956
B30P105,RD,1,30000.0,1.9947724325206941,1.9947724325206941,1.9947725893489763,1.9947722756924118
B30P105,RD,1,40000.0,2.008157583892719,2.008157583892719,2.008157583892738,2.0081575838926993
B30P105,RD,1,50000.0,2.021262042028063,2.021262042028063,2.021262169450991,2.021261914605135
B30P105,RD,2,0.0,0.0,0.0,1.9421508132582812,-1.9421512837431971
B30P105,RD,2,0.1,1.2566370614359172e-07,-1.0957875151706986e-07,1.9421509389219878,-1.9421511580794908
B30P105,RD,2,0.2,2.5132741228718345e-07,1.608495414640032e-08,1.9421510645856934,-1.9421510324157851
B30P105,RD,2,0.5,6.283185307179586e-07,3.930760726911231e-07,1.942151441576812,-1.9421506554246666
B30P105,RD,2,1.0,1.2566370614359173e-06,1.0213946034509647e-06,1.9421520698953427,-1.9421500271061358
B30P105,RD,2,2.0,2.5132741228718346e-06,2.278031664748603e-06,1.942153326532404,-1.9421487704690745
B30P105,RD,2,5.0,6.283185307179587e-06,6.047942849307653e-06,1.9421570964435886,-1.94214500055789
B30P105,RD,2,10.0,1.2566370614359173e-05,1.2331128156239934e-05,1.9421633796288955,-1.942138717372583
B30P105,RD,2,20.0,6.146789696059862e-05,6.146789696059862e-05,1.9421759459995098,-1.9420530102055886
B30P105,RD,2,50.0,0.00011520270908926822,0.00011520270908926822,1.9422136451190077,-1.9419832397008292
B30P105,RD,2,100.0,0.00025632128796926335,0.00025632128796926335,1.942433050423696,-1.9419204078477574
B30P105,RD,2,200.0,0.0003819850069437525,0.0003819850069437525,1.9425587141398772,-1.9417947441259897
B30P105,RD,2,500.0,0.001152644589966001,0.001152644589966001,1.9432436768569066,-1.9409383876769746
B30P105,RD,2,800.0,0.0018474286809490037,0.0018474286809490037,1.9439172695216504,-1.9402224121597524
B30P105,RD,2,1000.0,0.0023102586769397915,0.0023102586769397915,1.9443636521468044,-1.9397431347929248
B30P105,RD,2,1500.0,0.003469097900571372,0.003469097900571372,1.9454658469531732,-1.9385276511520304
B30P105,RD,2,2000.0,0.004631691373240487,0.004631691373240487,1.9465476542215685,-1.9372842714750875
B30P105,RD,2,3000.0,0.006976069926750927,0.006976069926750927,1.9486586918575357,-1.9347065520040339
B30P105,RD,2,5000.0,0.011773940225591084,0.011773940225591084,1.952691632151345,-1.9291437517001628
B30P105,RD,2,7500.0,0.018130160317703647,0.018130160317703647,1.9574370687119225,-1.9211767480765152
B30P105,RD,2,10000.0,0.025157585471733745,0.025157585471733745,1.9619226013825544,-1.9116074304390869
B30P105,RD,2,15000.0,0.04360799822976624,0.04360799822976624,1.9703097368153857,-1.8830937403558532
B30P105,RD,2,20000.0,0.09601279760508896,0.09601279760508896,1.9781462864641899,-1.786120691254012
B30P105,RD,2,30000.0,1.9928054233749957,1.9928054233749957,1.9928057076263148,1.9928051391236767
B30P105,RD,2,40000.0,2.006677026613592,2.006677026613592,2.0066774186843417,2.006676634542842
B30P105,RD,2,50000.0,2.020109941909406,2.020109941909406,2.02011006933255,2.0201098144862626
B30P105,RD,3,0.0,0.0,0.0,1.5449847572627582,-1.5449752299432131
B30P105,RD,3,0.1,4.889323478862728e-06,4.889323478862728e-06,1.5449848829264645,-1.5449751042795068
B30P105,RD,3,0.2,5.01498718500632e-06,5.014987184748243e-06,1.5449850085901704,-1.544974978615801
B30P105,RD,3,0.5,5.391978303437095e-06,5.391978303292966e-06,1.544985385581289,-1.5449746016246824
B30P105,RD,3,1.0,6.020296834155054e-06,6.020296834052807e-06,1.5449860138998197,-1.5449739733061516
B30P105,RD,3,2.0,7.276933895590971e-06,7.276933895350446e-06,1.544987270536881,-1.5449727166690903
B30P105,RD,3,5.0,1.1046845079909495e-05,1.1046845079909495e-05,1.5449910404480656,-1.5449689467579057
B30P105,RD,3,10.0,1.7330030387089084e-05,1.7330030386841777e-05,1.5449973236333725,-1.5449626635725988
B30P105,RD,3,20.0,2.9896401001448254e-05,2.989640100115043e-05,1.5450098900039868,-1.5449500972019845
B30P105,RD,3,50.0,6.759551284452578e-05,6.759551284429843e-05,1.54504758911583,-1.5449123980901414
B30P105,RD,3,100.0,0.00013042757397718763,0.00013042757397718763,1.545110421385024,-1.5448495662370696
B30P105,RD,3,200.0,0.004511862592430194,0.004511862592430194,1.5537476272868125,-1.544723902101952
B30P105,RD,3,500.0,0.011469663660449547,0.011469663660449547,1.5541246192492262,-1.531185291928327
B30P105,RD,3,800.0,0.01702561619790144,0.01702561619790144,1.5648595309804276,-1.5308082985846247
B30P105,RD,3,1000.0,0.02296652745519223,0.02296652745519223,1.5651108593756025,-1.519177804465218
B30P105,RD,3,1500.0,0.03452857116160579,0.03452857116160579,1.57579138107708,-1.5067342387538685
B30P105,RD,3,2000.0,0.04613697095070968,0.04613697095070968,1.586204709618377,-1.4939307677169575
B30P105,RD,3,3000.0,0.06963335095864198,0.06963335095864198,1.6061871553557252,-1.4669204534384412
B30P105,RD,3,5000.0,0.11880847278998674,0.11880847278998674,1.6434595389516895,-1.405842593371716
B30P105,RD,3,7500.0,0.18823358876743945,0.18823358876743945,1.6855214873706832,-1.3090543098358043
B30P105,RD,3,10000.0,0.2837575894144114,0.2837575894144114,1.7233892934333164,-1.1558741146044935
B30P105,RD,3,15000.0,1.7889066389260142,1.7889066389260142,1.788899483637023,1.7889137942150053
B30P105,RD,3,20000.0,1.8429553513613197,1.8429553513613197,1.842964810066442,1.8429458926561975
B30P105,RD,3,30000.0,1.9227665936112421,1.9227665936112421,1.922769857600193,1.922763329622291
B30P105,RD,3,40000.0,1.9723976186816983,1.9723976186816983,1.9723998436834067,1.9723953936799898
B30P105,RD,3,50000.0,2.0028318542899575,2.0028318542899575,2.0028333833663177,2.0028303252135977
B30P105,RD,4,0.0,0.0,0.0,1.9601468024770783,-1.9601468024770783
B30P105,RD,4,0.1,1.25663706329604e-07,1.25663706329604e-07,1.9601469281407846,-1.960146676813372
B30P105,RD,4,0.2,2.5132741247319575e-07,2.513274121040965e-07,1.9601470538044903,-1.960146551149666
B30P105,RD,4,0.5,6.283185309039709e-07,6.283185306488193e-07,1.9601474307956088,-1.9601461741585475
B30P105,RD,4,1.0,1.2566370616219295e-06,1.2566370615196831e-06,1.9601480591141398,-1.9601455458400168
B30P105,RD,4,2.0,2.513274123057847e-06,2.5132741228173217e-06,1.960149315751201,-1.9601442892029555
B30P105,RD,4,5.0,6.283185307365599e-06,6.283185307265349e-06,1.9601530856623854,-1.960140519291771
B30P105,RD,4,10.0,1.2566370614545185e-05,1.2566370614308653e-05,1.9601593688476926,-1.960134236106464
B30P105,RD,4,20.0,2.513274122890436e-05,2.5132741228617306e-05,1.960171935218307,-1.9601216697358497
B30P105,RD,4,50.0,6.322392383495412e-05,6.322392383495412e-05,1.96020963433015,-1.9600831864824801
B30P105,RD,4,100.0,0.00012605577690675,0.0001260557769066084,1.9602724661832216,-1.9600203546294084
B30P105,RD,4,200.0,0.00025171948307722847,0.00025171948307722847,1.960398129889387,-1.9598946909232327
B30P105,RD,4,500.0,0.0006295339501651842,0.0006295339501651842,1.9607757875281877,-1.9595167196278573
B30P105,RD,4,800.0,0.0010075248489603839,0.0010075248489603839,1.9611539352552756,-1.9591388855573548
B30P105,RD,4,1000.0,0.0012588522614078723,0.0012588522614078723,1.9614052626676781,-1.9588875581448624
B30P105,RD,4,1500.0,0.001888807687381533,0.001888807687381533,1.9620347574105557,-1.9582571420357926
B30P105,RD,4,2000.0,0.0025185082678246262,0.0025185082678246262,1.962664193343174,-1.9576271768075248
B30P105,RD,4,3000.0,0.0037778506174540594,0.0037778506174540594,1.9639229867937218,-1.9563672855588137
B30P105,RD,4,5000.0,0.006296848973064706,0.006296848973064706,1.9664399855885812,-1.9538462876424518
B30P105,RD,4,7500.0,0.009446831941092748,0.009446831941092748,1.969585498949891,-1.9506918350677056
B30P105,RD,4,10000.0,0.01259887327934317,0.01259887327934317,1.9727302281692503,-1.947532481610564
B30P105,RD,4,15000.0,0.018918432967897414,0.018918432967897414,1.979018647622067,-1.9411817816862722
B30P105,RD,4,20000.0,0.02530415455378887,0.02530415455378887,1.9853056752216902,-1.9346973661141125
B30P105,RD,4,30000.0,1.997878093528671,1.997878093528671,1.997878064123368,1.9978781229339742
B30P105,RD,4,40000.0,2.010448747514964,2.010448747514964,2.0104487475149604,2.0104487475149675
B30P105,RD,4,50000.0,2.0230185879541893,2.0230185879541893,2.0230185879541893,2.0230185879541893
B30P105,RD,5,0.0,0.0,0.0,1.9598053088423588,-1.9598051128069773
B30P105,RD,5,0.1,2.2368139707129586e-07,2.2368139707129586e-07,1.9598054345060651,-1.959804987143271
B30P105,RD,5,0.2,3.493451032148876e-07,3.4934510284578835e-07,1.9598055601697708,-1.9598048614795651
B30P105,RD,5,0.5,7.263362216456628e-07,7.263362213905111e-07,1.9598059371608894,-1.9598044844884466
B30P105,RD,5,1.0,1.3546547523636214e-06,1.354654752261375e-06,1.9598065654794203,-1.9598038561699158
B30P105,RD,5,2.0,2.6112918137995387e-06,2.6112918135590135e-06,1.9598078221164816,-1.9598025995328545
B30P105,RD,5,5.0,6.381202998107291e-06,6.381202998007041e-06,1.959811592027666,-1.95979882962167
B30P105,RD,5,10.0,1.2664388305286877e-05,1.2664388305050345e-05,1.9598178752129731,-1.959792546436363
B30P105,RD,5,20.0,2.523075891964605e-05,2.5230758919358998e-05,1.9598304415835874,-1.9597799800657487
B30P105,RD,5,50.0,6.632128286376826e-05,6.632128286376826e-05,1.9598681406954306,-1.959735498129703
B30P105,RD,5,100.0,0.00012915313593556414,0.00012915313593542255,1.9599309725485021,-1.9596726662766313
B30P105,RD,5,200.0,0.00025481684241479563,0.00025481684241479563,1.9600566362549017,-1.959547002570072
B30P105,RD,5,500.0,0.0006420998189223814,0.0006420998189223814,1.9604414687893894,-1.9591572691515446
B30P105,RD,5,800.0,0.00102988268423021,0.00102988268423021,1.960831339431341,-1.9587715740628806
B30P105,RD,5,1000.0,0.0012812100981813845,0.0012812100981813845,1.9610826668448034,-1.9585202466484406
B30P105,RD,5,1500.0,0.0019265444981445556,0.0019265444981445556,1.9617230023430874,-1.9578699133467983
B30P105,RD,5,2000.0,0.0025688501563685406,0.0025688501563685406,1.9623626909281764,-1.9572249906154393
B30P105,RD,5,3000.0,0.0038543044181776898,0.0038543044181776898,1.96364069584535,-1.9559320870089947
B30P105,RD,5,5000.0,0.006430123625135953,0.006430123625135953,1.966190765806752,-1.95333051855648
B30P105,RD,5,7500.0,0.009665127139193763,0.009665127139193763,1.9693693895448192,-1.9500391352664317
B30P105,RD,5,10000.0,0.012930692554045886,0.012930692554045886,1.9725413676792873,-1.9466799825711956
B30P105,RD,5,15000.0,0.019687068328702706,0.019687068328702706,1.9788700135998987,-1.9394958769424933
B30P105,RD,5,20000.0,0.027662459999107103,0.027662459999107103,1.9851853290974633,-1.929860409099249
B30P105,RD,5,30000.0,1.9977932984274738,1.9977932984274738,1.9977932984274738,1.9977932984274738
B30P105,RD,5,40000.0,2.01038513403104,2.01038513403104,2.01038513403104,2.01038513403104
B30P105,RD,5,50000.0,2.0229684616996826,2.0229684616996826,2.0229684616996826,2.0229684616996826
B30P105,RD,6,0.0,0.0,0.0,1.9500977543675482,-1.9500989305798375
B30P105,RD,6,0.1,1.2566370614359172e-07,-4.624424383425918e-07,1.9500978800312545,-1.9500988049161312
B30P105,RD,6,0.2,2.5132741228718345e-07,-3.367787325680993e-07,1.9500980056949602,-1.9500986792524253
B30P105,RD,6,0.5,6.283185307179586e-07,4.0212385865601163e-08,1.9500983826860787,-1.950098302261307
B30P105,RD,6,1.0,1.2566370614359173e-06,6.68530916736465e-07,1.9500990110046095,-1.950097673942776
B30P105,RD,6,2.0,2.5132741228718346e-06,1.9251679780341036e-06,1.9501002676416708,-1.9500964173057147
B30P105,RD,6,5.0,6.283185307179587e-06,5.695079162482131e-06,1.9501040375528553,-1.9500926473945304
B30P105,RD,6,10.0,1.2566370614359173e-05,1.1978264469525435e-05,1.9501103207381623,-1.9500863642092232
B30P105,RD,6,20.0,2.5132741228718347e-05,2.4544635083834088e-05,1.9501228871087766,-1.950073797838609
B30P105,RD,6,50.0,0.00013738410868813222,0.00013738410868813222,1.9501605862206197,-1.9498858180032435
B30P105,RD,6,100.0,0.0002002159617599281,0.00020021596175989753,1.9502234180736915,-1.9498229861501717
B30P105,RD,6,200.0,0.00032587967522912376,0.00032587967522912376,1.950349081785518,-1.9496973224350598
B30P105,RD,6,500.0,0.0009276253705237103,0.0009276253705237103,1.9509004267895846,-1.9490451760485372
B30P105,RD,6,800.0,0.0015402902054914014,0.0015402902054914014,1.9515589246930323,-1.9484783442820495
B30P105,RD,6,1000.0,0.001791617653791766,0.001791617653791766,1.9518102521316183,-1.9482270168240348
B30P105,RD,6,1500.0,0.0027882474188175577,0.0027882474188175577,1.952707531176212,-1.947131036338577
B30P105,RD,6,2000.0,0.0037218323107000018,0.0037218323107000018,1.9535944204261018,-1.9461507558047018
B30P105,RD,6,3000.0,0.005595814177529634,0.005595814177529634,1.9553368919551855,-1.9441452636001262
B30P105,RD,6,5000.0,0.009416026692005475,0.009416026692005475,1.9587138390978325,-1.9398817857138215
B30P105,RD,6,7500.0,0.014394372878678063,0.014394372878678063,1.9627650359425106,-1.9339762901851545
B30P105,RD,6,10000.0,0.019759075121856484,0.019759075121856484,1.9666670497592793,-1.9271488995155663
B30P105,RD,6,15000.0,0.03290225685734249,0.03290225685734249,1.9741389938421638,-1.9083344801274789
B30P105,RD,6,20000.0,0.05708065457407452,0.05708065457407452,1.9812978689629501,-1.867136559814801
B30P105,RD,6,30000.0,1.9950410891968655,1.9950410891968655,1.9950413342410709,1.99504084415266
B30P105,RD,6,40000.0,2.0083408769849784,2.0083408769849784,2.0083409750026875,2.0083407789672694
B30P105,RD,6,50000.0,2.021394591379298,2.021394591379298,2.0213946893969883,2.0213944933616075
B30P105,RD,7,0.0,0.0,0.0,1.9546102340056157,-2.2092373957683573e-06
B30P105,RD,7,0.1,0.9773041380478162,0.9773041380478162,1.954610359669322,-2.0835736896247656e-06
B30P105,RD,7,0.2,0.9773042637115225,0.9773042637115222,1.954610485333028,-1.957909983481174e-06
B30P105,RD,7,0.5,0.9773046407026409,0.9773046407026347,1.9546108623241465,-1.5809188770862874e-06
B30P105,RD,7,1.0,0.9773052690211715,0.9773051459275108,1.9546114906426773,-1.1987876556750733e-06
B30P105,RD,7,2.0,0.977306525658233,0.9773062792998707,1.9546127472797385,-1.8867999729104823e-07
B30P105,RD,7,5.0,0.9773102955694173,0.977309679901795,1.954616517190923,2.842612666773258e-06
B30P105,RD,7,10.0,0.9773165787547244,0.9773153478189017,1.95462280037623,7.89526157346448e-06
B30P105,RD,7,20.0,0.9773291451253389,0.9773266826546094,1.9546353667468443,1.7998562374567646e-05
B30P105,RD,7,50.0,0.9773668442371819,0.9773606937223507,1.9546730658586875,4.832158601391864e-05
B30P105,RD,7,100.0,0.9774296760902538,0.977417366645283,1.9547358977117593,9.883557880683185e-05
B30P105,RD,7,200.0,0.9775553397963973,0.9775307218211079,1.9548615614211369,0.00019988222107883297
B30P105,RD,7,500.0,0.9779323309148281,0.9779203913622845,1.9553377660558626,0.000503016668706245
B30P105,RD,7,800.0,0.9783396723815794,0.9783396723815794,1.9558731929567803,0.0008061518063784257
B30P105,RD,7,1000.0,0.9785909997938667,0.9785663817749503,1.9561245203840456,0.0010082431658549238
B30P105,RD,7,1500.0,0.9792193183245845,0.9792097446178928,1.9569060209450422,0.0015134682907433222
B30P105,RD,7,2000.0,0.9798494913561557,0.9798494913561557,1.9576802878459925,0.002018694866318949
B30P105,RD,7,3000.0,0.9811197215781299,0.9811197215781299,1.9592102962366258,0.0030291469196339167
B30P105,RD,7,5000.0,0.9836329957010017,0.9836298960583789,1.9622097380715622,0.005050054045195556
B30P105,RD,7,7500.0,0.9867745883545914,0.9867188003418146,1.9658614147996194,0.007576185884009769
B30P105,RD,7,10000.0,0.9899161810081812,0.9897651061865341,1.9694278944934673,0.010102317879600958
B30P105,RD,7,15000.0,0.9961993663153609,0.9957634077137827,1.9763722288516763,0.015154586575889037
B30P105,RD,7,20000.0,1.0024825516225404,1.0016729818341243,1.9831391117290582,0.020206851939190553
B30P105,RD,7,30000.0,1.0150489222368997,1.0133324497426202,1.9963534970190984,0.030311402466142164
B30P105,RD,7,40000.0,1.0276152928512587,1.0248688526999856,2.009321740057432,0.04041596534253911
B30P105,RD,7,50000.0,1.040181663465618,1.0363373474382158,2.0221541305872672,0.050520564289164495
B30P105,RD,8,0.0,0.0,0.0,1.9077171396724366,-1.9077139050886405
B30P105,RD,8,0.1,1.742955604400187e-06,1.742955604400187e-06,1.907717265336143,-1.9077137794249341
B30P105,RD,8,0.2,1.8686193105437788e-06,1.8686193102857018e-06,1.9077173909998488,-1.9077136537612283
B30P105,RD,8,0.5,2.245610428974554e-06,2.2456104287194023e-06,1.9077177679909674,-1.90771327677011
B30P105,RD,8,1.0,2.8739289596925124e-06,2.873928959590266e-06,1.9077183963094981,-1.907712648451579
B30P105,RD,8,2.0,4.13056602112843e-06,4.130566020887905e-06,1.9077196529465594,-1.9077113918145177
B30P105,RD,8,5.0,7.900477205436182e-06,7.900477205335932e-06,1.907723422857744,-1.9077076219033333
B30P105,RD,8,10.0,1.4183662512615768e-05,1.4183662512379236e-05,1.907729706043051,-1.9077013387180262
B30P105,RD,8,20.0,2.675003312697494e-05,2.675003312668789e-05,1.9077422724136652,-1.9076887723474119
B30P105,RD,8,50.0,0.00043814159111432716,0.00043814159111432716,1.9077799715255084,-1.9069036883432797
B30P105,RD,8,100.0,0.000500973444186123,0.0005009734441860925,1.9078428033785801,-1.906840856490208
B30P105,RD,8,200.0,0.0006266371874791288,0.0006266371874791288,1.907968467113543,-1.9067151927385848
B30P105,RD,8,500.0,0.002143427060257719,0.002143427060257719,1.9092296758617378,-1.9049428217412223
B30P105,RD,8,800.0,0.0034301007443839904,0.0034301007443839904,1.9104651255599456,-1.9036049240711777
B30P105,RD,8,1000.0,0.003963268350703708,0.003963268350703708,1.911280133131541,-1.9033535964301336
B30P105,RD,8,1500.0,0.006443170261623554,0.006443170261623554,1.9132720736261966,-1.9003857331029494
B30P105,RD,8,2000.0,0.008609122041576378,0.008609122041576378,1.9152140255079444,-1.8979957814247916
B30P105,RD,8,3000.0,0.012988661457207007,0.012988661457207007,1.9189457267891397,-1.8929684038747256
B30P105,RD,8,5000.0,0.022069198814453905,0.022069198814453905,1.9258721687147415,-1.8817337710858337
B30P105,RD,8,7500.0,0.03443438372193208,0.03443438372193208,1.9337078874953444,-1.8648391200514802
B30P105,RD,8,10000.0,0.048819300169993696,0.048819300169993696,1.9407940252574267,-1.8431554249174393
B30P105,RD,8,15000.0,0.09411805511866445,0.09411805511866445,1.9532973947802599,-1.765061284542931
B30P105,RD,8,20000.0,1.9641981600715073,1.9641981600715073,1.964198682344892,1.9641976377981223
B30P105,RD,8,30000.0,1.983008526154142,1.983008526154142,1.9830094475203432,1.9830076047879404
B30P105,RD,8,40000.0,1.9994649826255078,1.9994649826255078,1.9994652766786574,1.9994646885723584
B30P105,RD,8,50000.0,2.0146033953163434,2.0146033953163434,2.0146035521447243,2.0146032384879624
B30P105,TD,1,0.0,0.0,0.0,1.9407096983576428,-1.9407220485866827
B30P105,TD,1,0.1,1.2566370614359172e-07,-6.04945081361663e-06,1.9407098240213492,-1.9407219229229764
B30P105,TD,1,0.2,2.5132741228718345e-07,-5.9237871077311155e-06,1.940709949685055,-1.9407217972592705
B30P105,TD,1,0.5,6.283185307179586e-07,-5.546795989186393e-06,1.9407103266761736,-1.940721420268152
B30P105,TD,1,1.0,1.2566370614359173e-06,-4.918477458426551e-06,1.9407109549947044,-1.9407207919496212
B30P105,TD,1,2.0,2.5132741228718346e-06,-3.6618403971289126e-06,1.9407122116317657,-1.94071953531256
B30P105,TD,1,5.0,6.283185307179587e-06,1.0807078743013676e-07,1.9407159815429502,-1.9407157654013754
B30P105,TD,1,10.0,1.2566370614359173e-05,6.391256094362419e-06,1.9407222647282572,-1.9407094822160684
B30P105,TD,1,20.0,2.5132741228718347e-05,1.895762670867107e-05,1.9407348310988715,-1.9406969158454541
B30P105,TD,1,50.0,0.00037987007393858185,0.00037987007393858185,1.9407725302107146,-1.9400127900628374
B30P105,TD,1,100.0,0.00044270192701037774,0.00044270192701034716,1.9408353620637864,-1.9399499582097657
B30P105,TD,1,200.0,0.0005683656647890167,0.0005683656647890167,1.9409610257934333,-1.9398242944638553
B30P105,TD,1,500.0,0.0019159671783713916,0.0019159671783713916,1.9420591331304937,-1.938227198773751
B30P105,TD,1,800.0,0.0028512181553222993,0.0028512181553222993,1.9435526436737598,-1.9378502073631152
B30P105,TD,1,1000.0,0.0038496559951392006,0.0038496559951392006,1.9438039711851534,-1.936104659194875
B30P105,TD,1,1500.0,0.005816484360182783,0.005816484360182783,1.9454458709410498,-1.9338129022206842
B30P105,TD,1,2000.0,0.007836468181651957,0.007836468181651957,1.9470070436121267,-1.9313341072488228
B30P105,TD,1,3000.0,0.012144935031331627,0.012144935031331627,1.949909201593025,-1.9256193315303618
B30P105,TD,1,5000.0,0.02285591814584198,0.02285591814584198,1.9550262174705917,-1.9093143811789077
B30P105,TD,1,7500.0,0.05815553696465081,0.05815553696465081,1.9605271744223962,-1.8442161004930946
B30P105,TD,1,10000.0,1.435880962447329,1.435880962447329,1.9653761566553052,0.9063857682393526
B30P105,TD,1,15000.0,1.973909534500472,1.973909534500472,1.9739104166596462,1.9739086523412979
B30P105,TD,1,20000.0,1.9815623990462208,1.9815623990462208,1.9815629871524019,1.98156181094004
B30P105,TD,1,30000.0,1.9956359487649569,1.9956359487649569,1.9956360859897182,1.9956358115401955
B30P105,TD,1,40000.0,2.0089660338131305,2.0089660338131305,2.0089661318308263,2.008965935795435
B30P105,TD,1,50000.0,2.021970739392793,2.021970739392793,2.0219710334457575,2.0219704453398286
B30P105,TD,2,0.0,0.0,0.0,1.9390824086551137,-1.9394701666398872
B30P105,TD,2,0.1,1.2566370614359172e-07,-0.00019375332868043493,1.93908253431882,-1.939470040976181
B30P105,TD,2,0.2,2.5132741228718345e-07,-0.00019362766497454942,1.939082659982526,-1.939469915312475
B30P105,TD,2,0.5,6.283185307179586e-07,-0.0001932506738560047,1.9390830369736445,-1.9394695383213565
B30P105,TD,2,1.0,1.2566370614359173e-06,-0.00019262235532524485,1.9390836652921752,-1.9394689100028257
B30P105,TD,2,2.0,2.5132741228718346e-06,-0.00019136571826394722,1.9390849219292365,-1.9394676533657644
B30P105,TD,2,5.0,6.283185307179587e-06,-0.00018759580707938817,1.939088691840421,-1.9394638834545799
B30P105,TD,2,10.0,1.2566370614359173e-05,-0.00018131262177245588,1.939094975025728,-1.939457600269273
B30P105,TD,2,20.0,2.5132741228718347e-05,-0.00016874625115814723,1.9391075413963423,-1.9394450338986586
B30P105,TD,2,50.0,0.00019417556830736427,0.00019417556830736427,1.9391452405273344,-1.9387568893907197
B30P105,TD,2,100.0,0.00045284675800705276,0.00045284675800705276,1.9395997510536622,-1.9386940575376481
B30P105,TD,2,200.0,0.0005785104965672083,0.0005785104965672083,1.9397254147837686,-1.9385683937906342
B30P105,TD,2,500.0,0.0019500871746206405,0.0019500871746206405,1.9408376170674382,-1.936937442718197
B30P105,TD,2,800.0,0.0033527353877047528,0.0033527353877047528,1.9423695701459003,-1.9356640993704908
B30P105,TD,2,1000.0,0.003919973890211037,0.003919973890211037,1.9426208976617716,-1.9347809498813495
B30P105,TD,2,1500.0,0.005924617476192218,0.005924617476192218,1.9443085912777565,-1.932459356325372
B30P105,TD,2,2000.0,0.007975084803592658,0.007975084803592658,1.9459106177302976,-1.9299604481231123
B30P105,TD,2,3000.0,0.012320602330866182,0.012320602330866182,1.9488881513126906,-1.9242469466509582
B30P105,TD,2,5000.0,0.022855624099268446,0.022855624099268446,1.9541436661775857,-1.9084324179790488
B30P105,TD,2,7500.0,0.049079667413249206,0.049079667413249206,1.9597945117853925,-1.8616351769588941
B30P105,TD,2,10000.0,1.2656708803368866,1.2656708803368866,1.964762448275116,0.5665793123986571
B30P105,TD,2,15000.0,1.9734682098642597,1.9734682098642597,1.9734678668024856,1.9734685529260336
B30P105,TD,2,20000.0,1.981234108380576,1.981234108380576,1.981234745495446,1.981233471265706
B30P105,TD,2,30000.0,1.9954378844270828,1.9954378844270828,1.9954381490748436,1.995437619779322
B30P105,TD,2,40000.0,2.008835533051317,2.008835533051317,2.0088357682937783,2.0088352978088553
B30P105,TD,2,50000.0,2.0218793868833913,2.0218793868833913,2.021879563315267,2.0218792104515155
B30P105,TD,3,0.0,0.0,0.0,1.4534162580576455,-1.4534088675237598
B30P105,TD,3,0.1,3.820930649212073e-06,3.820930649212073e-06,1.4534163837213518,-1.4534087418600534
B30P105,TD,3,0.2,3.9465943553556645e-06,3.946594354986566e-06,1.4534165093850575,-1.4534086161963475
B30P105,TD,3,0.5,4.32358547378644e-06,4.323585473420266e-06,1.453416886376176,-1.4534082392052292
B30P105,TD,3,1.0,4.9519040045043985e-06,4.95190400429113e-06,1.4534175146947068,-1.4534076108866982
B30P105,TD,3,2.0,6.208541065940316e-06,6.2085410655887685e-06,1.4534187713317681,-1.453406354249637
B30P105,TD,3,5.0,9.978452250248068e-06,9.978452250036796e-06,1.4534225412429527,-1.4534025843384526
B30P105,TD,3,10.0,1.6261637557427654e-05,1.62616375570801e-05,1.4534288244282596,-1.4533963011531454
B30P105,TD,3,20.0,2.8828008171786828e-05,2.8828008171388753e-05,1.453441390798874,-1.4533837347825311
B30P105,TD,3,50.0,6.652712001486435e-05,6.652712001453676e-05,1.453479089910717,-1.453346035670688
B30P105,TD,3,100.0,0.00012935926976831436,0.00012935926976831436,1.4535419223571528,-1.4532832038176162
B30P105,TD,3,200.0,0.006323484461601803,0.006323484461601803,1.4658045084110232,-1.4531575394878196
B30P105,TD,3,500.0,0.016267825837454786,0.016267825837454786,1.4661815007281473,-1.4336458490532378
B30P105,TD,3,800.0,0.02400039877693505,0.02400039877693505,1.4812696522022455,-1.4332688546483754
B30P105,TD,3,1000.0,0.03265448867831311,0.03265448867831311,1.4815209809930325,-1.4162120036364063
B30P105,TD,3,1500.0,0.049173658928701625,0.049173658928701625,1.4962475156959616,-1.3979001978385583
B30P105,TD,3,2000.0,0.06593017444197535,0.06593017444197535,1.5104162555709566,-1.378555906687006
B30P105,TD,3,3000.0,0.10068859099965477,0.10068859099965477,1.537406848293692,-1.3360296662943825
B30P105,TD,3,5000.0,0.18010103130408128,0.18010103130408128,1.5866104540639732,-1.2264083914558106
B30P105,TD,3,7500.0,1.5409199119884427,1.5409199119884427,1.6411480160376761,1.4406918079392095
B30P105,TD,3,10000.0,1.5977235052309597,1.5977235052309597,1.6896054366304363,1.5058415738314832
B30P105,TD,3,15000.0,1.6997268167491297,1.6997268167491297,1.7728490889214457,1.6266045445768138
B30P105,TD,3,20000.0,1.7913241850654944,1.7913241850654944,1.841584425126226,1.7410639450047625
B30P105,TD,3,30000.0,1.9423379137571724,1.9423379137571724,1.942338697899176,1.9423371296151688
B30P105,TD,3,40000.0,1.9947131981879864,1.9947131981879864,1.9947172365164474,1.9947091598595255
B30P105,TD,3,50000.0,2.0177956604955813,2.0177956604955813,2.017797885498162,2.0177934354930005
B30P105,TD,4,0.0,0.0,0.0,1.958653993046316,-1.9586532089047897
B30P105,TD,4,0.1,5.177344695184161e-07,5.177344695184161e-07,1.9586541187100224,-1.9586530832410833
B30P105,TD,4,0.2,6.433981756620078e-07,6.433981754039308e-07,1.9586542443737283,-1.9586529575773775
B30P105,TD,4,0.5,1.020389294092783e-06,1.0203892938376313e-06,1.9586546213648468,-1.9586525805862591
B30P105,TD,4,1.0,1.6487078248107416e-06,1.6487078247084952e-06,1.9586552496833776,-1.9586519522677281
B30P105,TD,4,2.0,2.905344886246659e-06,2.9053448860061337e-06,1.9586565063204389,-1.9586506956306668
B30P105,TD,4,5.0,6.6752560705544105e-06,6.675256070454161e-06,1.9586602762316234,-1.9586469257194825
B30P105,TD,4,10.0,1.2958441377733997e-05,1.2958441377497465e-05,1.9586665594169304,-1.9586406425341754
B30P105,TD,4,20.0,2.552481199209317e-05,2.5524811991806118e-05,1.9586791257875447,-1.958628076163561
B30P105,TD,4,50.0,7.524089272592516e-05,7.524089272592516e-05,1.9587168248993878,-1.958566343113936
B30P105,TD,4,100.0,0.00013807274579772104,0.00013807274579769047,1.9587796567524596,-1.9585035112608642
B30P105,TD,4,200.0,0.00026373645311683624,0.00026373645311683624,1.9589053204594915,-1.9583778475532578
B30P105,TD,4,500.0,0.0006767882819300741,0.0006767882819300741,1.9593095604987893,-1.9579559839349292
B30P105,TD,4,800.0,0.001092016098423243,0.001092016098423243,1.9597321494432614,-1.9575481172464149
B30P105,TD,4,1000.0,0.0013433435164781349,0.0013433435164781349,1.9599834768597733,-1.957296789826817
B30P105,TD,4,1500.0,0.002030649087010561,0.002030649087010561,1.9606550015838282,-1.956593703409807
B30P105,TD,4,2000.0,0.0027085253727376912,0.0027085253727376912,1.9613249580376861,-1.9559079072922108
B30P105,TD,4,3000.0,0.004065473736222236,0.004065473736222236,1.9626588330365036,-1.954527885564059
B30P105,TD,4,5000.0,0.006790407245672925,0.006790407245672925,1.9653089202425404,-1.9517281057511946
B30P105,TD,4,7500.0,0.010234727541310384,0.010234727541310384,1.9685939519880968,-1.948124496905476
B30P105,TD,4,10000.0,0.013747777795877325,0.013747777795877325,1.9718547341408499,-1.9443591785490952
B30P105,TD,4,15000.0,0.02120668577119489,0.02120668577119489,1.9783223887764552,-1.9359090172340654
B30P105,TD,4,20000.0,0.03036365098044924,0.03036365098044924,1.9847400543191696,-1.924012752358271
B30P105,TD,4,30000.0,1.9974860521865216,1.9974860521865216,1.997485993375916,1.9974861109971276
B30P105,TD,4,40000.0,2.01016382967822,2.01016382967822,2.0101638296782127,2.0101638296782274
B30P105,TD,4,50000.0,2.0228041644149477,2.0228041644149477,2.0228042820361116,2.022804046793784
B30P105,TD,5,0.0,0.0,0.0,1.9556402431075344,-5.168504201123295e-05
B30P105,TD,5,0.1,0.9777944046964678,0.9777944046964678,1.9556403687712407,-5.155937830508936e-05
B30P105,TD,5,0.2,0.977794530360174,0.9777945303601738,1.9556404944349466,-5.143371459894577e-05
B30P105,TD,5,0.5,0.9777949073512925,0.9777949073512922,1.955640871426065,-5.105672348051499e-05
B30P105,TD,5,1.0,0.9777955356698231,0.977795535669823,1.955641499744596,-5.0428404949797035e-05
B30P105,TD,5,2.0,0.9777967923068845,0.9777967923068603,1.9556427563816572,-4.9171767936523285e-05
B30P105,TD,5,5.0,0.9778005622180689,0.9777998233705552,1.9556465262928415,-4.687955173131544e-05
B30P105,TD,5,10.0,0.977806845403376,0.9778054906028916,1.9556528094781487,-4.182827236551761e-05
B30P105,TD,5,20.0,0.9778194117739905,0.9778168250685825,1.955665375848763,-3.1725711598018566e-05
B30P105,TD,5,50.0,0.9778571108858335,0.9778508276643607,1.9557030749606061,-1.4196318847072197e-06
B30P105,TD,5,100.0,0.9779199427389054,0.9779075020418748,1.955765906813678,4.909727007179585e-05
B30P105,TD,5,200.0,0.9780456064450489,0.9780208436086687,1.9558915705225468,0.0001501166947906976
B30P105,TD,5,500.0,0.9784225975634797,0.9784026794792542,1.9563521707395273,0.0004531882189810972
B30P105,TD,5,800.0,0.9788104098105498,0.9788104098105498,1.9568645242779124,0.0007562953431872989
B30P105,TD,5,1000.0,0.9790617372228371,0.9790370879253097,1.957115851702841,0.0009583241477784768
B30P105,TD,5,1500.0,0.979690055753555,0.9796684651369386,1.9578734555534578,0.0014634747204194795
B30P105,TD,5,2000.0,0.9803183742842729,0.9802968555433873,1.958625080363534,0.001968630723240461
B30P105,TD,5,3000.0,0.9815750113457089,0.9815465360925142,1.9601141565678386,0.0029789156171897476
B30P105,TD,5,5000.0,0.9840882854685807,0.9840169303408031,1.9630344001141966,0.004999460567409434
B30P105,TD,5,7500.0,0.9872298781221704,0.9870629275751964,1.966600664224639,0.007525190925753801
B30P105,TD,5,10000.0,0.9903714707757603,0.9900720077164419,1.9700931601734928,0.010050855259391077
B30P105,TD,5,15000.0,0.9966546560829399,0.9960104424773037,1.9769185794468271,0.015102305507780264
B30P105,TD,5,20000.0,1.0029378413901195,1.001874174618172,1.983594619552858,0.020153729683486034
B30P105,TD,5,30000.0,1.0155042120044786,1.0134691180571362,1.9966816602357942,0.03025657587847839
B30P105,TD,5,40000.0,1.0280705826188379,1.024963506428787,2.009567568436045,0.0403594444215288
B30P105,TD,5,50000.0,1.040636953233197,1.036403363937036,2.0223443829557355,0.05046234491833655
B30P105,TD,6,0.0,0.0,0.0,1.9483651544580323,-1.9480842553597604
B30P105,TD,6,0.1,0.00014057521284227548,0.00014057521284227548,1.9483652801217386,-1.948084129696054
B30P105,TD,6,0.2,0.00014070087654841909,0.00014070087654804997,1.9483654057854445,-1.9480840040323484
B30P105,TD,6,0.5,0.00014107786766684986,0.0001410778676665947,1.948365782776563,-1.9480836270412298
B30P105,TD,6,1.0,0.00014170618619756782,0.00014170618619735453,1.9483664110950938,-1.948082998722699
B30P105,TD,6,2.0,0.00014296282325900372,0.00014296282325865217,1.948367667732155,-1.9480817420856378
B30P105,TD,6,5.0,0.00014673273444331148,0.00014673273444321122,1.9483714376433396,-1.9480779721744532
B30P105,TD,6,10.0,0.00015301591975049107,0.00015301591975025453,1.9483777208286466,-1.948071688989146
B30P105,TD,6,20.0,0.00016558229036485025,0.00016558229036445216,1.9483902871992609,-1.948059122618532
B30P105,TD,6,50.0,0.00020328140653236293,0.00020328140653236293,1.948427986311104,-1.9480214234980393
B30P105,TD,6,100.0,0.00035457422510876135,0.00035457422510876135,1.9484908181641758,-1.9477816697139583
B30P105,TD,6,200.0,0.0005597989021181027,0.0005597989021181027,1.948616481884444,-1.9474968840802078
B30P105,TD,6,500.0,0.0014012860888243939,0.0014012860888243939,1.9494268288578367,-1.946624256680188
B30P105,TD,6,800.0,0.0023737542697606084,0.0023737542697606084,1.9504733787675108,-1.9457258702279896
B30P105,TD,6,1000.0,0.002808796282384285,0.002808796282384285,1.9507247062397843,-1.9451071136750158
B30P105,TD,6,1500.0,0.004239046461891216,0.004239046461891216,1.951966517429522,-1.9434884245057396
B30P105,TD,6,2000.0,0.005697349579115052,0.005697349579115052,1.9531594179637113,-1.9417647188054812
B30P105,TD,6,3000.0,0.008755738011443692,0.008755738011443692,1.9554065433502514,-1.937895067327364
B30P105,TD,6,5000.0,0.015940211489870237,0.015940211489870237,1.9594986275145165,-1.927618204534776
B30P105,TD,6,7500.0,0.03077773571837228,0.03077773571837228,1.964071415718873,-1.9025159442821284
B30P105,TD,6,10000.0,1.411389085659493,1.411389085659493,1.9682514860932616,0.8545266852257243
B30P105,TD,6,15000.0,1.9759038023590674,1.9759038023590674,1.9759042924475345,1.9759033122706005
B30P105,TD,6,20000.0,1.9830230881452091,1.9830230881452091,1.983023666449574,1.9830225098408443
B30P105,TD,6,30000.0,1.9965117269872303,1.9965117269872303,1.996511952427886,1.9965115015465744
B30P105,TD,6,40000.0,2.009547376773361,2.009547376773361,2.0095473767733885,2.0095473767733334
B30P105,TD,6,50000.0,2.0223844525545074,2.0223844525545074,2.0223845701756717,2.0223843349333435
B30P105,TD,7,0.0,0.0,0.0,1.9532998158938795,-1.9534327866932077
B30P105,TD,7,0.1,1.2566370614359172e-07,-6.635973595781053e-05,1.9532999415575858,-1.9534326610295014
B30P105,TD,7,0.2,2.5132741228718345e-07,-6.623407225192501e-05,1.9533000672212917,-1.9534325353657955
B30P105,TD,7,0.5,6.283185307179586e-07,-6.585708113349131e-05,1.95330044421241,-1.953432158374677
B30P105,TD,7,1.0,1.2566370614359173e-06,-6.522876260262045e-05,1.953301072530941,-1.9534315300561462
B30P105,TD,7,2.0,2.5132741228718346e-06,-6.397212554132281e-05,1.9533023291680023,-1.953430273419085
B30P105,TD,7,5.0,6.283185307179587e-06,-6.0202214356874784e-05,1.9533060990791866,-1.9534265035079004
B30P105,TD,7,10.0,1.2566370614359173e-05,-5.391902904983148e-05,1.9533123822644938,-1.9534202203225934
B30P105,TD,7,20.0,2.5132741228718347e-05,-4.1352658435522827e-05,1.953324948635108,-1.9534076539519791
B30P105,TD,7,50.0,6.283185307179587e-05,-3.6535387832881128e-06,1.9533626477491681,-1.9533699548267347
B30P105,TD,7,100.0,0.0002189079375534142,0.0002189079375534142,1.953470822588102,-1.953033006712995
B30P105,TD,7,200.0,0.00038873842335573894,0.00038873842335573894,1.9536848198411392,-1.9529073429944277
B30P105,TD,7,500.0,0.0010831892506933949,0.0010831892506933949,1.954315559168821,-1.9521491806674343
B30P105,TD,7,800.0,0.0017340712164722882,0.0017340712164722882,1.9549330857109115,-1.951464943277967
B30P105,TD,7,1000.0,0.0021709461275207786,0.0021709461275207786,1.9553381048672485,-1.950996212612207
B30P105,TD,7,1500.0,0.0032735722116813415,0.0032735722116813415,1.9563237958591881,-1.9497766514358255
B30P105,TD,7,2000.0,0.004391234371962205,0.004391234371962205,1.9572811402352421,-1.9484986714913177
B30P105,TD,7,3000.0,0.006712833632904758,0.006712833632904758,1.959114827020088,-1.9456891597542785
B30P105,TD,7,5000.0,0.012003919115280759,0.012003919115280759,1.962540371330405,-1.9385325330998435
B30P105,TD,7,7500.0,0.02190658586425176,0.02190658586425176,1.9665046852968446,-1.9226915135683411
B30P105,TD,7,10000.0,1.9702383110788322,1.9702383110788322,1.9702392653136707,1.9702373568439935
B30P105,TD,7,15000.0,1.9772969277446788,1.9772969277446788,1.9772969277446988,1.9772969277446586
B30P105,TD,7,20000.0,1.9840506566515004,1.9840506566515004,1.9840507938762506,1.9840505194267501
B30P105,TD,7,30000.0,1.9971344039412444,1.9971344039412444,1.997134501958944,1.997134305923545
B30P105,TD,7,40000.0,2.0099635991208835,2.0099635991208835,2.0099637559491814,2.009963442292585
B30P105,TD,7,50000.0,2.0226817304744875,2.0226817304744875,2.022681857897502,2.0226816030514736
B30P105,TD,8,0.0,0.0,0.0,1.8992086160055461,-1.8988726113615113
B30P105,TD,8,0.1,0.00016812798572374277,0.00016812798572374277,1.8992087416692525,-1.898872485697805
B30P105,TD,8,0.2,0.00016825364942988638,0.00016825364942962828,1.8992088673329584,-1.898872360034099
B30P105,TD,8,0.5,0.00016863064054831715,0.00016863064054795096,1.8992092443240767,-1.8988719830429808
B30P105,TD,8,1.0,0.00016925895907903511,0.00016925895907893285,1.8992098726426077,-1.8988713547244498
B30P105,TD,8,2.0,0.00017051559614047102,0.00017051559614023049,1.899211129279669,-1.8988700980873885
B30P105,TD,8,5.0,0.00017428550732477877,0.0001742855073246785,1.8992148991908535,-1.8988663281762042
B30P105,TD,8,10.0,0.00018056869263195836,0.00018056869263172182,1.8992211823761604,-1.898860044990897
B30P105,TD,8,20.0,0.00019313506324631754,0.00019313506324603047,1.8992337487467748,-1.8988474786202827
B30P105,TD,8,50.0,0.00023083418388736288,0.00023083418388736288,1.8992714478762143,-1.8988097795084395
B30P105,TD,8,100.0,0.00047362656313154616,0.00047362656313154616,1.8996942007070772,-1.898746947580814
B30P105,TD,8,200.0,0.0017176721386823468,0.0017176721386823468,1.9005316689164917,-1.897096324639127
B30P105,TD,8,500.0,0.004308245886436635,0.004308245886436635,1.9029808521289417,-1.8943643603560685
B30P105,TD,8,800.0,0.006912345907269746,0.006912345907269746,1.9053279008991588,-1.8915032090846193
B30P105,TD,8,1000.0,0.0077903007522985845,0.0077903007522985845,1.906832482550833,-1.8912518810462358
B30P105,TD,8,1500.0,0.013103188064259919,0.013103188064259919,1.9104267180601868,-1.884220341931667
B30P105,TD,8,2000.0,0.017693176721218062,0.017693176721218062,1.9137837515999883,-1.8783973981575521
B30P105,TD,8,3000.0,0.02757217514185173,0.02757217514185173,1.9199299029351795,-1.864785552651476
B30P105,TD,8,5000.0,0.053615074567729404,0.053615074567729404,1.9303243869484281,-1.8230942378129693
B30P105,TD,8,7500.0,1.9407838983502237,1.9407838983502237,1.9407848431519028,1.9407829535485444
B30P105,TD,8,10000.0,1.9493245439155882,1.9493245439155882,1.9493263474409905,1.9493227403901858
B30P105,TD,8,15000.0,1.9628518946063693,1.9628518946063693,1.9628530414133702,1.9628507477993684
B30P105,TD,8,20000.0,1.973585934630263,1.973585934630263,1.9735872088602278,1.9735846604002985
B30P105,TD,8,30000.0,1.9910236873604132,1.9910236873604132,1.9910236873604332,1.991023687360393
B30P105,TD,8,40000.0,2.006008879085843,2.006008879085843,2.0060090163105926,2.0060087418610926
B30P105,TD,8,50000.0,2.0199310887592556,2.0199310887592556,2.019931284794605,2.019930892723907
