max_branch_inversion_error_T,min_signed_endpoint_m_projection,max_energy_density_J_per_m3,max_residual_torque_T,hmax_A_per_m,rows,unforced_midpoint_H0_T,B800_before_guard_T,B800_after_guard_T,max_guard_change_T,manifest_seed,grain_id,table_sha256,script_sha256,max_abs_mz,endpoint_screen_failed,inversion_screen_failed
0.00037630951848877103,0.9996866,130159.63671874997,,50000.005513289674,102,1.41145474741311e-06,0.0022736586316273177,0.0022736586316273177,2.8705268956090435e-16,20261004,1,2a09ff3a49417420d876aa3f69e5fffc52f85f1a3e41b3cf5cf192a63c8b3165,efc15d1ec44beb2d5ec2e816b5a9ffc954a5555ec5f92c710397f577e612aafc,0.002445459,False,False
1.699528066280802,0.9942802,128064.27343749997,,50000.005513289674,102,2.254406888169136e-06,0.02684707591854585,0.02684707591854585,0.15819913033413358,20261004,2,26c1bbc347d9b94dcbee5c4f82ec049b6823857fc9cec0f17f54f10ff87af402,b8d0d79922f69226a205fbc86f92fa82eb20af1a25e9c5d269914f8c3c4c2968,0.007693261,False,True
2.4371000037117403,0.99715495,119978.72656249997,,50000.005513289674,102,1.153409052045635,1.1876637672197774,1.1876637672197774,2.220446049250313e-16,20261004,3,137c7adf74a5db23087100b7aaeadf91c7414d9e0afce9d897004e7fce189129,3ca08dd554cc37b658f5edb8091ad20f9bc6e4a7a6bc8cadecb3429f2a79f2d2,0.0066594845,False,True
0.253053330908771,0.99417317,123380.82031249997,,50000.005513289674,102,8.82159217119316e-07,0.01488804528447385,0.01488804528447385,2.9782356051819003e-16,20261004,4,46c55efbec2ab3186499c1dfd38878a5251c10cabb3322c46ad5c1528a6f3e4b,3ce201ea24a9fca6e40a4076b20fcffef565ef5896e69c193bf11e7d0cb1d6f4,0.007893579,False,True
2.539961238694229,0.99972475,130358.41796874999,,50000.005513289674,102,4.675443850776784e-05,0.0018570343732856598,0.0018570343732856598,2.8705607769269337e-16,20261004,5,f3362d0736750f553a2c2fc60be886165ad00963f988632311c3972b3e6a6445,d785ff3534b1091012e7943cea6a34410bd0c242599731f0e6eb5a01613e1789,0.0013248927,False,True
0.2492492643291333,0.9995841,130266.95312499999,,50000.005513289674,102,4.312778396631245e-07,0.0023789295679077505,0.0023789295679077505,3.9807499202342e-16,20261004,6,f1e10d04c69caf3f0117e72371b101aa209209384ef53d0f548220e1838ff2d1,de10db2f78dfca367732afcdb32c489a080c4efd03f23882e625d86adfd38bfb,0.00090042467,False,True
8.998024014694739e-05,0.9991785,129180.79296874997,,50000.005513289674,102,-3.5972492521407773e-06,0.0029453249436119933,0.0029453249436119933,3.5972492524348866e-06,20261004,7,20d0b18182d39d5d4e8a96ae4aa02b6b6616b49b8d6808f781a5c35620eb0875,9bcceea3a6820d10794ad9c3b27ebcb3a0ec3d1f56c13bf6558b4d685f15c25f,0.0048447065,False,False
6.104541782514517e-05,0.99239576,133702.29296874997,,50000.005513289674,102,-1.891741432280547e-06,0.005059703896992507,0.005059703896992507,1.8917414324926102e-06,20261004,8,97594710ad6143163cd10b71f10e2a6189d2b31070863bcfd57d58d158f329d9,aa37e889a502e2e19ef8f754b2a6647f95a4078e72b9f4ee659ced91ed8008d7,0.0028651073,False,False
9.419500085083854e-05,0.99984545,135225.14843749997,,50000.005513289674,102,2.254406887836069e-07,0.0013180253057055724,0.0013180253057055724,2.9782356051819003e-16,20261004,9,f6359a660923813e4794b0e9f76acb2b78301eda2e59adc722820824ee60bd4c,5c48ba17cea805a9c1938962d348c8ecfc458be2130072f22bf6c5a93aa9d345,0.0016369581,False,False
0.35136750561188024,0.99920046,130046.91406249997,,50000.005513289674,102,-0.00024092748396686847,0.003925903574601541,0.003925903574601541,0.00024092748396696952,20261004,10,19539d68d004e6338304063091d3eb0c4ee490ad31d240dd8909557595ccb478,c212e2c0c5d5d1f73d526f8953af4acab1960511fa95cb8dd15ca8c55661c0e5,0.0006154947,False,True
0.00017478514622037977,0.9998412,130347.71484374997,,50000.005513289674,102,7.057273736510439e-07,0.001625408768175185,0.001625408768175185,2.9782356051819003e-16,20261004,11,65e7d0762e9b61a8929d6a779f93d283819c6228dd1fad3b390417436e85da0f,3b978eb551873df58169df6247c1a915e1d0ff296181f9baaa7f326b4492a363,0.0017496443,False,False
1.1879744123977076e-05,0.9999274,135380.71093749997,,50000.005513289674,102,-2.940530724471202e-07,0.0010362832394389399,0.0010362832394389399,2.940530726272819e-07,20261004,12,c4843562f09e8003f96bcb6b1146b68412967f0af9b626ca396bf4c91b0f6cb7,6294ae7b5c7f9a1949eb5d00ed6ad480941439b45b71951350fae9d60bd9866c,0.00066625624,False,False
7.54736219097385e-05,0.9984908,125084.99999999996,,50000.005513289674,102,-1.6663007434969401e-06,0.006721838600905361,0.006721838600905361,1.666300743597981e-06,20261004,13,3fe95e74e2b10b42918ebcc8478e567e90624cd9497d31cf2789a5a2a0a01514,add051f5baf231280a5803d282cd0b17b329a91fcaf5add417ed4ae7fd2c2052,0.0005280734,False,False
0.00011742519356872094,0.98892736,124306.17187499997,,50000.005513289674,102,-2.685684727721238e-06,0.013066583381066699,0.013066583381066699,2.685684727904325e-06,20261004,14,f0a9b5b5676252cb6cec99cd2f469e5115903b9399a16aa798d63b372801f458,45995533ba39cf22a6fcc2e420f31f1834daf1885137225a9a9af8b068ad0415,0.006683838,False,False
0.3368630241603231,0.9991672,129705.06640624996,,50000.005513289674,102,1.3134370565603959e-06,0.0036625986518269427,0.0036625986518269427,3.6909926544727127e-16,20261004,15,67cc4ceb6b0a1bf9e9ae40836b9249819efff858df8415264f8e0468e101e90d,2e6bb007a483e2cc0dcab3f83d41119bd034a2fa29dcfa7f93eb1b18ea95dcae,0.0030941484,False,True
1.4552811622461923,0.9928663,117376.06640624997,,50000.005513289674,102,4.557822621653607e-06,0.026652912674856033,0.026652912674856033,3.9807499202342e-16,20261004,16,78ae243b482ace8564a165a3617badb1178fe3de878036ae639df3b30ab2263e,b057b842f53d7d50509e0e6372042a2ccf3740042da41a53a4b4f13ce01de5e7,0.007920278,False,True
7.939432954406911e-06,0.9999324,135393.86718749997,,50000.005513289674,102,-4.4107960861516915e-07,0.0010165228732511578,0.0010165228732511578,4.4107960871621e-07,20261004,17,9dfcce0d0abdf07b419755f61653ccca0557aa3267869f0508921055fdc9d10d,76d14a7fe7a8dfec09bc04fe0876883e678b4fa0ed76dad6538e2aeede3e6fd1,0.00049430924,False,False
0.00011007386675965236,0.9983666,131078.24999999997,,50000.005513289674,102,4.2147607037801293e-07,0.003355999315029723,0.003355999315029723,3.9807499202342e-16,20261004,18,cf95de8aafe404ee9619873ee7f8e5224cf2d1e5bedae0eb533248d2e631b713,c4227a19d52c207da963076a6a19f0f99b5761ec5742487fe381dd837a630397,0.0075055975,False,False
0.16398885044324496,0.9996122,129815.17968749997,,50000.005513289674,102,3.5286368682552194e-07,0.0020752315547578615,0.0020752315547578615,3.6909926544727127e-16,20261004,19,89160302ed11c41fb6bbad5b9f91b74a40af332586ab8d38c58b1c992ce9cece,24671fc1d92602f34e290ca0a6e0ff29301c549410f82c72ec52de5afd1b6d29,0.003681358,False,True
1.0161585160859237,0.9988637,125065.62499999997,,50000.005513289674,102,5.783043756091288e-07,0.005016291574048259,0.005016291574048259,2.8705268956090435e-16,20261004,20,9c23662c4f2f3095aace9b84ddd8a56d1ddb9cad72752b1ae8a0a6789cd37fd4,9e86427b5fed86f4798dfd8fe20bec4d425a3e57252fc984de4dc201ddf466af,0.002284095,False,True
2.1759927355757824e-05,0.99989474,135261.68749999997,,50000.005513289674,102,-6.861238354138877e-07,0.0011568842061894236,0.0011568842061894236,6.861238357369731e-07,20261004,21,383d109d0359e72ade62121d6e745f77d0d6715b57c743e818dfbee4a2ea14da,62be0da758123c826ac9de5d9bcda299111a8406f66cc6262d25bf5f81e47271,0.0016216383,False,False
1.089093381786561,0.9984075,125030.67968749997,,50000.005513289674,102,-4.204958935050129e-06,0.0065802815676786475,0.0065802815676786475,4.20495893515117e-06,20261004,22,a6f2d28b8530f07eabd411034b297dc8c0ad6aaf8a6bd1501d0080c2605e9cf9,e3719b4d7824ed8cedefa592124b827d40ec945eca39a35ba461f5aa5a825c76,0.0011607399,False,True
1.34479240620519,0.9996803,130348.38281249997,,50000.005513289674,102,-1.274229980308128e-06,0.001918344457833454,0.001918344457833454,1.274229980409169e-06,20261004,23,d595e03b453969ef8f5a402ee7736ab4f49d7efc27f2f2978107273b61817878,5703a7e8d26badcadb624c6bdf6d2cd861b73dc72f7523f397b4c3813814c1e4,0.0004042997,False,True
1.970285594800156,-0.0062308796,8670646.093749998,,50000.005513289674,102,0.9606848282323028,0.9633308367324341,0.9633308367324341,0.0012064397694913076,20261004,24,76f65b905ba01a1db92779e0aac57f32bcfe6eb10c2fba55c0da310f50f211f7,40f5fdee5000b794b8185a8657eed75dd1631b60dd4c0dbcc1fb528b79fa487c,0.0011611409,True,True
1.9716693426908696,-0.006233646,8670493.359374998,,50000.005513289674,102,-3.9207076252267825e-08,0.0024662241233270876,0.0024662241233270876,0.002876362440163094,20261004,25,956f5e212907989c11a704ae3aaea63a152cc56d2b3a262b724f30847c5a57fd,bc7793a97ef1c8ff2c548c181413d5c49a71abbae887d2b3f35a94ce354593e0,0.0030340764,True,True
2.2584415904221067,0.9959261,119740.51562499997,,50000.005513289674,102,4.704849156933477e-07,0.02271123905911554,0.02271123905911554,2.9782356051819003e-16,20261004,26,cfdf0f7e686b0324f0f7afea00a5de3361a6d43cb4158191e28b2aa9fe361244,140d84d4c097c1c43b6e7b82fdc921e52c30a1ee80745b2ea63daf1b4cec4da8,0.0057283677,False,True
0.004034898241452867,0.9961363,123033.66406249997,,50000.005513289674,102,9.801769078610079e-07,0.01931653395906363,0.01931653395906363,3.6909926544727127e-16,20261004,27,ae4fd7efba40ea1d38b821f7dc7d316ee011523ee62a3a89f39bf4884d14575c,093ed2a9b20638e3347cecdb6a27518cb4023646e6d509f071976fc93fe7c848,0.0037118385,False,False
3.920433966287371,0.99993443,194151.79687499997,,50000.005513289674,102,0.0,0.0010057997376023975,0.0010057997376023975,3.6909926544727127e-16,20261004,28,04f2bcc5da53e5c7b4eb377e186ad19da8bd5936fd6781f57fe0a0c77f09adea,f0ad39f665d46cfad4c39c122295c00c2548738753045b638d3b56b688d66364,0.0012959413,False,True
2.4725040328328878,0.9991883,125272.19531249997,,50000.005513289674,102,1.1079681976209994,1.1349014420127879,1.1349014420127879,2.220446049250313e-16,20261004,29,d5358668195dc1d60f7d755616cd80f47cc6962626ee1807167b208d9ab6f45f,a01c9f7a74e4d2ea9373e2a4328567d515cfe7de0fa652dcf670632729fb52ec,0.0028938472,False,True
1.0444157421112774,0.99817115,124920.93749999999,,50000.005513289674,102,-0.0004192216635172663,0.007947275519048724,0.007947275519048724,0.0004192216635174784,20261004,30,97a044c58036a27648aa5eb11de77d22346eca74275d9861d2e56e44420294e9,27974cfa56d16d076dca3b1f6681a75c6a41703e9aac1c08be81c108646e5817,0.0023544754,False,True
4.371589009322108e-05,0.988616,121689.31640624997,,50000.005513289674,102,5.292955302715896e-06,0.016834441381145093,0.016834441381145093,3.9807499202342e-16,20261004,31,122d31e2298df67614cecb06a4d77f8b0bfb0f2f3ae9e6f9a900636a9bc5a1d1,7aa91a3621bf0405f642e280e422fcf2dba062a6c3ff2b3494c7d80315ac4f57,0.0073110936,False,False
1.2870463226626045,0.99963295,130311.19921874999,,50000.005513289674,102,-3.405134578116087e-05,0.00226199446279296,0.00226199446279296,3.4051345781232934e-05,20261004,32,93dbf6e7186eca201f8623584fb2ff1700e071d583b4773be5c6b7759317fa18,a6e9a3899c23d0eb1ffc99c986e4457e3eff6dfbcf36fe216effe2127b93b924,0.0010484308,False,True
2.3204003959007795,0.9994992,119558.30859374996,,50000.005513289674,102,-1.0683928296284506e-05,0.021208031368911362,0.021208031368911362,1.0683928296467592e-05,20261004,33,5a9e7f25c14e44efc04571500643b59c137b6de0ee59735bc7313d3b59d3afae,3cd3154f6c8064cd6db0224722aa3f53d2999de59ca1b008daaf0bcc314e2bba,0.0072862813,False,True
0.0002089737167685346,0.99948823,117760.83984374997,,50000.005513289674,102,-3.0385484144357378e-06,0.044373246741838734,0.044373246741838734,3.038548414647801e-06,20261004,34,455902c121833f10be9fdb6e62ec087231f921b01cb24cacdf45305de9676bc6,66bef7b12e5d7c44c303166c94388ab2180660921b38726ff50264e04a4a245e,0.007942537,False,False
4.998902230379798e-05,0.9906857,125313.71093749997,,50000.005513289674,102,-4.900884539638106e-06,0.014305428130406028,0.014305428130406028,4.900884539821193e-06,20261004,35,82c6247da3decca23dc53e9b81095a9392adae9fc7b693c1bb313326c3395f25,1e0154eb76c19eff69d1dd8c3343164e1f76f4e063890f63a255c0b3e4189313,0.0070713223,False,False
2.8327112638670826e-05,0.98569953,119442.62890624999,,50000.005513289674,102,2.058371506685752e-06,0.017883565094032994,0.017883565094032994,3.9807499202342e-16,20261004,36,f82daca96b38e9fb8a99043bfee64c144cdcac27773b5e80ecfea68948ed0be0,6c1796255ce4246dac16326cb347f52d733d7a62ba932966bf76073bcf0fdcec,0.006137465,False,False
7.086679044276956e-05,0.9912344,118088.51562499997,,50000.005513289674,102,-1.0546703529290546e-05,0.018676204829519816,0.018676204829519816,1.0546703529391587e-05,20261004,37,32ac289ca988086b062769f81a87598a945d3a25b6a979d58972d8dada3873e8,117d04317486183dc16870561785c846289ed56e0fe58f76ff47e04c72f1d3ee,0.0058646295,False,False
0.00010513377514342892,0.99980164,135142.75390624997,,50000.005513289674,102,2.738614280717311e-05,0.0015091205798196672,0.0015091205798196672,2.9782356051819003e-16,20261004,38,ba281aaa24f6c4683cdb29f934baebf98ff72fb9145a114806cd0be29c513672,bd8dfd5868a9e02c3fec657c0b62cc00bc7159a440421de3d40efe2e2b48f8ab,0.001766715,False,False
2.597969715595064,0.99212134,118108.86718749997,,50000.005513289674,102,1.6917853430831187e-05,0.023758520456974686,0.023758520456974686,3.98078380155209e-16,20261004,39,93c3f727084eaa5c88997c8afd9e303fe23474f89ed3a874d3ad0742271de288,dde882693ab2d7b9a6a64dbdbd9cbe518690fd57d9e78210e885f9070b163b9f,0.005466683,False,True
0.6403169928637269,0.99890006,125236.62890624997,,50000.005513289674,102,0.00018211686949154426,0.005098891082078727,0.005098891082078727,3.661892837569791e-16,20261004,40,a2ec9779e31b6f95c689abbf04e004e4907d7d389c215d5b113484748e26594b,0ee4db192b318d8e0f6d121ac9792843d454ec427d74d4ad968c2ecc4ba948ff,0.0005338951,False,True
4.626435005405938e-05,0.98859084,124703.23437499997,,50000.005513289674,102,-2.5484599607272784e-06,0.012631158548680688,0.012631158548680688,2.5484599608283193e-06,20261004,41,79025711fde5023959376000fd793b9b0a436f162c9c06a9082de190cbb7be36,b6feb55a8b3f23b961d9cccaf743850290e52743b643af1581fe2e0c5ed9d017,0.006129886,False,False
1.062677418082735,0.9992933,130021.62109374999,,50000.005513289674,102,1.8917414325025916e-06,0.0034542523131039227,0.0034542523131039227,3.6909926544727127e-16,20261004,42,d90d8f2be848112258009233513b7dd9628114011ee1bf10f4edb9b23b0d165c,a26a57989d72f0f2f583a6a877befb3cce9664ce9fa8a869d1c862be1df1770c,0.0016706425,False,True
5.979079138307419e-05,0.99947536,129867.33203124999,,50000.005513289674,102,-1.2742299804191504e-07,0.0027028780359752425,0.0027028780359752425,1.27422998225002e-07,20261004,43,989998b1127dbf46484de44d09bff740f35ef70144be49477d3a3f5f86440a04,c90ddf36fee63d1a6d5cf301e43e13970a50330c8a6da514e89600309d597bf4,0.0035042786,False,False
0.31646240614040244,0.9993757,130164.94140624997,,50000.005513289674,102,-0.00011953257392072203,0.0027915351778481368,0.0027915351778481368,0.0001195325739209022,20261004,44,55b98dd42bae47d3c8c43aa1e06531b377d17298f39599fbca81a3ad6f7af76a,2bf1cfaa32148999c07b93e18b2812b1dc4820ab43c6e488f8d22bb0f1b96bdb,0.00028908634,False,True
1.9692385153292795,-0.0062375255,8670890.234374998,,50000.005513289674,102,0.9484694095527204,0.9522635019898259,0.9522635019898259,0.0005286442030978389,20261004,45,dd24c17c1435592f56c75495e61fb2c58eb8aeb9717dc5e4ce645e7306b616ff,b982523888fb010e302a070586f2cce733afea82bad8fb5ce93fa127ffb69fb9,0.0028432882,True,True
0.0004059892752605876,0.9995297,130262.03906249996,,50000.005513289674,102,-7.04453143721695e-05,0.0026123097317956034,0.0026123097317956034,7.044531437238157e-05,20261004,46,f6f7e60078cdf58aedc7fcdeaaaf6e3dd4377337b6d799200a91049ce2c9d442,17d2cb943fabcaf64d7c6d7146d666f66f7df132e7dbf1cc6c33cb959d4cf67c,0.00020627765,False,False
1.5173138534718689e-05,0.9990339,126841.85546874997,,50000.005513289674,102,1.274229980308128e-06,0.0028627448896572094,0.0028627448896572094,3.6909926544727127e-16,20261004,47,14c17e82a976e2c1a1ebc8832f0b002a33fce8d9e7547cf877b425d2ab412f7b,83fd36af03b3c0032b36cac96daaac5f05887b28fd90913432ddd4eb36d78ce6,0.007879867,False,False
3.969716477092433e-05,0.99989265,135235.87499999997,,50000.005513289674,102,-7.841415261555795e-07,0.0011475823304173405,0.0011475823304173405,7.841415262566204e-07,20261004,48,8b1e9d7d883e123ff3089795676c60bc4b374e2795133b6ceabe19ef7ead5c12,d2e48cd6c3e0c5102ab8dbc30c7a89434a6867e9e7cac178cd6f38e3434c5b79,0.0018002762,False,False
2.5876670368907284e-05,0.999915,135212.82812499997,,50000.005513289674,102,6.959256046989992e-07,0.0010747159759986191,0.0010747159759986191,4.801215679097869e-16,20261004,49,9b61b06ceb85feac11a639a432735319ef8ab0106a0c56f39efc68842d5e7bcc,1a3c08a280a6657b58cb9fc0eff45a120533ae8a71ace8fb328ad8e8113aaf6f,0.0021136105,False,False
9.186217981027589e-05,0.99985445,135303.24218749997,,50000.005513289674,102,1.7211906503167285e-05,0.0013568010979511103,0.0013568010979511103,3.690996889637449e-16,20261004,50,221da03ae9c766512043e4e9a1d8a4b2bddead34175063989427dbcac7b9ec4a,b904fb52b92a450156f7a1b532309f8fee2bbc72a44ffb506569ed0b6c5eeb56,0.00041442714,False,False
6.104541782536721e-05,0.9854274,123558.04687499997,,50000.005513289674,102,3.332601485883657e-07,0.011102308013014373,0.011102308013014373,3.9807499202342e-16,20261004,51,d691a7c274307e10a95e52da4224baba2447b3916b49f66d9f94be05b476e349,15747c54d3648c8f2a750e96be5e960eb5f05a314a189aa3622e4c1114dbb529,0.0035094945,False,False
0.0005339807758966142,0.9994312,130193.86718749999,,50000.005513289674,102,5.340003794351844e-05,0.0028066396007679906,0.0028066396007679906,2.9783033678176807e-16,20261004,52,60925ce8b6a02d7e5012db120e09c1aa2feae35e0b6258fb5f38e2eb98a6d562,5b738afa9e257e85a9c29b1734974073bf2a4da698ce9bf20bfec7e2d00b8461,0.0005738422,False,False
1.972224098512365,-0.0062375455,8670999.999999998,,50000.005513289674,102,0.9781993172502097,0.9792965343115057,0.9792965343115057,0.004506076960969274,20261004,53,f0d9a43d959372631b0a07e9dfe77f2262444b61ad94c3d95f03bacdafbeea5d,4833eba469045796c503981d33b6ef44f646cf25b81434359e72fe88e390ee70,0.0013224866,True,True
1.0791752657083908,0.99789953,124160.85156249997,,50000.005513289674,102,-8.331503718039812e-07,0.007214338778871676,0.007214338778871676,8.331503720160444e-07,20261004,54,b56ed956b1fea307fe2a4dbae4f5603b69d4b8eb877135e8cb39aefc95156aed,f5da02ea411aa5f4b56ed4e67dbd22b47045bbeda343bf44c9a19d171ccb123f,0.005138603,False,True
2.601389513623431e-05,0.9998995,135229.66796874997,,50000.005513289674,102,3.7736810956090494e-06,0.0011228818716938482,0.0011228818716938482,4.801211443933133e-16,20261004,55,0c4bc6dcd5829230a8399736398959a8c6dc4c9c0a65dd6bfbff1ff22228fc11,e6baa85603c4f1c3e8c6388015e8d4ae1b1eab10b98678daee79ad47a4b4460e,0.0018898195,False,False
0.00030685418279330356,0.99947155,130148.86718749996,,50000.005513289674,102,0.00014692851849718025,0.0027876633385103267,0.0027876633385103267,2.9783033678176807e-16,20261004,56,fad918ff945792effef95f9dc3a0dc915e2fbc316fb06713ddbef7da2ee8994d,c4ade7e0ea80b6a1a267783f5d9d497dc35547047d94302b471c3eae04e48037,0.0014854844,False,False
0.30082225251625283,0.9994283,130198.41406249996,,50000.005513289674,102,0.00011051494636793446,0.002821087408593881,0.002821087408593881,3.6908952456837785e-16,20261004,57,a41928b3a3fe8a98d7ddc80365b3081f0208ca97276b1d11717695bcbfc0f09d,268e74f629dadb2bb0ba36dc4aa99c66cc9cdd6487b19c31acb476a3ef442062,0.0002581255,False,True
0.9919109977554891,0.9988868,129480.11718749997,,50000.005513289674,102,-1.4310582856502663e-06,0.004653243849123578,0.004653243849123578,1.4310582858623294e-06,20261004,58,a130b20fdcabaf8f5b40293fcf9b4462bc92e79760c08d35cec9cd67e82b5ee7,7a8f089fa5cf5a180a5d4eec17cb35ddc442b5d0da364596266ccec0afaa85db,0.0034163883,False,True
0.00012989304383759226,0.99947166,116017.34374999997,,50000.005513289674,102,-1.3595053712789351e-05,0.05895023660002885,0.05895023660002885,1.359505371308346e-05,20261004,59,fdb1c8a82958763d0a9b733b63c875a617c49b053865585f537c36268b8dc18d,14b8c215b3cfc0a69fb817bcac63bf297e904b59f540c141f2e1d3b94431631f,0.008013182,False,False
1.3501658144285602,0.99610555,123613.10156249997,,50000.005513289674,102,8.988222245709387e-06,0.015873172085778653,0.015873172085778653,3.6617403716392855e-16,20261004,60,ecd279c88b4c71973f00e444cba0aff7c608fbdc5daeea34d04a540c97215f31,e81aa725fe9edf0c532883243cfa978f57b8c29ba0dec3575c7af1624d23c8ea,0.003808971,False,True
1.0225576794434321,0.9989971,129334.11328124999,,50000.005513289674,102,1.6270936672446723e-06,0.0036695285588682625,0.0036695285588682625,4.801215679097869e-16,20261004,61,d46f294eb8023fcda9a903e6614f08cbd3c664c0d7b3ce300e35d403152cb1ae,4cb4904c17ceccc70105dd8a020ec0a070de960106178b6fdb019122ccd20dfc,0.004091248,False,True
0.00015427984530647088,0.9997106,133417.67187499997,,50000.005513289674,102,-3.5286368693654424e-07,0.0017954302546230316,0.0017954302546230316,3.528636871486074e-07,20261004,62,cbc21904e754b24ee579c94b913a10ab72612f21a10e2425f229baa83224bbe3,21cc457d4383654f06d870b2550a5e3d15560227b26fa661ce39e6682722f89d,0.0065423716,False,False
9.603773343824784e-05,0.9998845,135311.78515624997,,50000.005513289674,102,3.43061917762455e-07,0.0012070300610156348,0.0012070300610156348,4.801215679097869e-16,20261004,63,33e949efa40452874016c9af1ca8fa4bec7353fde8189e1c00802f55057ed9e6,6d4cc226704cf4c737387c49e18fa020cc646daf971618cd2ea94ec16b68b0cd,0.0014275913,False,False
0.0001553384363672805,0.99992794,165901.51171874994,,50000.005513289674,102,-2.254406887836069e-07,0.0010086814577886516,0.0010086814577886516,2.2544068899567007e-07,20261004,64,11d2f48e70252074b3bd9868b65b15465fb224d24189d539b852695b4a058f12,ce621798af33c2f21de49dfbaa08518957bed1c3ea5aa7eaa5b8d5ad8dd973a4,0.0027497667,False,False
0.0025828249629840094,0.9878464,123936.47265624997,,50000.005513289674,102,-0.00040661658848140103,0.008369800234422242,0.008369800234422242,0.0004066165884815021,20261004,65,78cefe3c6eae9f6168770ff53cd6b3e0d1bb312ece6b10f2a0617529005114f4,655747e27db2d58722abf473068314d8fb3be1f1414546390b569c42d8ed41c1,0.00031697974,False,False
0.0004834232509860481,0.99706316,135571.58984374997,,50000.005513289674,102,5.783043756091288e-07,0.002976543475762372,0.002976543475762372,2.8705268956090435e-16,20261004,66,8e98a2e729b2ec223355107117ac8c90e9c84ddf8a0e46aacdf1dc768123fb0d,ac943d872caf3ad1943d357554e04c634e09d8303a3f48748b4a8e09b4a535cc,0.0033125533,False,False
0.15260719301678316,0.9997739,130398.76953124997,,50000.005513289674,102,-3.5286368682552194e-07,0.0016567352221523723,0.0016567352221523723,3.528636869265628e-07,20261004,67,4e8738289e54cf03592e9afb54b01faf8f866b2aa6a24618aaaa0395df80838f,1863189166f615546323fabd9a181bb473915334fb7779017ec622ad3beaafd4,0.00088757806,False,True
0.000357176465246134,0.9996004,130267.85156249996,,50000.005513289674,102,-1.1174016750770122e-06,0.0023331553063078436,0.0023331553063078436,1.1174016753711215e-06,20261004,68,ec1b0dc937a7a0cfe050d55873727752dee698687a4b3b92ec11feaa57fc269f,af954523e64d390acff9ed1b9b1a98261c725e87c79a15636c49b788b1b4ba22,0.0010662627,False,False
2.9620561339888822,0.99355465,126457.57812499996,,50000.005513289674,102,-1.261924310098462,-1.238959439440308,0.001005309649148734,1.261924310098462,20261004,69,373304ebfa83c8f0d5f29b43f1b8b63630d745b937b773f5217885867008a9f2,c9b9ffa96d5a56185a154bcfa69ff4d367db4a1bdd73d8b66f98dc23d7849f80,0.005696128,False,True
1.0591921638441675,0.9992418,129880.81249999996,,50000.005513289674,102,4.4107960861516915e-07,0.0031788129065323245,0.0031788129065323245,3.9807499202342e-16,20261004,70,ba8972c4ef89389d84f1078e587e4f761ee42a25c7147608b032bf20cca64f8d,246c60bc4a81bb28b2ac53722a91a88477245b1144385a27decb92c14bbc1783,0.002827019,False,True
0.14086953533736468,0.99979717,130393.40624999997,,50000.005513289674,102,9.409698314977177e-07,0.0015015340208148764,0.0015015340208148764,2.8705268956090435e-16,20261004,71,c400848fb810bbf7940949c92d41e4963006756a0cb37affadac63357a4cdd8d,3113a07dc3228b5cc206932b9759e8ca2f94b9f095cd3726d30e39347b81caeb,0.0010070091,False,True
0.0008849037124700754,0.9992697,126877.65624999997,,50000.005513289674,102,-2.5484599608383007e-07,0.004641099457234454,0.004641099457234454,2.5484599637793934e-07,20261004,72,ec9b35eac8c828dfb4662112a2567ae3a81c9ff40534a5bb30df05f0cdd17d96,f41ecb9ab66c50b9a6b502d13cf040d527eb3e948a3872972257eb3fa75a5535,0.008207273,False,False
0.6248079477027806,0.9927119,123851.05468749997,,50000.005513289674,102,1.0291857533983872e-06,0.010921602598270241,0.010921602598270241,4.801215679097869e-16,20261004,73,7ceaa34c150ed96c04c25b5c4f6cdbf572d95d4c2154470911d991a2e51d2e2a,cf686f7860c381800a2015e84f4efcba4bbba61f5d4437843b65ec318fc2cf87,0.0074963467,False,True
3.0111034611257637e-05,0.9997567,134092.24218749997,,50000.005513289674,102,-9.801769085271417e-08,0.001498485660368476,0.001498485660368476,9.801769106477734e-08,20261004,74,6e4007b677b95ebe29228befe2fd0d88256ce9c50de8f60e365af851d2cf1cf9,9727ddf3a8e53051220af016730889fd3bb910d3a73bc7398b25ff2af6afae8b,0.0051898183,False,False
0.0009346966993928341,0.99872375,129211.62890624999,,50000.005513289674,102,1.8623361250913462e-06,0.004830155979234085,0.004830155979234085,4.801215679097869e-16,20261004,75,9b39f14f148c40e0a66223ff963063bf04142f069d20fe0382b816cf8f0e16db,6cc2b018ffb00bbfe2792b170920b99db2cdc0ea993469d56c1c531df8cc3950,0.004029123,False,False
1.071308640294959,0.9993286,130133.55468749997,,50000.005513289674,102,-0.0001319808206513562,0.003399019279518356,0.003399019279518356,0.00013198082065156826,20261004,76,391b492e4da1cc8dea2e85c0b3a23a78f1ddfc4890cb852eaf5067912cceb1af,77f5f3af1fcfc90879f86d6c314e8fbacbb26a75c54a5ad46e3100a89281460c,0.00039319636,False,True
0.0003071482358657507,0.9997647,130311.98437499997,,50000.005513289674,102,4.812668617881766e-05,0.0018774710618159052,0.0018774710618159052,3.6617573122982305e-16,20261004,77,0d2bed037b6f19f2c45a2b17683d188b3f5279d2a814fd3171703b16dc48c527,829f3d9815823700a17a435de4d2dbec38fcc53dfc5994b73dc0896995003f52,0.0022495908,False,False
8.037450644815536e-06,0.99988395,145978.54687499997,,50000.005513289674,102,6.273132210354859e-07,0.0010384788364699027,0.0010384788364699027,3.9807499202342e-16,20261004,78,456ee97a4316f751c1bdad6adace1d263756ab291bfba0052bf812ba06fac863,1496ac772854c73d3151d18cc9196051a4e0f68c2d87346dd9ac7c1e596f954c,9.947055e-05,False,False
0.004181709138721068,0.9962096,123201.69531249999,,50000.005513289674,102,-0.0006198638765685383,0.01222690418654726,0.01222690418654726,0.0006198638765688324,20261004,79,96781ba1a6c3ff66a3da319edefdb2df8d8b8565d4e414d76e4287ad4f5ca642,01e771a5dff6f9999559c6a8c84ef7b63af37cb679bf8a312f13e29d4b01273b,0.005959365,False,False
0.0002052490445183519,0.9996389,130327.76171874999,,50000.005513289674,102,6.431920869776064e-05,0.0020673901929637584,0.0020673901929637584,3.9806482762805295e-16,20261004,80,d96900f039e2e683f11572e219fdbdda3ccd27a3c19d3857d401819f495e631e,eab89239bb3b4b261869d8093e357cbeaa38830009b7c6057083fea2126fde40,0.00022535515,False,False
6.610313067012541e-05,0.99977577,130376.09374999996,,50000.005513289674,102,-6.861238354138877e-07,0.0016406897261695974,0.0016406897261695974,6.861238357369731e-07,20261004,81,fce528e1da239bc1b0b6e90fe978651e9620eb395e03370c8c7b7b8d6f528d1d,8e157f24faa5b6451aa121dfea9a7a2a106d1ce92968ccfab5a7039419b2cb65,0.0011118383,False,False
0.15331411620631297,0.9935278,117293.01562499997,,50000.005513289674,102,-0.04065485642041289,-0.015394518784787259,0.001005309649148734,0.04065485642041307,20261004,82,525373921bc3e34c6f92f82e1e0a3aacea6945cdf2f98bb05a17de7c3b6664af,1ad75d79269d691a15e32411230b092e2a99193e009454691bfb7cbd7cc2b414,0.007678557,False,True
0.959188517015491,0.9985821,129166.52343749999,,50000.005513289674,102,1.038987522350432e-06,0.005035326695048914,0.005035326695048914,3.9807499202342e-16,20261004,83,58a7aaed1174a4bf7bfb11747231c9c9e018fa4010f0124c146a9a66fd4d183c,10b46a54436906c30407109423e80d5edeada0399622c456061ec36e3038e3aa,0.0039547645,False,True
7.214102042296666e-05,0.99983966,135235.82031249997,,50000.005513289674,102,7.841415263776241e-07,0.0013916953862507242,0.0013916953862507242,2.8705268956090435e-16,20261004,84,bdf651527bd7285b434b8ec74f6fe3c6aa9f049ea8f0fb4e0a572091e275504f,fd2b2c26cc1aff3f9bf7353ea52a43f47484678c7c44233dbdda300013d789f1,0.0013359385,False,False
1.08986035061347,0.99954486,130146.89062499997,,50000.005513289674,102,0.00014855561216442492,0.002362364646358084,0.002362364646358084,2.8706963021984944e-16,20261004,85,856996a71190c0fb40d3ee8f6c4102fe8efc6177daf33bb17c002af3e1ad3603,984eb13774d9e9f7491e1e4ab502bb833c10ddb84b8160d0748d07a0b3a92d53,0.0018978475,False,True
3.744275788242213e-05,0.99620867,122836.08203124999,,50000.005513289674,102,9.458707161291713e-06,0.012507764077742678,0.012507764077742678,3.690979948978504e-16,20261004,86,9512bc6e2f756437885726995f8a640b4d4c19d0ed326238a79cf54f61694599,ccabf5cfe70eada11a7f942a0c91acee6ee99bf20f2ccb13c08fd0f2b6f3e6e7,0.0068050865,False,False
0.00010591791667002859,0.9946934,122425.72265624997,,50000.005513289674,102,-3.4894297923360185e-06,0.016349832116100194,0.016349832116100194,3.4894297925480816e-06,20261004,87,4bd7a075b82637a4bfe6cacb637e07e054dd46f7f1dd5b45fe422f4d51cee485,f173c2284d362b8283a547f7114a0f126bbc8e17c13a9bafe972029343695567,0.0063164006,False,False
0.00010131108520261556,0.99929893,129861.95312499997,,50000.005513289674,102,-3.528636868477264e-06,0.0032872203014010504,0.0032872203014010504,3.528636868660351e-06,20261004,88,3cc383882f8e2bf6566a407a31af9910011d84553aca42bbdcf7d7bad5be240f,624d55c0614bdcedbd232215b55ea9f2974164bac6f40d045f750893a2f4f00e,0.0027828086,False,False
1.096184059952607,0.99949825,130242.16015624997,,50000.005513289674,102,9.499874591556434e-05,0.0025758471875142464,0.0025758471875142464,2.9783033678176807e-16,20261004,89,37dbcc2e4531732f49def8403e64a5864a8f7c0e56ed895689326abdef464ed9,397bf51a8030ab6fe387d997a292ee780efdb88240462cbe8c5d1acfbbee2936,0.00050332706,False,True
0.0003451006857404515,0.9995413,130263.94531249996,,50000.005513289674,102,0.00017255034287022575,0.002572975190368809,0.002572975190368809,2.8706963021984944e-16,20261004,90,0db927aa676735eef2c9c217a04e4bc288936e2913db345a98655fb5957ea44d,de1a2f63017da7a211d1b5a0ed11d34135bcd2a607dd9aa2654ccb52bf06c144,0.00054255605,False,False
0.0005875180386070156,0.99942064,130158.20312499997,,50000.005513289674,102,-2.058371506685752e-06,0.002975955420796317,0.002975955420796317,2.058371506757817e-06,20261004,91,93cc4a7e4be2f3c5671812cb39d3d1793b04b2ac992ab62c15e04f3d40b59240,7a5aea5f293732bb5271130ba64defdbdb7944c98c86ca5c1ac3f7de0ff36580,0.0016940774,False,False
2.1936165320257563,0.99956274,130241.69140624997,,50000.005513289674,102,1.5780848219293375e-06,0.00246626333040334,0.00246626333040334,3.6909926544727127e-16,20261004,92,b4f0fdb9f56d0b2ff9149fe69ed29d33fe32dc0f362e8665e6a5d397ebc274e1,c89bd20f51387f72f4e3f9fe0533e64cc51c5fcf615434b23d3b6e2d1100d72c,0.0011725887,False,True
8.07665772124544e-05,0.99984664,135303.26562499997,,50000.005513289674,102,1.0193839842354002e-05,0.0013322280697604105,0.0013322280697604105,3.98078380155209e-16,20261004,93,8f893244e0f29a478f551e0084fce86645115dae5365c1db47382694e6a24ab7,c8c5bf7e9065cffcc7010d5d2eb0d638194b2bedae7ba969faae0b144a7bbe03,0.00028524356,False,False
6.49661254565892e-05,0.99987495,135314.43359374997,,50000.005513289674,102,5.881061447832181e-07,0.0012460116990069547,0.0012460116990069547,3.6909926544727127e-16,20261004,94,47bb0fcdea7b1b4be0623898380cced357881d1cbe35494fb977fefea6c49fdd,c8050e7e7a05fc2e4fbada3a441bbb80c450577a569ba14c020baa288fb47510,0.00084508077,False,False
1.094044372969694,0.9995756,130239.20703124997,,50000.005513289674,102,7.80808924849552e-05,0.0024423176085429654,0.0024423176085429654,3.6908952456837785e-16,20261004,95,4e5ad3448f32d7816b7faf2a53b31b9eb0499a3fbe7db8dd9993aac8d6fa0bbc,2d917a1f1d9fd22049d084eade7292836f04de2b5bc7f1aed03ccaa926803e9a,0.0012506159,False,True
0.2312868559712017,0.9995324,130254.71874999997,,50000.005513289674,102,0.00017544186474860446,0.002661377389176711,0.002661377389176711,3.980919326823651e-16,20261004,96,95e0257c5bb68d4e69dbe3e74562d878211097e53eae29dc67747bedf1242f45,321ab6879e63732dea86c2d4340ab1e0b932ddfee100ff227ec268d0cfd83407,0.0012235574,False,True
0.0003234583796134505,0.99950755,130249.39062499999,,50000.005513289674,102,-7.557163960070223e-05,0.002536542090660454,0.002536542090660454,7.557163960080328e-05,20261004,97,d3deeb9aacf63c86cdab45c03387ac2237452c03010131732928e8d3969c6897,419e3ca05bb62a8d44a41832a81edd2d35399040055bf495d11069e29fef9b26,7.458584e-05,False,False
1.2343627646335045,0.99576044,123242.21093749997,,50000.005513289674,102,6.371149902095752e-07,0.013222049330441132,0.013222049330441132,4.801215679097869e-16,20261004,98,37c0aae126709ced1bfacaff5265e86825d982570939cd4de234fbc9e60c76fb,f7660df8d19f8e837b5e1b1c559af9b325f8a9b2837190a714f1a52f463024cd,0.0052171377,False,True
6.802427740959516e-05,0.9831829,122433.46093749997,,50000.005513289674,102,1.1762122897884808e-07,0.014050092045892915,0.014050092045892915,3.9807499202342e-16,20261004,99,5b65bdb27fa2f65f176708659c9cd6319cd70f17b6c64cb597742013ec797242,6c574c376830181d8dc10adc6fa80df17b762be45f2a3e346a99ab127f7322a4,0.004148937,False,False
0.9275629718566849,0.99776167,124186.64062499999,,50000.005513289674,102,2.5484599597280777e-07,0.00659241647115516,0.00659241647115516,2.9782356051819003e-16,20261004,100,b3f161c851067ccdd808fa93cceb6902b9af84a2109e6d41f4d4d59fd56e52b3,79408b05be7e30cb75c6e74b4364ad63670a9ffa8055ee4f8f971d426636829f,0.004466824,False,True
7.253309118659956e-06,0.99904585,130419.58593749997,,50000.005513289674,102,4.116743012039237e-07,0.002904892496697453,0.002904892496697453,3.9807499202342e-16,20261004,101,b673144effc3eb66a1bcb7d8fe8d02124539510c55ed6a7c0ed3787d3ad64245,5f34ab88b739a83becbf062c0d1f3d79fd8220e5209bd31bc2b0021c818ecc5f,0.007948449,False,False
5.175334073737048e-06,0.9999302,135393.44531249997,,50000.005513289674,102,1.9015432014546363e-06,0.001023188076869186,0.001023188076869186,3.6909926544727127e-16,20261004,102,41a4fd9eafa150fdf2f3d07f7f906e78b5db91a66d3181bc9498d46a21d3395e,9dbfb2e9eed0c66122e5e32cf4284fecb122c1fc337c5170ade91eb3f7b6685e,0.0004487265,False,False
0.0001467716901917271,0.99878097,125003.11328124999,,50000.005513289674,102,5.881061448942404e-07,0.007348789156518154,0.007348789156518154,3.9807499202342e-16,20261004,103,8ca52a990350385c16cc57204f4454230c913f4db7f6b616de2129fbf60258da,ffad15833462b2cbd2e5bf2d08b4110da9d0f2f07ffddcc6635635196134b413,0.004144999,False,False
1.4839878385908278e-05,0.9996085,130216.27343749996,,50000.005513289674,102,4.312778395521022e-07,0.0022583286011573778,0.0022583286011573778,3.9807499202342e-16,20261004,104,05b86591f3ffec4a9343b91bb7f83e9aa8d9fbbe2597ae60cad2c465477fdf1d,c9ab06f6f119fcf033d9a9b1cb650b3e91864584cba64e15eceebfe7f523c61a,0.0017047592,False,False
1.0859522676603648,0.9993782,129852.24609374996,,50000.005513289674,102,-2.5484599608383007e-07,0.0029561753525200185,0.0029561753525200185,2.5484599618487094e-07,20261004,105,8ab1293ca589f956377d57e9da7aea525bffc3eae67bcbe513be4fcf6b61ace3,cc448ee23266b25b3ee868b81fbc058f0c25ef5e6b1e11ea69cd092f0bd209b3,0.0029906863,False,True
1.040270848417218,0.99946016,130110.43749999997,,50000.005513289674,102,1.6074901288964938e-06,0.0029830125962588827,0.0029830125962588827,2.9782356051819003e-16,20261004,106,f9d4852dcea8144673c51389405b8bc8bfac3181ed0a4611cb1b1386974dfc2f,61a276d68371ab4d07527fae8a95fe704b0ad962c9ca70db946b6f113e2e7c41,0.0018444874,False,True
3.705068711934434e-05,0.9993187,129124.17968749997,,50000.005513289674,102,-2.3524245784667386e-07,0.002715816371159807,0.002715816371159807,2.3524245794771472e-07,20261004,107,e0292de907f9155dd0115111f7eb543816959c12c8aa40f2b4ebe04c010de28a,137e6bd0fe7551fe67f89ea125c527b9ca49a733b2adc28ce769990686f04889,0.0050757593,False,False
0.27133400270870434,0.9995266,129882.05859374997,,50000.005513289674,102,6.959256046989992e-07,0.0024140199012112618,0.0024140199012112618,4.801215679097869e-16,20261004,108,a6b8f022cfafa1acf5c18dd8b1edbba7324494b20cfadfd2567fbc48c5d913fd,69ae8026d53a20cf5389cf8f1cde17ec7b32b544b54f086343efecc9d80f9b64,0.0031672893,False,True
0.348909143512664,0.99925804,130023.66406249997,,50000.005513289674,102,-0.0001392831386154425,0.003608630111276989,0.003608630111276989,0.00013928313861554355,20261004,109,10a79120fd57c12b0e91eb4a00a2c0f422304f3afc21fd3fdcab072b4442908f,027d286c515dd5d8afa4c53a9bebf40ffa29068b9e2e005c708db0d0144043a0,0.0014447607,False,True
3.087557259950913e-05,0.9878864,125204.49218749997,,50000.005513289674,102,-1.509472438154802e-06,0.010875201023449188,0.010875201023449188,1.5094724384489112e-06,20261004,110,b506452269be6f96fe9143ba77a36e22f14fa731bf279d3eff296f043b70f2f2,7fed8aa6d5ae50d37223ba2ab8117684c1ca7bf5ef7357879c57806c344419f7,0.0061313706,False,False
0.000106251176818839,0.9998463,128037.82812499997,,50000.005513289674,102,8.135468334558027e-07,0.0016205078836355469,0.0016205078836355469,3.6617403716392855e-16,20261004,111,4135b8772a98b9505de27cb8bdd91652a82e94bc57c4c3529ee991e40c45441b,bf3eacb9a9e14bc836d762557ffb2f2c47ca70e97a8284f80cbd0789ad76a5fe,0.007953001,False,False
0.00043519854711648875,0.9989534,125259.71484374996,,50000.005513289674,102,0.00010864280847378005,0.0049396418425606825,0.0049396418425606825,2.870425251655373e-16,20261004,112,a76ca687ce67f4fff0470cc658539d3ae75e6281aebe205b27cb3622acc703e4,8522fbf29cef30dfec10e9ee12ffe5625bf913bcac95cfe7f86f666cd54d3750,0.0009346927,False,False
0.000988998500091487,0.9993059,130034.93359374997,,50000.005513289674,102,1.372247669939597e-07,0.0036014062758493726,0.0036014062758493726,2.9782356051819003e-16,20261004,113,8b6721226f7a97536960c7937334a1e73d8deebc24a305a3133c0c517dfe3cb1,7943f6beaf1729d74889b71c1c08fd36779b647162426791a78a2951f50b8ea4,0.0016580017,False,False
1.0899567215894024e-05,0.9998517,135082.91406249997,,50000.005513289674,102,9.115645244195392e-07,0.0013015191107220714,0.0013015191107220714,3.9807499202342e-16,20261004,114,1b111cf2937a4895e09648f96937b1c65e5738adf6ce4014d58bf7bdd41e9e0d,f8abdea40e8258f214f5a5669e56fb3f939ca7409837939fe70944ab23517b74,0.002465297,False,False
2.9182803158794988,0.9933636,124830.27343749999,,50000.005513289674,102,-0.4585615145981381,-0.4343936926282822,0.001005309649148734,1.382096206281219,20261004,115,4912f2daf92bf05f91dd7e82644f067348b05af97b48dcdbf51225b7b3534e55,dd86770a1ed7079f250038fb6a1d80a366fb7c66b33836994d0f8e57bde6bca3,0.00724732,False,True
0.0005605239665631423,0.99934244,130008.04687499999,,50000.005513289674,102,1.9603538148338373e-07,0.0032928073097759913,0.0032928073097759913,2.8705268956090435e-16,20261004,116,ccf1e2d8a3ad9a5816252a0d44f20f40a0a6c798bfd721f73ec23501441ae034,38764c676d402d18cb45c4e2d14adc3df66ec252ee306af61ef1c9c8217a3b8a,0.0022826632,False,False
0.00515935719021865,0.97835267,120893.28124999999,,50000.005513289674,102,-0.0012894227223686494,0.013936098367855365,0.013936098367855365,0.0012894227223689434,20261004,117,d5932b8ce73767dd1e89b95f7187c003565dde4874c07941925a851bca2b52cb,ee9e5ea776bef56ef33c606cff196afa0526b77846d2da0720449400607cfdcc,0.00034770698,False,False
0.00011718995111098529,0.99983096,135282.71484374997,,50000.005513289674,102,6.959256045879769e-07,0.0013949299892820344,0.0013949299892820344,2.8705268956090435e-16,20261004,118,efebb10bd2c095c97c487205df6be9bbe5a8d411cd079b83ffdff7337ba74344,cd67986800b5489aee9b3cd780e54ffe38131504ee8af95ea833b2ad595f0e43,0.0002966683,False,False
3.7246722499606477e-06,0.9999324,135336.96484374997,,50000.005513289674,102,1.2742299793089273e-07,0.0010133961090703636,0.0010133961090703636,3.6909926544727127e-16,20261004,119,f48490fe79b4f24c1ac4b8115a7d87ca86831a54ffb299f7dfc329b4037af468,a63754c07eb0acc0e1f836a5ceee8ca401e954b1c8bdba3c00eadcff85029b36,0.0014211816,False,False
2.5639896874857433,0.9994918,130238.78906249999,,50000.005513289674,102,-9.709632449850236e-05,0.002760806537343896,0.002760806537343896,9.709632449868544e-05,20261004,120,348720771acd650611864df790689ede7234bdb6c2fdd0e9207562a3cd4bbcf2,21a88bd59588fdcce54b5c042504efd4e05685a739f4f105372374a89ef4d714,0.00018823141,False,True
0.00020540587282380507,0.9996394,130315.26562499997,,50000.005513289674,102,-9.883123762544077e-05,0.0021998120714583624,0.0021998120714583624,9.883123762562385e-05,20261004,121,e5968d49d11eaf5b28bcf19d9862cfbf6ffcc16f2d2d46789c18c56ef3358169,6789dc87a3cb7a210d28e56d8e767d826fe7bfdf04e684e0207a6836cf13297c,0.00095919793,False,False
1.2126863581520038,0.99941707,125396.67968749997,,50000.005513289674,102,-6.9396525080756e-05,0.0032912881490989587,0.0032912881490989587,6.939652508093908e-05,20261004,122,8ccfb3ea1b53eca4c64c88061f533fdb92173652c91a5fc4e8e2d51f72a5fa1e,35bda63091993c517a7efc2efccabbdec0da33cee198fbb65cf9809b8ffe2cb2,0.003302965,False,True
0.0026523587128315373,0.98824227,124370.68749999997,,50000.005513289674,102,-0.0007867389951420334,0.008510916303855365,0.008510916303855365,0.0007867389951422136,20261004,123,8342eea3191e768f5c6f8c2a857db65d24110e0970b60c1e70395a9ca132fffc,2fd278fb3fcb027c5ac6926de4e21cf8f34c893162a77de959ceaef1ba0fe7f8,0.003156792,False,False
2.077975044478819e-06,0.99993163,135304.21093749997,,50000.005513289674,102,2.940530718920087e-08,0.0010146899423280065,0.0010146899423280065,3.6617393128481014e-16,20261004,124,015a85995c77b7d32c82c4dd9faa7a11a477cfd39de20547a6e4fcd719a31b63,a43c1606d94f666c45bdc6e60d15ff6e2d866ce9e41e2ced0b38c9d60b8fe09a,0.0016850384,False,False
1.1235173908280935,0.99964565,130259.80468749997,,50000.005513289674,102,2.205398042742779e-06,0.002153498680855237,0.002153498680855237,3.9807499202342e-16,20261004,125,dea10611fe91529cb883062e86de3562738e85da4f596e321d7f5c66ce81ac1b,fa8bd1b58bd355f84a1ca10b7b09d0804d1466cb6a70911dae2fea5ce7ea20da,0.0016414402,False,True
4.1598707972267945e-05,0.99899566,129591.67187499996,,50000.005513289674,102,1.078194598713722e-06,0.004326737119326407,0.004326737119326407,3.6909926544727127e-16,20261004,126,ecf29bbd2a87b6d823c3eef53a90d7801a8774743a4771e718f6738be0616c22,42ad1c828185c9cc4bab0afbdabcf0db388d71f1e7ab5ecc265513ad38f5f93b,0.0033618105,False,False
1.1231916192309774,0.999629,130306.50390624997,,50000.005513289674,102,-2.1171821211751762e-06,0.0020967660636597163,0.0020967660636597163,2.117182121276217e-06,20261004,127,2b01ffee0d0618af9618792e10a3117df4e3493f3401aeec443294d3de3793e2,717ff628173facd7f5f17e812dc00ea56fcf78f303d2ee1485b5b85d8cfd7b3b,0.0006996958,False,True
0.00031961608613495507,0.9992151,125345.99609374999,,50000.005513289674,102,8.631437851136514e-05,0.0037244184650351286,0.0037244184650351286,3.6908952456837785e-16,20261004,128,a50dd3080b8e12820c0f4b5c7ff07ffb4df5a70c56f7294064c3a56678aa36ed,c08f97c0b1becce7672afbaa01d717d537cbf9b8f7eea97a8170f9e24f540639,0.0018391192,False,False
1.0937407533706967,0.9998374,130013.78906249997,,50000.005513289674,102,-1.1174016751880345e-06,0.0014024773421994485,0.0014024773421994485,1.1174016752890753e-06,20261005,1,b7dbcde8917ef2e5022467310acd0ccb3e658c7fdf359d336ff25319be6b670f,4987143694a76433ef688c0e34ed26e82bef941abd637d7c8d3d34c39ee99071,0.0037886207,False,True
0.7536782161440034,0.9995438,118953.92578124997,,50000.005513289674,102,-3.199297427447512e-05,0.028373027782382154,0.028373027782382154,3.199297427476923e-05,20261005,2,90622a62d7b4fa608642e693ef60396c7a1f4a8fc2d20d6a8a9203c2d8de2a1e,abf6e442d2dc1737deb1bcc80a203a1b07388f992edf413fb6f75a7e7e59e386,0.0067831646,False,True
2.079935398602295e-05,0.99171597,125490.88281249997,,50000.005513289674,102,4.253967780587509e-06,0.005903646077799141,0.005903646077799141,3.9807499202342e-16,20261005,3,5c313685b499a3fec09de17abeccd9cff888a279a99c4ff1a15ad27f2f76daa6,83a9eef2d791f30acb1ff632c8e616a5d0c2fc925ee05f2382c46a892016cb97,0.004595677,False,False
0.12738804492106548,0.999794,130360.17187499997,,50000.005513289674,102,3.9207076307778976e-07,0.0015614914320096762,0.0015614914320096762,3.9807499202342e-16,20261005,4,df2487a766e02e2674ba515b38d5c2921e5b36f556e14549d3f79b3fe07d4402,db465468e0339f747536e221b6eded76dfb6ede3ce7c9019c741a21472722b9d,0.0014354654,False,True
2.531053998664735,0.997535,123730.15624999996,,50000.005513289674,102,-1.3722476711608422e-06,0.00652047148024848,0.00652047148024848,1.3722476713439292e-06,20261005,5,db676db32bfbc6c4f2d05a4f82afbf1a09e2d0ac5562214070c20ca8f9a39a30,6e736eb7877c74ff8a37f57a5a6cf44f5db4aac3d01610a35bd7cec4201f8a26,0.0055072145,False,True
1.3472100909627271,0.9996203,130281.65234374997,,50000.005513289674,102,-3.9207076318881207e-07,0.002238274181621147,0.002238274181621147,3.9207076337189903e-07,20261005,6,37ba89d9db4ae4525c232067056134a51d9fa801709dc0264a3a71bff73c5664,b0183a142763180e5d198cd2dcc478e7d8e3e433e90c34b97874256270265104,0.0010854674,False,True
2.516700131196849,0.9990052,125194.14062499997,,50000.005513289674,102,-0.00020511181975124693,0.004771492489646145,0.004771492489646145,0.00020511181975154104,20261005,7,2d7261846356f016064e2ab3cda167a54eeb245550dea49b570e0719d746fd78,9aa93155ca4f09c0faeda7f0824e6da91940baa0997316d0505147af8de3c60b,0.0019439545,False,True
0.00043625713817707634,0.9994483,130207.72656249997,,50000.005513289674,102,-0.00010268333287355436,0.0029316219209765126,0.0029316219209765126,0.0001026833328736554,20261005,8,eb7f034280e9a7c805f18f061838924623f2d3ff3371c3c690b097a3616c1bd4,fef2a83343ec1e889b9f2f954f7160405803fb2b71a3ffc4419fd2ad0a61280b,0.00040298054,False,False
0.3201070763512739,0.9999204,119372.57812499997,,50000.005513289674,102,4.116743013260482e-05,0.03526666094780517,0.03526666094780517,2.8705607769269337e-16,20261005,9,059b60709a50b071033df9cf11cb7a6c8e05d465428449a79ee5f9c77759ffe5,a5f739ff52235669440069ace5b14e12e0ebe9f4dd4d3388dbcead9dbb186de3,0.0075451317,False,True
1.2356680956270887,0.9966384,123516.17968749997,,50000.005513289674,102,1.2056175967445348e-05,0.009445476409938314,0.009445476409938314,2.8705607769269337e-16,20261005,10,c49ec3290672a45053e7351b4f02c54417fa85771b648bc30ba7ffe1cda04d8f,fd7d4e7803b4060f922d5e60dcb1c9f3e67efa744a2e2db10b12a7cd875c4e80,0.0049229925,False,True
0.5380112633420331,0.9997246,118702.13281249999,,50000.005513289674,102,1.1958158276703656e-05,0.050937775745482305,0.050937775745482305,3.98078380155209e-16,20261005,11,eece898a92c5491c87aa6cf2943ae3128752c005f17fe498eba5ab4d1f73f4c8,a224887d7c1f27e682b9cb6e16c6fe0f8c5394b5313145a825d6d03bfe060a51,0.0067487955,False,True
0.0008691424677909065,0.9986645,124689.47656249999,,50000.005513289674,102,0.00043457123389545327,0.005380976194408915,0.005380976194408915,4.691342800344778e-16,20261005,12,5f9ee00f4627510932a2dc9bddeefbea75c38ba2dcfca74a30358dfd2bfa6542,41309d915bdf6e8af9931567878e56ccf27c3961c0d2193ee45bd484b38a6aea,0.0038332501,False,False
9.780205187226443e-05,0.9998319,134933.96484374997,,50000.005513289674,102,2.3524245795769616e-07,0.001369592396977093,0.001369592396977093,3.6617393128481014e-16,20261005,13,92f3a276594edea95b6ba8d59b8db5a33ab4109b0d0e510c5e46bf88c8051bd5,158060ba28c43d1837d121f12f7ba9545beaa3b09a58307b35187f8d5ca1804b,0.0030788037,False,False
1.057334865828426,0.9993703,130086.23046874997,,50000.005513289674,102,0.00012957938722690798,0.0029264565409425902,0.0029264565409425902,2.8706963021984944e-16,20261005,14,274f790cfd390c3ac416fd40439e8ace4cbdfd156bcf0b2ea0b0e2bec7bea467,94a50acbe784be7ac1dad46923d667cea0fc33d5453f169f5407f817bc5fc79f,0.0019144332,False,True
6.026127629876754e-05,0.99989414,130439.29687499996,,50000.005513289674,102,-9.4096983160874e-07,0.0012093334767588892,0.0012093334767588892,9.409698318208032e-07,20261005,15,f1be3f950ec9d8f32c04d030ca009f5b12596f56b8e615fb7d123bca8ff41f4c,9f90894f27b5ea7bcd2d30cd739076503a764ff69a8625a2bbaa9b3497080601,0.0011420266,False,False
0.0009438319481747115,0.99923134,130004.89453124997,,50000.005513289674,102,-0.00015222147380000717,0.0032444259532644626,0.0032444259532644626,0.00015222147380010822,20261005,16,e3e27b9028938e85b33cd84f66cd0e599414836e788f2454393d70b1087e54e5,3f9ce887d6cc3141b83512599291cb6748506d0c7789148a3b2f23657d45e5b9,0.0016995464,False,False
5.8222508330318945e-05,0.9998623,135316.62890624997,,50000.005513289674,102,3.9207076318881207e-07,0.0013116149408953781,0.0013116149408953781,3.6909926544727127e-16,20261005,17,1ab51719fc324f92405b4c72f9004f2de343d713d49594f0485712436f3a1bfc,291d56004a25ae7882cb41dc14643d2742b610dfbf0585ee475c3cf9762047c5,0.00039576658,False,False
1.747468997173501,0.9991827,125330.68749999996,,50000.005513289674,102,-1.509472438154802e-06,0.0037953832746445704,0.0037953832746445704,1.509472438337889e-06,20261005,18,7ecbef3e5bd154220ffd908648f038b2cf32d15b2281dd0d494e919782ab632c,d35465ccfdb40fc50609351a2b241d65ab1bf1bb603cecbf437e3db18e1e278d,0.0015882857,False,True
9.468508930510211e-05,0.99760157,124641.37499999997,,50000.005513289674,102,1.617291898070583e-06,0.010129433423058165,0.010129433423058165,2.8705268956090435e-16,20261005,19,89820539d949af0e6313d07c53eec6116c9b999527efb3f209dc328ea2497202,a7e07080f6dc8bec9589fe808178cf389d7db9f9c78fdd4351e63a75d1f8e210,0.001801491,False,False
1.3081041100922095,0.99976707,130394.05078124996,,50000.005513289674,102,5.655620758693303e-05,0.0016227230960599304,0.0016227230960599304,3.691030770955339e-16,20261005,20,2c389c36786ff02d45739b5ebed5b751fabe5ee82dd0f53463c65d370356eccb,1874ae746dc1309daed54bb3ac51bbb28c8aa508dd066b4b14f565a2ffbc366d,0.0008989328,False,True
1.3700618765833599,0.9995405,130269.72656249999,,50000.005513289674,102,-7.419939192965241e-05,0.0025672804035226093,0.0025672804035226093,7.41993919298355e-05,20261005,21,8ef8e31c10f1d91331c09723c4838ac4fe75f489e121c6d847546179c7f509d7,1e471c2770227221d4cdc50d39c480363b777caf426940514e24d99c88982263,4.646668e-05,False,True
0.006577967229051351,0.9794121,120618.78906249997,,50000.005513289674,102,-0.0010439374157802384,0.019786342157036896,0.019786342157036896,0.0010439374157804214,20261005,22,92e6513095a577031ebc6b28169d9963379cc67368ca6fd2a70ecf488e745d43,a9deafcae7f6b424a381ea7bbd61af20dcadf22184fd9b33fbca779d14699695,0.0039630258,False,False
0.2856838122441915,0.999454,130212.76171874997,,50000.005513289674,102,0.00010600613259148517,0.0027375763342507575,0.0027375763342507575,2.870425251655373e-16,20261005,23,32ff1b4a4875c6ad3b1e4d989dd17557f8e890daa9f0fc4687aae5dea6300938,085e0bc12e89dadc00513bef665408a8b058f925a67a0bbc804a0a995f52b322,0.0005374375,False,True
0.001174153917997467,0.9987015,125170.24999999999,,50000.005513289674,102,-1.009582215161231e-05,0.0054501376976132665,0.0054501376976132665,1.0095822151684374e-05,20261005,24,8862119f85410f191a0c077bfed738b0c0cd9a8ba9990eef852f6795bea8d6f0,341056dcba80d237f71158fce0b0cfe68121d7262a4318f5db0c2231e41aacd4,0.000708094,False,False
1.3718069247396065,0.9995288,130262.55468749997,,50000.005513289674,102,4.0824368214842366e-05,0.002609957307830091,0.002609957307830091,3.98078380155209e-16,20261005,25,79768c07b51f4211be0a93adf7607be60e8877e16815c6f58d23c063aa5906d6,d6751e11b3c3fee7cee5ce2ae3c96011835ae88cdb55c7c27b71eb8ba04a313b,3.1145017e-05,False,True
1.1158527994789225,0.9996209,130314.43359374996,,50000.005513289674,102,-4.508813775672138e-07,0.002269708487956379,0.002269708487956379,4.5088137766825467e-07,20261005,26,78405794a85ca82c1d60ab719212f6bfd172665448d89d39c2afd9953e999b2f,198c10ecbec74fb6ef83131bd7c9b3904ddf8327f4e2038ef1e670c1552eede8,0.00077961956,False,True
0.35895591761176804,0.99922794,130010.74218749997,,50000.005513289674,102,-1.0291857531763426e-06,0.0032179121652617937,0.0032179121652617937,1.0291857533884058e-06,20261005,27,f6894bf7e98de0ea5f75c8e4594d318071d069dffe9946a98b195c070343bb21,a8a05b541449e0c456860881e656b651734c8d3acb81d15498d11ec47ef8a8ff,0.0013930509,False,True
1.0585910605431792e-05,0.9999224,135384.86328124997,,50000.005513289674,102,-8.331503716929589e-07,0.0010639732370876231,0.0010639732370876231,8.331503717939998e-07,20261005,28,3fe6d0b06a4f252612e255960c5c3209201a8e84ceb477959e11046578f42f47,3dfff0904bb6e402f17ccd5d63951a577c560dd90dbb26f38449ab4e83a90900,0.00064303936,False,False
7.508155114521742e-06,0.99848604,129247.33593749996,,50000.005513289674,102,4.4107960861516915e-07,0.002504813688191887,0.002504813688191887,3.9807499202342e-16,20261005,29,facd7d01c62b9b0b01a5d7747e6e49fd9cf07c39138e98af5547c893b5a50ad2,39007aa87a8021db29d2a9cea633e8e2b1bc74382e4522373ed67e5315bac74d,0.0072878487,False,False
0.0005106721690262273,0.9994586,130218.41796874997,,50000.005513289674,102,3.3816103324202373e-06,0.0028910328447689926,0.0028910328447689926,2.580769629847556e-16,20261005,30,9a4e58f62b0604f701db0cd0893185ab71b15972071b2ea3ef5738bd8ddb0cdf,4d5a77d173fe177717089e96f5f0312d2a9b86f4638481850b3cbfb26ca7f5bd,0.0001955217,False,False
1.0074174944564747,0.9998363,130400.78906249999,,50000.005513289674,102,3.9207076318881207e-07,0.001493045691372319,0.001493045691372319,3.6909926544727127e-16,20261005,31,c48338330e7e624909483fe8eb7f372e1b442a4541c2036f4176c56a2e48fcc2,595c3cdcfd7b90166d7bdc2ff4a5d221dae6a493b48a81b6b5c13b51ce1dd58c,0.002050003,False,True
1.0321281855829776,0.99936295,125256.15624999996,,50000.005513289674,102,-3.43061917762455e-06,0.003559317411039431,0.003559317411039431,3.430619177918659e-06,20261005,32,8c9b20e43df53504237a3741b1a59f4b9568f435824f2383a198757ba8c2fef5,e38d43bd604f0b2fe1a8dce85843bf0a134ad0a8a997dd0c914bfc338ade343d,0.0031292017,False,True
0.0012216924980312793,0.9987303,124755.11718749997,,50000.005513289674,102,-2.3524245791328724e-06,0.005401755944856701,0.005401755944856701,2.3524245792339133e-06,20261005,33,95a250f1908f8b35b67ed652e173f04121b8ad771900292f20d3e14536ddcafa,21939220e838e1974d25db88137affb27baefc2a453fba97bf5fb691127497f0,0.0037969928,False,False
1.8191696437152238,0.9988736,125206.22265624999,,50000.005513289674,102,-7.743397572479438e-06,0.005219482247060037,0.005219482247060037,7.743397572580479e-06,20261005,34,de5b3a84e498e421986315680d6963e4728d8937ce4ffbf071aabba99a39fae8,7ee008415af335db5853bac6353ad383459a1e882b8733825eeac6c84ac8a0dc,0.000994746,False,True
2.0975785829602245e-05,0.99990994,135274.03124999997,,50000.005513289674,102,5.881061447388092e-06,0.0011024451807236657,0.0011024451807236657,2.9782356051819003e-16,20261005,35,bfae1216e8d39cf3c52d7f446e602f3df89fbe198ff03f8d1b3015a11f7d827b,4ae675c252eb4d07e9ab8085b4e74715122160fb6f6cbd336e177d6a042d562a,0.0018361969,False,False
2.2530733379292722,0.99190456,118639.85937499997,,50000.005513289674,102,2.773900649399863e-06,0.017544521896072807,0.017544521896072807,3.9807499202342e-16,20261005,36,32df272dcb853b7df477ef3ac98cd57f1518ab4bfe4b82c3f102f9664dc6d166,373dfb1ea97fcfa6f69f24070fd69d6e2e2c6efb7dae1ed1ccf3047e4a6f1c94,0.0060560424,False,True
1.1639462772641544,0.99980223,130426.92968749999,,50000.005513289674,102,-6.429960516030064e-06,0.001483096906471637,0.001483096906471637,6.429960516213151e-06,20261005,37,9f4d0aabd51a1e048f62557c45488a22cde995bb329a48d4f357f9a640d5409d,b938a3d2519fcaa649f1f98aef47f6bf3ca0a1b38eca9cb108720d3b71e59f26,0.00014120583,False,True
1.1624898128337335e-05,0.99992347,135339.89062499997,,50000.005513289674,102,1.372247669939597e-07,0.0010511427213629743,0.0010511427213629743,2.9782356051819003e-16,20261005,38,5b1b598e509ed831d48274fbcc915c49279fb5012fef1722eefd4e42e3c798d7,f4396d40f2ea2e54250631ab707488b7934dc5e4d14d4ea69677c063b16c24a9,0.0013179018,False,False
0.00017527523467464334,0.9997717,130408.57812499997,,50000.005513289674,102,1.764318434238632e-05,0.0015935138409874927,0.0015935138409874927,2.5807738650122924e-16,20261005,39,074bbc74250e1c7730eec92046838a333aeb414c0ae5e8d066888bee9338201a,d93fa33406e78482c43e02d7a7c65998c5a94f1162fc22e43c666d9716f5872f,0.00011691747,False,False
0.0006669515752251165,0.99924016,125221.96093749997,,50000.005513289674,102,0.00033347578761244723,0.004190688564507217,0.004190688564507217,2.9783033678176807e-16,20261005,40,211d9fede6b6dacf19ba5ae8b4f81533fb275e3faacc51c2cfd302c9558e887e,3820d82201a3f38281322af68dabae1bf5ab2395a732cf6a27c6840ffeca1512,0.0032788916,False,False
9.79000695628951e-05,0.9998652,130435.41015624997,,50000.005513289674,102,3.430619178734773e-07,0.001358947685465739,0.001358947685465739,3.9807499202342e-16,20261005,41,7db39c587e3ccb6dd9890afb9e577d7bbbabdab1161ed2a37985182a0bc39f77,627f5f796d5974d54b5a065231128b55e77de8b934fb72bfc0959cb7a14b5612,0.00090977305,False,False
0.00020074023074223568,0.99980354,134428.17187499997,,50000.005513289674,102,5.881061447832181e-07,0.0015911613870124297,0.0015911613870124297,3.6909926544727127e-16,20261005,42,8924009c35296d2396632376ededce4db96be72e81a45d5ea60891c05e39351b,f37f776af9030ee8f9433ba7332c12823552003f6624f0d74c25e6d3c7453c1e,0.004801398,False,False
0.0002226177793267503,0.99959624,130297.39453124999,,50000.005513289674,102,-0.00011130888966337515,0.0023467798001561846,0.0023467798001561846,0.00011130888966344721,20261005,43,822e6ac4f9e359901c1d64b42ad8715ee6e88b00a3d46cb0743c84bc1b6f1707,faa84079b56d40065b54187f22e4d6fa5070781cd310b4084030923fa725e1b2,0.00046370763,False,False
0.00044723511954569695,0.99934304,130125.78124999997,,50000.005513289674,102,-2.156389197427444e-06,0.0031253931377214217,0.0031253931377214217,2.1563891976395072e-06,20261005,44,3c2d1b283561122d1e38836d104d4e04d287d8a3caa71a54dacdd82f35db4e28,dbdcd4970cb80737a84b951fcca5d23b84e2a741ed2bed3ca355a7fbe8a7ddae,0.00082291174,False,False
3.205178488907556e-05,0.9999033,135177.07031249997,,50000.005513289674,102,-1.1762122875680348e-07,0.0011202844004477575,0.0011202844004477575,1.1762122905091274e-07,20261005,45,db738c3bfc523f1747d7a98f8f35f09efce7e07b0071dbf1eea87ac3196ac648,cb0c787f952267f7886d48294086f00ca6ee2a95c13e2ce0ef0a0fb7b526d17f,0.002256421,False,False
0.00013851860062752408,0.9998143,130426.23437499996,,50000.005513289674,102,-2.548459961948524e-07,0.001467698313554644,0.001467698313554644,2.5484599629589324e-07,20261005,46,29ccdf97ac1ef949cb7334e86a881743a25e24b050135fcf2648ecba961a2afe,cb4519c55089ab536f84e65e4391b0ac2ea764dc597f0d3c65ded736e42cd17d,0.0014853147,False,False
1.0101848671276814,0.998626,124480.64843749997,,50000.005513289674,102,-9.311680625456731e-07,0.005232812653007679,0.005232812653007679,9.311680627258348e-07,20261005,47,1e0e63d81840ee09a6876eaca9675ff509300c9485872029d6fb0f0743f78fc0,5c1557f147f256a1b19e021b69852ac42bdd9d7a074a1f38c06e3a0334b6e6fd,0.004451677,False,True
0.0004405111059573308,0.99952316,130257.29296874999,,50000.005513289674,102,-9.06663639824723e-05,0.002482377469043562,0.002482377469043562,9.066636398265538e-05,20261005,48,d90cce7e41beb61f1cdb49f022a6ba231a807906bf79c408d68cbf087b7da719,66452e41be5b30e2d027897d8962e169d61ec0672e3dee62bf19fc0743c3fe7a,0.00026793877,False,False
0.0001889781078470154,0.9814762,122717.56249999997,,50000.005513289674,102,-1.5094724382658242e-06,0.013581862424592472,0.013581862424592472,1.509472438366865e-06,20261005,49,c7a8945fe4c418eb4ce56121f1aae42f64eaa0462d5c123fd82bc2b495d24c41,d6b6c88b8808da70b4bf992b9e8e1741f1cfa59f8a271adda0c27f8608ba60db,0.005328824,False,False
2.7165854712433184,0.9998423,135131.82421874997,,50000.005513289674,102,-1.7643184346827212e-07,0.0013660147512630783,0.0013660147512630783,1.764318436803353e-07,20261005,50,c4b0a0f13b3599d3e72dc6a23519e718bb0dc16e266e1545ebc9a8c91217f860,d6a9077ac2e0aeca8dde928ad248a116aa8c846c47ef09ecc064dd1b1f7ca4a3,0.0024997434,False,True
0.00028256539901527766,0.99968386,130321.47656249996,,50000.005513289674,102,-5.881061448942404e-07,0.002048051249101235,0.002048051249101235,5.881061450773274e-07,20261005,51,29769f353e5049419b4b3b49c16ad19aa4eff5c86ec5631fac33f37201b3c86b,33e63be31759a2cc7ef0bd7678f6253743c1ce732cae7754887ef503bc804efb,0.0012399026,False,False
0.18544178639150888,0.99974203,130378.07031249997,,50000.005513289674,102,3.9853993076044425e-05,0.001773150833505821,0.001773150833505821,3.98078380155209e-16,20261005,52,0f4fa892c5919de1079b3deb7d106cd07842fa7c5829241a2dbaa339ad2670a0,66c9cf46e282c00a9b8bcd93273c4f2e4ab78e9cc1e1841801cd3952906b69e1,0.000608474,False,True
0.00035313813638526703,0.9994781,130214.25781249996,,50000.005513289674,102,-0.00010194820019260309,0.0028656854203809035,0.0028656854203809035,0.00010194820019281516,20261005,53,103b3dcd31b37cf20d7d4ce785edd78d451429e2c96fc0ae8c8307b5809c148b,91e744181e93217cdaeee7418b9cb96128339ae11d1ae711be06e05304b4e0c5,0.0011423964,False,False
0.27661831285114447,0.9994974,130239.05468749999,,50000.005513289674,102,2.5484599597280777e-07,0.0025703189886631117,0.0025703189886631117,2.9782356051819003e-16,20261005,54,b1da617ddd2a1545ebfeb64447075c6125abb78728f7724fcc567a51770158d8,cfdb9a2da85c980bc51b4194717aa685e170b2771b98d265a14a794dd6c54e92,0.00039265072,False,True
1.0829335580264283,0.9994527,130202.56640624997,,50000.005513289674,102,-0.00020491578436976354,0.002936091578494948,0.002936091578494948,0.0002049157843699437,20261005,55,b8388b2566587f924711221750292fdce5cd2f62629b2f81a61ec7ae951f6909,214c31b5dd9bcd399e7751eade11f2b3de67ba64abc8207dc97bff2e3c71fb1b,0.00073512027,False,True
5.1459287665700515e-05,0.9914546,117504.51562499999,,50000.005513289674,102,1.3428423638495168e-05,0.02456445138372121,0.02456445138372121,3.98078380155209e-16,20261005,56,edfd143d5ea261f57b065dba5c45851724d8fa54b5fb99af3c3bf8618c025d8d,9c90d5b7b8aa41a8d5dd35dbe695fa81161a0163a8c73d7ca77a2bb9c4913a7a,0.0066311285,False,False
0.0015349570378024868,0.99784243,124776.42578124997,,50000.005513289674,102,-0.00015271156225393767,0.010058547029077602,0.010058547029077602,0.00015271156225403872,20261005,57,21ab7d6d438a0f32b5a85940679e1fec85fc37f9059eb3ef72666d7d4797eb5f,750992d87073d062100f949e906a91fec7145d8c5ea27e1dfd703b68e8dcca40,0.0020172484,False,False
1.119606916243332,0.99961305,130312.33593749997,,50000.005513289674,102,5.5625039524498376e-05,0.002160810858126916,0.002160810858126916,3.98078380155209e-16,20261005,58,5bc6cd5e74497e4817cd5e8c24a29626d4736a8ae8b0391a5c3a71d955ab6d6f,ee6ec4c9efda62a4693ac4b6614caff68d7d8d4f451b4ea163fa3d1100b15c00,0.00022046475,False,True
1.3644968633780297,0.99957085,130287.92968749997,,50000.005513289674,102,4.00892355338911e-05,0.002310474077799052,0.002310474077799052,2.9783033678176807e-16,20261005,59,cc846b4c35113129327a05eb9d0adcff1f106be3cb6bc067a0dc892828814b95,67caa9f0facd5b033a0fe92fc1c1da98c8709f491cd69db83e40b368a74b637a,0.0001151007,False,True
0.5298427630445,0.9995645,130133.17187499996,,50000.005513289674,102,-5.48899068419928e-07,0.0022800003389473744,0.0022800003389473744,5.48899068603015e-07,20261005,60,8d5266de6ddf227072569bc213711b509543c961a9b478baee42007b21afc691,95e1566e6de534d7d19e1ea467be3d76857e8b90c8777c7d28c3ba43a5c3e35d,0.002213051,False,True
6.077096829315565e-06,0.99992776,135323.60937499997,,50000.005513289674,102,1.8721378941544131e-06,0.0010347835687698481,0.0010347835687698481,3.9807499202342e-16,20261005,61,e234860273aa5ec15a799193cc6d184d9c60ae91b5188b455c3115bfc4b278c4,ff068f9d27a865c4e2d7b4b4c4e56deb7eccc578dfd9ea7ff0c4208b10d29ac5,0.0014291045,False,False
1.024651670578898,0.99938387,129891.65234374997,,50000.005513289674,102,-6.371149903205975e-07,0.0031238640179270805,0.0031238640179270805,6.371149904216384e-07,20261005,62,6655410324be117cf365a78f5f20c4c5bef41e10595653c17577e5da66d1538e,01d0e75d941183f565d6deb7cf8527ec47f5183e1b96560fc4df62c584f1565f,0.0029067458,False,True
0.5395615895537522,0.999002,116766.58593749999,,50000.005513289674,102,0.2316819064721698,0.3213367317305791,0.3213367317305791,4.163336342344337e-16,20261005,63,2491f9d37039fd68d7cea6609072b1192ff575fb30a91778ed1c76ad32a95813,ac7982422fbef190665bb6fd8e7d71ad37e698418e91cca6d46040d528e1f8d7,0.008127786,False,True
5.116523459336442e-05,0.99986243,135322.19531249997,,50000.005513289674,102,-5.881061447832181e-07,0.0012962947756099963,0.0012962947756099963,5.88106144884259e-07,20261005,64,8e5d36c76f4e3e70410caa72161bc0cdb25158ae5a854ccbe3e2e4f6d5b234e3,d1720b53b171eace0218633a21b93a2a442cbaf178eaefeca6b1b1ccf11a28a8,0.00047753484,False,False
2.3053760874081064e-05,0.9999076,135219.70703124997,,50000.005513289674,102,-9.703751388312476e-06,0.0010938196256474741,0.0010938196256474741,9.703751388495562e-06,20261005,65,a297bb7a4bb3d4b29dbc0b31073d62a0f690bd903fc2fb2e01695af17c526daa,4109bad3f450ae8e6baec234ad5feacf6ce78b60746dd0994d6ecb07e0b35abf,0.0020257547,False,False
0.0002227550040938553,0.9994585,130214.84374999997,,50000.005513289674,102,4.116743013260482e-06,0.002718276651435869,0.002718276651435869,3.9807499202342e-16,20261005,66,aac09ad0e4d34ab125552f383772f2096b03d84b2f4c3aa5cef74e56d61dca9f,31b1458a5106886f38bb8470250af65337525763b48306e15274f43828a49b69,0.00053205225,False,False
1.6125197107564353,0.9979799,124757.94921874997,,50000.005513289674,102,-3.1855749508258313e-06,0.008479991722410651,0.008479991722410651,3.185574950926872e-06,20261005,67,77bfe15a9304eba362dce68f88e7d1393a25409d2833acf3295d3a75f152dc1b,b262ed392ae3ee4d810f08290dad4b8f405531375b7271e5ffcb33418eaa88d6,0.0022504493,False,True
0.0002242644765320101,0.99944925,130196.85937499997,,50000.005513289674,102,-4.214760704113196e-06,0.00293782644080387,0.00293782644080387,4.214760704293358e-06,20261005,68,8fe11ee302d0e44a5ab00c24f80ed23e44b5c1322037f5571da20138467dfec0,99f00d9bcadc564b67861f4cc203b6d9b28c6b978940cf9405f913b611ccccdf,0.00084639905,False,False
2.2269619347925484e-05,0.9990227,138774.70703124997,,50000.005513289674,102,1.9603538148338373e-07,0.0018822739286646906,0.0018822739286646906,2.8705268956090435e-16,20261005,69,ce18cce0ee92b967717c60ca0546512c64fc7d07790cfa32f16b9b337c29ef6e,9111736d4955b75b42765a3e981dc152916945ae9cdbc7a53478faaf959726ec,0.007077975,False,False
0.34099294075122966,0.99929076,130102.91796874997,,50000.005513289674,102,0.00020824838585653538,0.0035514171851618315,0.0035514171851618315,2.9783033678176807e-16,20261005,70,4a6d8f0d04f2888e2f99ecfc026b47f67f21976ca7efebfd70c2fd7269fc6351,ffa2ba3175a4e1adbf843f086445838750609dd74465a80c59f1c267ee900f76,0.00059505063,False,True
5.659541466340734e-05,0.99985456,135108.23437499997,,50000.005513289674,102,-6.8612383552491e-07,0.0013223380682464425,0.0013223380682464425,6.86123835707997e-07,20261005,71,fd9c6c9bfcf88fa568b26a3fee4040edbf5d7f63754741f33a7010c2b3467fef,d690e24583fd50530e51d8ccc7e87e4a21e8ba074c686bb67f283a282edcc80e,0.002791385,False,False
0.2781542304623169,0.99949455,130235.94921874999,,50000.005513289674,102,-7.939432954184866e-06,0.002745858838288595,0.002745858838288595,7.939432954478975e-06,20261005,72,b63686e0d6c092fdd9ead65256600b8adba22257f4c6ce0e628fdabfa252d0cd,c9297bb808de0aeb02504036447f8f5963035168eafb8b1bba6d873c2c081bd5,0.00043017382,False,True
0.0011454543381335114,0.99905145,125276.19921874997,,50000.005513289674,102,-0.00020264177394335725,0.004639168508725922,0.004639168508725922,0.00020264177394317123,20261005,73,4bceda0927c440069f50e476f0cad0af5b62cd9b9fe05b7bafdcc2ca506033fb,6509fe88aaaef01b4b66dd87ee40662b76fcf48c5d98fb2183c69df00f629a40,0.0017200139,False,False
0.00012360030808888922,0.99772763,120437.70312499997,,50000.005513289674,102,1.262467857399141e-05,0.013166071501421572,0.013166071501421572,2.8705607769269337e-16,20261005,74,99184534c1bf0ce86e645c5acd5540df19810890f0db970c041ad97929c6a2c9,118c1c120e5e9a7251bb13f673f531a07f2c3ce11e1d4ef72fbfa6cf0a82937d,0.006039008,False,False
0.9869551448948926,0.998031,127695.69140624996,,50000.005513289674,102,-1.7545166652865873e-06,0.005468741234744168,0.005468741234744168,1.754516665358652e-06,20261005,75,39fac1fcef144d4bff8d1e3f4fae565950c976ef5279900af26f264f61cae55d,33ff64f4e9b759f24e9b555be487b4b6e11bf5f0098ce33edb1d2b4c1d20421b,0.0067570945,False,True
4.76365977251092e-05,0.9996138,134068.22265624997,,50000.005513289674,102,-1.3134370565603959e-06,0.0018792353802500328,0.0018792353802500328,1.3134370566614368e-06,20261005,76,d54df5ea841a318afbdfbe54f43ad27678dd8dc16471b1d54ad5017ff198f367,1cc3c610b4b8ec2dcf831d17f275391b6866221c49da7f463aea7c9fb22f46dd,0.0049794624,False,False
0.944630165041075,0.9961395,123152.29296874997,,50000.005513289674,102,-1.62709366713365e-06,0.009770640334559433,0.009770640334559433,1.6270936674277593e-06,20261005,77,7589686df74aa5a4bdc5e0710dcae151f0ff50e3540b4867dad2745a1cad24cd,2bf975d1f96e2a7031930e3ffdb8f617a942b8d80c2c6ea437da714f36abf9d6,0.0059167044,False,True
1.26638856503547e-05,0.9999192,135151.66406249997,,50000.005513289674,102,-1.568283054531605e-07,0.0010544165122353677,0.0010544165122353677,2.9405307251918486e-07,20261005,78,f09b4f6275e8b0fd5b56ba308c0a4ec220048caec62ab9acea2692ff4219b078,4c8e12aec4cdba123fa0da610ade369fdaa6c0add79c4834c17c53c981a4fca8,0.0025091497,False,False
0.23195690490545595,0.9842659,118853.73437499997,,50000.005513289674,102,4.998902230379798e-06,0.0178676470463216,0.0178676470463216,3.690996889637449e-16,20261005,79,9b83f80fb5e5c54a703599647487c501c13d439ede9449e4723b4ac93fb289d4,1abb7346b7abfbdeda246a5a33d3957104b07f3d194f224fe373a18c145607d7,0.0063498938,False,True
0.9298925583137381,0.99819005,124928.59374999997,,50000.005513289674,102,0.00037370224791355433,0.007846611206281495,0.007846611206281495,3.9806482762805295e-16,20261005,80,1b57bf182d2edf2798db8cb3800cfe1e2caa4b92a96cec868695f6cfa42305e4,2325242d03c6838cb9aa426813606aa70f6fa07b44163371f03368942d089e44,0.0012312781,False,True
0.000419182456440792,0.99954057,130269.58593749999,,50000.005513289674,102,6.855357293988895e-05,0.0024194991600648974,0.0024194991600648974,3.6908952456837785e-16,20261005,81,4903f9d75bef7c35c28c548769ecace50acd71dca3172a83f54b51efb29eff17,41d60e32dc2a65dca17c5b8a7b2c594db701e87ed4654c94e024fe642750b76d,0.00016620648,False,False
6.774982787560724e-05,0.99503136,122410.82812499997,,50000.005513289674,102,-1.2291418425292022e-05,0.01073866310324112,0.01073866310324112,1.2291418425393063e-05,20261005,82,5c51cc3aafa9c38c4c1d71ae93da720b7aff7afb40a751128704ecc28b4c38f8,b2e242ad2fbf09c05d72438cde04b8ae642ea5fe99f47785ece1bf7f56fee344,0.006177546,False,False
9.517517775914364e-05,0.99963164,130301.63281249997,,50000.005513289674,102,-1.1664105202813246e-06,0.002217886501936439,0.002217886501936439,1.1664105206044101e-06,20261005,83,0e8743fb42bfeba28215a03e01a9113018ac4ac8668497aced6b0484f4472567,a13dfe7f51d1a832215002d163be17876c20b075c394a4f27ed46c9e952aaf14,0.0008387865,False,False
0.00023575214989279836,0.99958503,130292.24218749999,,50000.005513289674,102,7.655181650867426e-05,0.002390995545644148,0.002390995545644148,3.9806482762805295e-16,20261005,84,9171e7d5389255fff5308261881b7e5262f44bdb39d1b4223852bf5012a3990e,7012708b4ffc5f04154e59526a7eed2a671e0b6ace350256b8008d3e2a3ba8ed,0.00037214166,False,False
1.8233953725988796,0.99849963,124989.85937499997,,50000.005513289674,102,5.881061446721958e-07,0.007476545414696334,0.007476545414696334,3.9807499202342e-16,20261005,85,1be01674bbf8029e529c47a6dfbc160df20403c5e19d0c691577bddd8384da61,f845f87875798182c7dc7f9b1ac0109922487eaf0e2fc271e615f8936fb1cafa,0.002966342,False,True
0.00010683928296328915,0.99981064,135229.92968749997,,50000.005513289674,102,-3.33260148699388e-07,0.001442194123172813,0.001442194123172813,3.33260148882475e-07,20261005,86,d4ec6193a6a7664f15c7d6dab4e3b169daab2cf5f7ff3616e05b90dd162c38e9,601cd26ec6328cafe8bd8a5d14f0c412bb2a7b1eb8bf48e94134c739415e0698,0.0010087646,False,False
1.0923459812342649,0.9994644,130216.87499999996,,50000.005513289674,102,9.997804459871418e-07,0.0028636956612578812,0.0028636956612578812,2.580769629847556e-16,20261005,87,35bd2d38d72eca2698628f4e1cd7639d390b58aeec4c2f265fe83a5641744127,8cf0053db60e73a93f2df320b11513f99a51a2a745a5f13f0fbd14044f0505c0,0.00042018562,False,True
1.063173054337994,0.99971026,130089.43749999996,,50000.005513289674,102,2.6464776514689703e-07,0.0018802645660034312,0.0018802645660034312,3.6909926544727127e-16,20261005,88,dcd90d183458e38a3bd379d74f727f5b0816af327f395a5821eb082277f0f181,2af865c4f6338f9f63e36a1ad1f9df70fd7dbcd05ceabc6cc0be612f3e4526f7,0.0028177937,False,True
0.986494638180014,0.99764425,124459.27734374999,,50000.005513289674,102,-0.00045127344840634187,0.009223279475224389,0.009223279475224389,0.0004512734484064429,20261005,89,230c78f843e26309d1903d0607799abd6a10c4be00f846b7405ef67da976b729,28c456dd0aab03f3aac144923e5f632803d5432c9d1dca0496ba9bd237a88dd3,0.0030330475,False,True
1.9721179931858703,-0.006222048,8670917.968749998,,50000.005513289674,102,-1.3722476709387976e-06,0.001707508385982548,0.001707508385982548,0.43876653015977385,20261005,90,14ce4d5963d2fd5dd84edd9bc84c1a44f32e6ec217ba37f0550f9e43ebf17100,e48d8b3fd1bf74361b8f66bdcb80497aa975a2813c665e8bca8a90c72870f109,0.0025544656,True,True
0.31592826853620026,0.9993794,130163.18359374996,,50000.005513289674,102,0.00011615096358863486,0.0031966324094602205,0.0031966324094602205,3.9806482762805295e-16,20261005,91,53faff2374b1c95ae23d1d29acb5ee995a176b8b9d49ea81e7130d1f3dcd56f6,3d4cd5df47bcb8b2bce462f902c5259b3d1e560627a94e620076aab6ca170325,0.00046138556,False,True
4.489210238256547e-05,0.998806,125002.94921874999,,50000.005513289674,102,5.881061447832181e-07,0.005430710370716629,0.005430710370716629,3.6617403716392855e-16,20261005,92,98eae503ff78d664db10c4de9fa93b90addd13a394634f1892aa840141bdf6ba,4fba984416624cfe3f43f1b61877559f086b37b68aebd2cf93e2ac48e1b52320,0.0025809535,False,False
0.7534206727010933,0.9985329,125088.92968749996,,50000.005513289674,102,0.0006035537328208385,0.006518216650054032,0.006518216650054032,2.9783033678176807e-16,20261005,93,df7ec0139d2d37870f8f2c7121465f1cba6c8424f22c4609e44a6c1db81dedbc,c6cf248b5b93f4095b9c043f3c1d05d68339f2cbd174a05e4eacbba07f4119e7,0.00079218554,False,True
0.009501776134761997,0.998597,116437.16796874997,,50000.005513289674,102,6.959256046323858e-06,0.035343841363225326,0.035343841363225326,3.690996889637449e-16,20261005,94,96084c63ff48d34a8ed2d237a84ab99070035e2c7d11b87977f32e19c7a0e41a,638ade4e3fc139c9d51a13b3b22c25e3d91c42f41e41e45df4fa8b76e880f6d3,0.008132547,False,False
2.183711079833236,0.9994968,130074.39062499997,,50000.005513289674,102,4.31277839496591e-06,0.002651418748309542,0.002651418748309542,4.801219914262606e-16,20261005,95,e206d59c547b45eb5f72a43b711b4eec81353fa9b73766c44942a88a42708dbc,58cbe8dbf9585e9304ed23c68cdefdf6c85a9c2b6c608f968753b34a87b50ecd,0.0023245034,False,True
0.00034835487307494084,0.9993516,129654.57031249999,,50000.005513289674,102,0.00010749600149151384,0.00298346347763645,0.00298346347763645,3.9806482762805295e-16,20261005,96,133c4efd155ff9f72b186fe03347576826d99d340e5e8fcead42c10c57f5fad4,3b8519b99039ffe669533410503f57ed40aa1fc81dc032124c64dbeff592aac1,0.0039213025,False,False
0.0009403817254582947,0.99899924,125276.36718749997,,50000.005513289674,102,-3.248306272840562e-05,0.004390448786155132,0.004390448786155132,3.2483062728477686e-05,20261005,97,3108f0eb59e0f487526b26ad11d44b3af2ee54356c2c832b6379292225f90038,a3b52808e99913f6a17bee007f727339b258147ae316335922c89f2909f07396,0.00090039615,False,False
1.3374904607084104,0.9996534,130234.13281249999,,50000.005513289674,102,-1.6663007432748955e-06,0.002002473073015043,0.002002473073015043,1.6663007434579825e-06,20261005,98,67afc377dcc5c8be08d3a236cc2bba3872865c087642296fc37f46c71cb92c5f,02473002e9cd602599ec3f41a7994220cddac53dfe568f2f07626734232f0d8a,0.0017240015,False,True
1.1954794505511588,0.9991993,125310.21484374997,,50000.005513289674,102,-0.00018146015096320856,0.004050680157293041,0.004050680157293041,0.00018146015096342063,20261005,99,6045da27ee81bbfffce600c9f73033325cbe6a0e9cc6307bf2cd19c0f01cc104,0d890b8c8e5376d9b8ba0504725c788d0e38b21f3eb26c396a8faf073201407f,0.0029277294,False,True
1.1447698609951495,0.9990902,125255.17187499997,,50000.005513289674,102,-7.162152666162491e-05,0.005220589958868871,0.005220589958868871,7.162152666183698e-05,20261005,100,3c2a53195007c690cf2e6ff12c65dbaabc5179a36f47d7055729d1123dab6299,9cd5e08236a86a8d0f8d269ba50edfdb54c866d09c559efd64c1d3d4bf025b44,0.0034930438,False,True
0.5360691329752652,0.9993076,125327.25390624999,,50000.005513289674,102,3.9207076307778976e-07,0.003956720336586561,0.003956720336586561,3.6909926544727127e-16,20261005,101,e9fcc9a5cfcf2c59ec6ff7eb3dea473f81e51e060de9983e342763fc8c0afbc9,b9959bd52f19236fdaf9735ac139b78d2faab447f99abab85ee64131ba97b6cb,0.0031451876,False,True
0.19406083480653646,0.9972968,118021.17187499999,,50000.005513289674,102,0.0014145325028959155,0.02206735249155234,0.02206735249155234,0.014887530576162877,20261005,102,a98cd1eeee5564be0f281264dde9426e34490f3aaa290df1b656d1d82de0fb59,c85bca5b1019e64c1a0a41fae417edfd6b6b88cf3958372f41eaa8324b371995,0.006070447,False,True
4.783263310548236e-06,0.9999207,134778.60156249997,,50000.005513289674,102,0.0,0.0010310686982888395,0.0010310686982888395,2.8705268956090435e-16,20261005,103,be25d6f84861fa7456033a6314cc1108ccec50cbf62ac597abb95759bc68f588,632ebe3233880bfc6e3128cca32a37ca18c2a97590fbd410d1188be8d92a1c73,0.003854139,False,False
0.16198248712334729,0.9997823,130414.73828124997,,50000.005513289674,102,-6.371149901474027e-05,0.0016100199907207458,0.0016100199907207458,6.371149901481233e-05,20261005,104,e176b938ceeeff41dd7b92ba8fd4e2fc9add1280e99a5e80b2ad9dce4dd59a65,5e51e165b00fc565024cb6cb7e8251cafdcdd2ddc4937b1f209e523681e49c1f,0.0003036804,False,True
1.4487014698971734e-05,0.9980651,124282.41015624997,,50000.005513289674,102,-1.1762122896774585e-06,0.006782707586887038,0.006782707586887038,1.1762122897784994e-06,20261005,105,43a8df2c82698b45ac767b2310d7d19583add6c3110935d433d43347147f8437,0282f824680072f659bf335a84bec31488beea7f3fc4fe39ae3d9c2780a604ad,0.004269734,False,False
1.021575855838307,0.99721336,120550.76953124999,,50000.005513289674,102,-1.176212289455414e-06,0.015659797374693585,0.015659797374693585,1.176212289638501e-06,20261005,106,f4b396671db0c3ea61d7a9ca525e260ce25f16eb98dfe30a97e254fa5b9453ca,0a8e999bf3dcebfbd4723c01735b52eba8413d414133c932c1a281c2f685195a,0.0052234903,False,True
1.1175288039737747,0.9996067,130309.62499999997,,50000.005513289674,102,-0.00014349789931944468,0.0023098271299877293,0.0023098271299877293,0.00014349789931925866,20261005,107,cc3d5bda4256f25b235bec7c1472b0ffae9ced0dca1e6b32bf83553c4322e1f5,1133da4e3f7af4987956295b9b5a1cfd0733d1931794d10e95eb551c8bf6f1e9,0.00029118243,False,True
9.031350029586882e-05,0.98389196,119850.56640624997,,50000.005513289674,102,-2.9993413384055145e-06,0.018054645185248352,0.018054645185248352,2.9993413385065554e-06,20261005,108,7556d52526a547cb672c0ed0d9f8087042ba5e83519c978dc44d4c5fa06a43a8,e1d4a168a448e067fdcf077cf54c281798a62110cd174f7695d03303db372c14,0.0035800426,False,False
2.9209271856345254e-05,0.9999008,135354.48437499997,,50000.005513289674,102,1.352644132923686e-05,0.0011691462193076374,0.0011691462193076374,2.8705607769269337e-16,20261005,109,24cb4b465fda743b6e7458094da8f17935a76b84947432b53f575bea622a0868,fc70836a0a41b15225152feecf775022b426af58e84a2efdb2cdae762e94079f,0.0009178771,False,False
1.0594427950795229,0.99927545,130090.32031249996,,50000.005513289674,102,0.00014334107101421356,0.0031200905016934843,0.0031200905016934843,4.801389320852056e-16,20261005,110,44e68c8ee7da0119f7a3dd158e7d5b88fc88174c8026eff5ba591ec57fcc3c44,797036a41c6f241e9e61054ffe423f5eaa81fc4d27159c3e3c8a8c94745924e8,0.00066686777,False,True
0.00027435151652688283,0.9916625,124797.85156249997,,50000.005513289674,102,0.00013717575826344142,0.005172992752018324,0.005172992752018324,4.801389320852056e-16,20261005,111,36d04953018805092d36c2cda4b5ded29e9b0cbf4669491982193c12e9b2213e,e55118b11f6d2c4a57df0dad202cfd61684a5d89feba86c3b912b301c87d7302,0.0012089445,False,False
0.00018995828475487642,0.99988854,135276.31640624997,,50000.005513289674,102,-2.6464776513912547e-05,0.001242679090939669,0.001242679090939669,2.6464776513984612e-05,20261005,112,3bcd471b6d4fd123ac6bc9633a878c71ee130b332048b7e8fcd6fbbe6934dd11,17245dfcbf9d9cefcac5e641ed1d8b272a737d7788d2ae995c2925dde3fab25e,0.0014063341,False,False
0.2113037933140548,0.999681,130352.16015624997,,50000.005513289674,102,0.0001003701153708958,0.0019186385102156756,0.0019186385102156756,2.9783033678176807e-16,20261005,113,3c3e2c10117111098b133d62019076ef300ce1cae790a5236452223ea092fa36,a094d3a0ae24760926bd4dc6c81169d1a6cadb46c1a3bf50fb3d9ffa22b97984,0.00027421938,False,True
1.0799483312356675,0.99926895,129594.52343749997,,50000.005513289674,102,4.900884531533478e-08,0.003000567606513904,0.003000567606513904,2.9782356051819003e-16,20261005,114,1d9d7e33f53a0b69acc74876621a45cd7be3acd0190b95b13e9ada91cca82d60,7a8b6c7a3f4a0afc853f7427d8e7f8d2bae5e3862366556b72e1354cecc19abd,0.0038830577,False,True
0.0011013855843533538,0.99904597,125212.76171874999,,50000.005513289674,102,-0.0001919774491853099,0.004488858379896321,0.004488858379896321,0.00019197744918541095,20261005,115,446fd7c22cb6fc618647c7f35ecff98caee1bd29e20659b1c1984e1669629155,1fa6361b6967948862723503793f335cc0567b02c47516b1379afe868de2d5d0,0.0016202617,False,False
0.00022151998118991045,0.999642,130327.73437499997,,50000.005513289674,102,-6.0967003672418585e-05,0.002054589050827005,0.002054589050827005,6.096700367263065e-05,20261005,116,b0afca9987b9d46255603f85f95ec17f3ebb1f3aa790b2c7df0a9d15d564f04d,e1fab2ff5eb111926ebacabfa0fc87cf9d28b4caf9f7607cd80bc5f299d9698e,0.00031940077,False,False
0.3223329600914696,0.99933654,130081.11718749997,,50000.005513289674,102,-1.3722476709387976e-06,0.00287634008966009,0.00287634008966009,1.372247671232907e-06,20261005,117,c0a9c728ae51aa4b2f9db558831ba733d81204b1f3601478bffff279b8983d21,12836cb722fa1cda4359087f6959a19eb31840c59c117e960685e9089fb26b2a,0.0013500601,False,True
0.31978577436085776,0.99936336,130159.96093749997,,50000.005513289674,102,0.00012105184812816194,0.0030514289869270073,0.0030514289869270073,2.870425251655373e-16,20261005,118,a83370c131df85fcaa2827d89aac21498ea8f0a2c698038f2197dfd724f12ca9,65a8250f8da7017e92d19cf9ad1ed8ea2978324e50151a6b08a0450da8e3f8b5,8.701897e-05,False,True
2.8719183402303727e-05,0.99988437,133819.28515624997,,50000.005513289674,102,8.331503718039812e-07,0.0011102375871414605,0.0011102375871414605,3.9807499202342e-16,20261005,119,2305c1753d6b008e05a2fb02328c6bd1215c23bc15a6b9a05360c6dd6f049236,ee125c6865fea1be0166c7f016b13b2cc5f3a904359a541bbc2beac53ea4c667,0.0061070896,False,False
5.2733517646119665e-05,0.99830985,124970.82031249997,,50000.005513289674,102,5.881061447832181e-07,0.007378674750440628,0.007378674750440628,3.6909926544727127e-16,20261005,120,093d42717375bd066e51a6a335962763c8c4640a6c43c0ab6acfdc05de2da32b,0c2e9dbdb8a3b7a71f5ac2742bd5a009a79937b9feb6823c5ff1b55568f63b48,0.0013034004,False,False
1.0638729790644015,0.9997627,130362.22656249997,,50000.005513289674,102,6.754399072472772e-05,0.0017523122876552666,0.0017523122876552666,4.801118270308935e-16,20261005,121,aee0b343455a18e1b718717e808c749b2289c22e2ff4d7b4be188ed57d27f693,fa771104be70c6e23818684bf5503e534e269f35a1138486c2e4199d4247ad89,0.0022188975,False,True
1.1712180921227846,0.9989673,125237.87890624999,,50000.005513289674,102,0.0001713741305806593,0.004549011911241463,0.004549011911241463,3.980919326823651e-16,20261005,122,7368fd9e1a264edf91b9da089440120f1832a94b4aa1765feb57d4bd53a0c3ae,b1c046098e70319abf76ebf8b00984db53cec621045ea9d731616e728bb0c9a2,0.0014306768,False,True
6.261370087812246e-05,0.9899974,121411.40624999999,,50000.005513289674,102,-3.0385484146577824e-06,0.0177593080729902,0.0177593080729902,3.0385484147588232e-06,20261005,123,5d5ac07162276f459e23ccdd19a90202a706fdbe88cf38ec1861b422628faf5b,e3884eb1cf86ec1941dd69adfc5fa1411384d5fc22e36f73e2a192f9f6c5a4bd,0.0057327095,False,False
0.0007428956820505483,0.999246,130067.23437499997,,50000.005513289674,102,-0.0003099711453605769,0.003782689999329847,0.003782689999329847,0.000309971145360871,20261005,124,a4242350c39f8679b3c3101adb76c558216e72c9f4a2a1a7cd30fa50810becd6,b75cef6bce83c002028b2784adf0200a0e10557e4a4034f561df7cff81e73603,0.00097483984,False,False
1.676332422838748,0.99857306,124551.37890624999,,50000.005513289674,102,3.881500555413808e-06,0.006540074595100531,0.006540074595100531,3.6617403716392855e-16,20261005,125,f07e4d0587ef9e5d20ceec6249163492fdcfba88bbe863a7c2e50eaaf5d35678,73695f546c1f772ebd8c8d81631db4d6270346b7594e7f32e86e5e3eb69c33bb,0.0046327403,False,True
0.0052745279768995346,0.99656296,122350.82031249997,,50000.005513289674,102,0.0026372639884496563,0.02496509704826322,0.02496509704826322,3.690624195140657e-16,20261005,126,9ca65ad7d98e712b4b47edf7f8e68768b90789a877c4ad20c80402e44da6fd13,e0801b8df7a2b22996616298b2b94226a92a1e21a9a9adef7699a1c54387659f,0.008163006,False,False
1.1835051977697064,0.9989251,125183.84374999997,,50000.005513289674,102,-6.8612383552491e-07,0.004909648326466565,0.004909648326466565,6.86123835707997e-07,20261005,127,d745f95a61d6c7cbcc53f211d23b7e28d637ff7180d1a49bb1b19c9ffcb27867,10cce0505e08df67396abb4fc4dcea8467e50bf2d11ec73b0bde7c91147a5af2,0.0015017044,False,True
0.0003897771492036295,0.99951977,130257.03906249997,,50000.005513289674,102,-0.00017048216959447693,0.0024929830269863062,0.0024929830269863062,0.000170482169594549,20261005,128,0f1a3f06f79618557fe28eca99905ec9dc3a4db0d2c6032e152a0851e2baf815,ae4d501fbfd778b72ff6a968ccee27f28db7c5af33260c0d396c6b75e6213f05,2.9963616e-05,False,False
1.0900250595410774,0.9993272,129525.63281249997,,50000.005513289674,102,-3.9207076252267825e-08,0.0030099772629959,0.0030099772629959,3.920707643242951e-08,20261006,1,31ea0cd77091119cc0100c057ff788afd9fc73e1a7790fd1a166e1ad6927ca08,ea8128c34b911fde1308a0bf0ded2facac46580f49a6181a91bd8f5c388e466d,0.004331854,False,True
9.978200922655667e-05,0.9998406,135249.93749999997,,50000.005513289674,102,-3.93639046220029e-05,0.0013774828309766063,0.0013774828309766063,3.9363904622074964e-05,20261006,2,1579ebe89f1843039871a7590e5439e70ef251fd4ff33d7a894ccc2183431333,71793e1e91cd323dbaf3e0c6cbfbbacc45bdb69a854fed8ca207136002dedcd9,0.0011977113,False,False
1.3784701281525704,0.9994875,130237.08593749997,,50000.005513289674,102,1.3722476709387976e-06,0.0026066639500532673,0.0026066639500532673,2.9782356051819003e-16,20261006,3,3e6a6062808640641dbd6927120a5aca6104a5033c98dfdc4e6f3d6f757418d7,c9ba581c03c5eb03483d0a47354a26b1c756b391b9b87b26abf3fbfd8ae7562b,7.53176e-05,False,True
0.22528613452676283,0.9996296,130274.48437499997,,50000.005513289674,102,-2.685684727721238e-06,0.0021929312291428804,0.0021929312291428804,2.685684727822279e-06,20261006,4,11c6de49c35beee764e75a014b32d9f37fd935e99e555a22bb927f035781250c,fd5142cf1cfe069c752a0412863e690e72eb456e874198447d0f5631d84695ac,0.0011948287,False,True
0.00021354134115947332,0.9998921,117409.42578124999,,50000.005513289674,102,-7.939432954073844e-06,0.06758177365913909,0.06758177365913909,7.939432954285907e-06,20261006,5,47cb1d952609b2288020f84dc865a9fcbee79e99ab0003078546a96fc08655b8,5613fcf621d8a9fcb5621118f4debe23f2438f87c47bce822fce74169922c209,0.0070804693,False,False
0.17043074951393888,0.99976766,130400.31249999997,,50000.005513289674,102,1.0331064609347962e-05,0.001668546353892797,0.001668546353892797,2.8705607769269337e-16,20261006,6,7446b0bbd239269e78bb6147df1fffa37e9c4deda2f772c842c7c02d9a6643aa,47b8cff30c04fc6868117d642e1ea42eb9cca36eb44605aa96cb483cec85dc8e,0.00040942308,False,True
5.9908412612275086e-05,0.9868661,124672.25781249997,,50000.005513289674,102,-4.6656420814583655e-06,0.012190657244492309,0.012190657244492309,4.665642081670429e-06,20261006,7,200f1247eec3c7a5a79f1bf066c3392aa7269ffb1e712c594ada6daed37a7c20,b771f6294eab084fdcd44a0b904308b4dfc431f613dd8cb57b29dd9ffaa7d02b,0.006003161,False,False
7.959036492311e-06,0.9999218,135243.49999999997,,50000.005513289674,102,-2.195596273790734e-06,0.0010504565985893777,0.0010504565985893777,2.1955962740848435e-06,20261006,8,6951665480eed2c1c9b2cc64dc8e5ceca343486a8ddce8cc334bba5f76333978,942655ed73196026463bad254c33a06e4033fbe41e0b9d64ad26fcf45ae597ae,0.0019935267,False,False
1.2221841939755964,0.9990723,124886.37499999999,,50000.005513289674,102,7.057273738730885e-07,0.004489975781571398,0.004489975781571398,3.6617403716392855e-16,20261006,9,a1efb55f6ad7d04a3e29eb702f2a8887797a39d0fba15726ca115f33b4be3b74,689b13c2d55dc92c39a044f83bfa3e7f373bc8bc689572a7a7e7f636d5b9bf77,0.0038703037,False,True
4.7440562343181725e-05,0.98922575,121837.09374999997,,50000.005513289674,102,6.959256045879769e-07,0.016475294760314063,0.016475294760314063,2.8705268956090435e-16,20261006,10,d5f706a12c6391d97aa11c3bc26acde8cb545b64431a9fa81d77ab04bcd260b7,820a7bc327a9e71c748b9a19bae12dcc5d4c6bc84436a7615f1c78b943758eb9,0.007319091,False,False
2.5406185453213936e-05,0.99990296,135282.65624999997,,50000.005513289674,102,6.655401204702649e-06,0.0011182652384823522,0.0011182652384823522,2.8705607769269337e-16,20261006,11,5da0139f2775a0789b4cbea5f26ebd537021239624be6c718b109f6b2866393f,e8bdae133db55793ec9e0404f098f0ccc8460b55c459c9d985dcc2a33e9a04d2,0.001723707,False,False
0.3006633854430174,0.9869802,120357.99609374996,,50000.005513289674,102,0.0012258484481210141,0.018941430943152815,0.018941430943152815,4.800847219765814e-16,20261006,12,f131be321f99f6da8a6488a361844ff76f9db7b91781475a319ab3f10a063307,0212cc5b3708b4dcc49afbee2a97626586018afc3f0a58c93347fb06e445b2c4,0.007505589,False,True
1.9704634083009511,-0.0062262244,8670708.984374998,,50000.005513289674,102,1.8623361250913462e-06,0.005059419463995574,0.005059419463995574,0.0013108820970408885,20261006,13,ed47e0510c2a882fcc277c93986ecafcad26c20d97d670ef27dc5e103a6904a4,d2a499de2641bb51cc731d1f484c58d494e061c27c248ee2640f236a4c454130,0.0014698843,True,True
2.0370649424617824,0.9992237,130037.61718749997,,50000.005513289674,102,3.33260148699388e-07,0.0038689945789168734,0.0038689945789168734,3.6909926544727127e-16,20261006,14,8f2f6bc8911db1f8653a8d0ae451ac5364d390e528710a67dc8c7d7c100638f2,29f65fbfe2790362be0dd307f73719a67f499026966b9bce4edce469a7d721fe,0.0013439475,False,True
0.29927480802464324,0.99943113,130202.21093749997,,50000.005513289674,102,-1.3849899708984204e-05,0.0028091685097413333,0.0028091685097413333,1.3849899709164366e-05,20261006,15,1e2957ebc68ac87a9fe7bea734fbaba1d5181237105f8fc473c4ad27f4b2aaa6,3ecc27b758a8dc650744243191bda4ab939ffd829e15b1930e52c49b1a6b8854,0.00015800368,False,True
3.770196841033938,0.9989207,129530.44140624996,,50000.005513289674,102,4.204958934939107e-06,0.004615634556021542,0.004615634556021542,2.9782356051819003e-16,20261006,16,bd1281d29bb72eb34eca7ba6205361af967fa1a941b69dbda8e096a082c024b8,6be9a28112c9fa7bf78b8c84a2840559bc6cb6341cce723b03018ed5ad6b5b2d,0.0033002305,False,True
7.900225877932598e-06,0.9982313,137375.96093749997,,50000.005513289674,102,1.9603538148338373e-07,0.0023962786991780227,0.0023962786991780227,2.9782356051819003e-16,20261006,17,016cecfc726daed190cd7eca06258879155118ccf74a2c0307ba473eabeccab0,84a3f1b4681cbf026d0f04425c4be424a91976ac595c417b51bc5ce2f8a5a968,0.006113446,False,False
0.00012558026544273737,0.9998523,130289.23828124997,,50000.005513289674,102,3.430619176514327e-07,0.0015597369153445007,0.0015597369153445007,2.8705268956090435e-16,20261006,18,df1964e43abfecd61ecbc874e2f4f7eb899ed83fd57a0d11db03b59ab385bd1d,cdd94536824de88df922bbda6abd7fc9c8426f7ecd99c19d3eb1f06c57f98de8,0.0031751182,False,False
0.00019976005383415263,0.9990139,125222.26562499999,,50000.005513289674,102,9.988002691696529e-05,0.004585601840708109,0.004585601840708109,2.870425251655373e-16,20261006,19,8a61612b88ee4ff75cb370c147003d3b2dcc2f6ad432791ce84636c981a9c722,61a42e4d959a80292e4705859e32280035d6068564435e54f7c811a0633da7f6,0.0014492942,False,False
0.00023798695324295238,0.99947655,133006.46874999997,,50000.005513289674,102,-1.1762122886782578e-07,0.0019385361066026618,0.0019385361066026618,1.1762122896886664e-07,20261006,20,55c8b87f4116cf1022a66827080875058ab562b51e36ead48e540e0a2249e5e0,ac07ab9988f76e300e7eada6129762e080a0d82d07da9fde6904fdb8a3fa24b1,0.0064626047,False,False
2.3916316552963224e-05,0.99969375,129996.18749999997,,50000.005513289674,102,-9.801769074169187e-08,0.001931204359908012,0.001931204359908012,9.801769095375503e-08,20261006,21,87bbee1d83ada37a0998d53a1dd1063ef6ae340998331621187e5e18413245d7,a7a59a38fff99671282c16948c0fefe49bafffcd70bb72ff8aea18f0b6fd87c6,0.0031931459,False,False
2.6596233331916874,0.9877117,121580.59374999997,,50000.005513289674,102,1.3051144431000554,1.3313281687143008,1.3313281687143008,0.0,20261006,22,9800c0a3c0dc112ab3aeb7e7792acf92f0e76aad85f380cbeb4318548dccc6c6,499bd4c0fb77ce018c71695367bbf2742789513bfd196e7d6c95e16f6b014ee7,0.007604435,False,True
3.265667695535541,0.9957633,117726.42187499997,,50000.005513289674,102,1.632697044476732,1.6678621368783453,1.6678621368783453,4.440892098500626e-16,20261006,23,5b162ebed0def8270b715cf6d4a36fd580fe7efbc046147b0dbcc93ab3864410,c843806741b15f892480d9c9580e8ddf3a2e0e8483837f9bc328ee31cb64eb3d,0.0081017,False,True
1.1032422354523868,0.9998399,130301.42968749996,,50000.005513289674,102,-9.4096983160874e-07,0.0014338037862149378,0.0014338037862149378,9.409698318208032e-07,20261006,24,13ce558fa8207c497746bcab61409a91c0e65c022fcd6d4e944f04dbe7fe393f,e3e12ad29a67dbc26ce7441a89742445a2dc097920763dc8ab26ac0c852c0e67,0.0023942937,False,True
1.1015783459441162,0.9995159,130251.66406249997,,50000.005513289674,102,2.0191644302114398e-06,0.0025059703280414514,0.0025059703280414514,2.8705268956090435e-16,20261006,25,79ddc471a5a3593d06c0657b34d1f94ba1209f493c1e04437d4009ab9364791b,4198faea9a516f4ea1ec45c3c2547b6158d0bd85a7b3127fb50146af5a970829,0.00032801044,False,True
0.00023092967950599785,0.9997347,130241.56249999996,,50000.005513289674,102,-8.594191128641349e-05,0.0017892551792251243,0.0017892551792251243,8.594191128662556e-05,20261006,26,142be66c418acb2a424044ba5ab59bf28658a6f25db33d0d2c83605985ae381d,cac5d6581c10288d526afca0aa9ab641dee41caf4d10e9893a6a100359eeec4c,0.0024322197,False,False
2.271680526260772,0.99969465,130162.57812499997,,50000.005513289674,102,-1.5388777453440028e-06,0.0018964864938296744,0.0018964864938296744,1.538877745556066e-06,20261006,27,85fd969844e73ff5f80b1e9c67e313e0e6030757893bc9745fa9503d120528cd,3b16cd28783ce1275c5d6a845c33b0777fe0db5d834ec7a1fbcfc366394aa22e,0.0024528075,False,True
2.4971497382303953,0.98461914,122023.67187499999,,50000.005513289674,102,-2.058371506685752e-06,0.01571527641736825,0.01571527641736825,2.058371506786793e-06,20261006,28,fa680df64168c74108214104b64ebc88e1980b6415644debd6921608ca9c69bf,72e29904aa1dd7002cbaad768bc30b3ae66a05b8352bc0ac3256b7f2e3e0cd32,0.0057163183,False,True
5.155730535610914e-06,0.9998083,135191.25781249997,,50000.005513289674,102,1.1762122897884808e-07,0.001494849204040305,0.001494849204040305,3.6617393128481014e-16,20261006,29,b9ffd99636c80c5e1815d7dfde6317bf72c7044b1873a28a4b2a25aa28f9f970,2397e9512c218ada00e001e1306668776748f79ed6ce855c9212ea921627f449,0.0014930258,False,False
6.261370087812246e-05,0.9995862,129483.20312499997,,50000.005513289674,102,-8.135468334558027e-07,0.0024089229812900292,0.0024089229812900292,8.135468335568436e-07,20261006,30,5e518cee23fe120a8478bd32d2cdba3780a9161c0156a88f6cc8a728354fde63,b9ae2954b3bdcd7fb2dcf2515c07dfa93b45820df69a87e77a7f23cc791c3f55,0.005361787,False,False
5.1949376119964086e-05,0.9995707,146520.91796874997,,50000.005513289674,102,0.0,0.0012710650141928292,0.0012710650141928292,2.8705268956090435e-16,20261006,31,340f95187b5688f61a649817c6969fc17cb5ccdda70ba8d6a4987c453a1c8a9b,e6cd71efbcc1235a5dc18ceef22d58d94830c1de350d6e79fb84c97e0958a7c2,0.004194821,False,False
1.9715474680822447,-0.0062317457,8670713.281249998,,50000.005513289674,102,0.9720304717394103,0.9738700507436066,0.9738700507436066,0.002614992904352409,20261006,32,df8e3120d54944ad8b195c0e6fbe3c21a8d5c9716f6df1348e07ef0cd1fba97b,46f415bc4ece70f13f6f1cae4e64c1a3766c2c0e631f23797a65448e8458acc1,0.00066668773,True,True
1.1533983975226458,0.99974316,130164.99999999996,,50000.005513289674,102,-2.450442269097408e-07,0.0017030975898969514,0.0017030975898969514,2.450442270107817e-07,20261006,33,feac1e4272f5405372023d704018a1e0ebe869726a9e8637b3276869bd654bb7,06b5c82729c4f13aa9ca2253d4c27e70b1be235554cdf2634892a0b1cbcf4508,0.0025032947,False,True
0.0004277688061543605,0.9993768,130000.66406249996,,50000.005513289674,102,7.057273735400216e-07,0.0030756883229028364,0.0030756883229028364,2.8705268956090435e-16,20261006,34,23cb56e512c5355cfbfedfa4d8703af21e801cc5b193cb33e7978be038aed35a,d63890e72faf1355ffb8c66ce4d45758cf0ca71b7c8bd98b2bd20cc114ffe9bc,0.0021894365,False,False
0.1847993196354435,0.99972844,130366.85156249997,,50000.005513289674,102,5.194937612307271e-07,0.0018230222345808622,0.0018230222345808622,2.9782356051819003e-16,20261006,35,23c0e28f241727f16cb8b70e139bf6054c66d986af26191df34c678347210b8f,ae3d219572970309602cb15b55445aa277eca1eeb7a262829cc20a9dc05a73a4,0.0007253941,False,True
3.430619177735572e-05,0.9882789,125555.48046874997,,50000.005513289674,102,1.7349131268273865e-06,0.011476637574148962,0.011476637574148962,2.9782356051819003e-16,20261006,36,08aafa88cc7ce58cd5a5dfcbc6af7ce9ed98c9323a2427fdc6d800579a124318,1ce34a92d836e223960645977299051602e5d93ab668fc8fe947608ec09a95dd,0.0066273953,False,False
1.1441299819061213,0.9986783,125046.10156249997,,50000.005513289674,102,-8.13546833566825e-07,0.005755109720161911,0.005755109720161911,8.135468337788882e-07,20261006,37,2ab8aee3dc24495d6baf92efa4bcd944791706a834ce89c0cd5788aba78a61c5,c8bbfa4de7a15081816ac36800714f06ddbdf47da436322f7604faec3178c570,0.0018389579,False,True
1.070772463922789,0.9993403,130142.18749999996,,50000.005513289674,102,2.3916316553851402e-06,0.0031385667771097747,0.0031385667771097747,2.8705268956090435e-16,20261006,38,cf94ffa0eacf99dd494ba0f705b28d0e6bf6c366899353a4ab2d80606dc97314,2e567ebb105c447376e58523f32e668b0d5eb521f2f3ec11423b0a38a6b812a3,0.00040238607,False,True
0.9196079344861587,0.99903286,125113.28906249999,,50000.005513289674,102,-0.0002610211105789073,0.005799698096004335,0.005799698096004335,0.0002610211105792304,20261006,39,e63f90ddce6fc2ae5f5d463862cfb6d1d2fe9620ea4ae7148eca82d9c7aa0b48,5d27b40755de1668bc0a637ebb32e33622639f2d26dcf3067e062aac9f086541,0.004019428,False,True
0.00016251333133321388,0.9997263,130288.02734374997,,50000.005513289674,102,-9.801769074169187e-08,0.00179788071307041,0.00179788071307041,9.801769092477883e-08,20261006,40,1bd902fe92118d5e081570520ca6bd97ec036f3f76ff2de208054afa01a33a01,edb2ef94c2bcbeb08c23650f3fe77765c18f7f54598b4912bdb410d7286bde85,0.0019463904,False,False
1.7527404866019858,0.99905634,125264.72656249996,,50000.005513289674,102,-3.9207076318881207e-07,0.004555020499378393,0.004555020499378393,3.9207076337189903e-07,20261006,41,bc4aed94aef36f54fb7348ebf3c7ed75a26b86939cea04f98971930f4d4594a8,4913b71c51a69908b32e841c79bc21bed40b5147ab7596272003666ce0e59292,0.0026807792,False,True
8.735336603371557e-05,0.9982065,118416.32812499997,,50000.005513289674,102,0.0,0.028296632103371633,0.028296632103371633,3.6909926544727127e-16,20261006,42,208952cb4c200d9c3e13bd2807ded598b3a6f45bb7a3227a55da4fae3ec0220f,581cc59500d1261cd31027eef2814ded340c387c7adb4096bafd77cf7de4fd8b,0.008282768,False,False
0.00043172872086216785,0.99952817,130259.62890624999,,50000.005513289674,102,-4.900884540415262e-07,0.0026167891404238475,0.0026167891404238475,4.900884541425671e-07,20261006,43,98446b9b3fdbed0e86f18d3738193c02f14c96aca863492be69bf21749cc747f,bb0d15b8ef78d2c3251474041d6de4d7827bc8d04a08409aebaaf08083ef5d90,0.00032321957,False,False
0.00013869503247088133,0.99982,130409.08203124997,,50000.005513289674,102,-6.934751623544066e-05,0.0015925042584983284,0.0015925042584983284,6.934751623551272e-05,20261006,44,a157f9a22df862884b7eb81fd77d8acde56dc7e814a6dc65e0f3c28515e205a8,c33d590ece25a4d01e38a90a4d36a8e9844e437c3206bd93f2992bb197404143,0.0009751259,False,False
0.0008169578492134288,0.9993897,130131.02343749997,,50000.005513289674,102,-0.0002130218473982426,0.002537777215559034,0.002537777215559034,0.00021302184739845466,20261006,45,75c24d4b8e507cef9e585e828f138e731a2b99de48c47b2c95a70bf747df8aca,882d0fc56775882284c7f1fe89977a16cafa59d6069d28668f64ef96a55c3842,0.0011873437,False,False
0.9970332454479734,0.9984087,123788.19140624996,,50000.005513289674,102,-7.155291427141108e-07,0.005399785789271694,0.005399785789271694,7.155291428151517e-07,20261006,46,29b6a3c084651f25a75eda559d8673c6d8f34da4e35f606cbe25f2efe43b635e,06e71dbc6987e64857f1a5da0847ed26ced48a43c00aa2707dac8b9404da3a06,0.006007303,False,True
1.3840097939921137e-05,0.99918425,131592.86718749997,,50000.005513289674,102,-3.9207076296676746e-07,0.0021371199247238737,0.0021371199247238737,3.9207076328985293e-07,20261006,47,c85f12fc124e7b7b4a96c685ecc5cbdabf23ae49feff9221d0d7e070ee77e380,a7ce765f830a1b4f7b83b9f1e595f6a96b2f41677c0bfcf0685b298a0f1ae361,0.00732827,False,False
0.00016519901606071308,0.99971396,130340.62499999999,,50000.005513289674,102,-7.312119733093869e-05,0.0018208462577031792,0.0018208462577031792,7.312119733112177e-05,20261006,48,0e0efb24b1fdd79ba167d319321969c4498834843f99906f1c315d10f60c44ed,e1d6d76b321acb6a1e65363bb18fc393069c114dd0c309f7a802f01b6cbbaad7,0.0010055164,False,False
1.1042022403195417,0.99953115,130263.96874999997,,50000.005513289674,102,1.0487892916355435e-06,0.002451031453337582,0.002451031453337582,0.0,20261006,49,a8ec9e437958e84b62e66c1646545cb939fc04b0bdbbe26032443cd2e414925f,1d13e2c49349e9f118a9ec735c65b382dd226d1478bb8a162e2f4342c92030cd,4.8502974e-05,False,True
0.0002413195547301683,0.9996085,130256.00390624999,,50000.005513289674,102,-9.115645244195392e-07,0.0022741094493747838,0.0022741094493747838,9.1156452452058e-07,20261006,50,0595441c37329fbfc09b9726cfbc0a85d5722ff28c27857a0a5893a11753fba7,c244f248f87aebfff17c5df87195c55769b544e56c57ac9b054fa707a170e868,0.0012302812,False,False
0.2557091398443183,0.9995631,130283.24218749999,,50000.005513289674,102,8.052153298554465e-05,0.0023392324692282918,0.0023392324692282918,3.9806482762805295e-16,20261006,51,67123b4eaae782f195d3e66e742b2592a439e580a0dee59459ce275314060665,1342acaccc0998a3d7d072d2959a95e66b7298660ff47e54433101b678588054,0.00022196176,False,True
3.901104093517738e-05,0.9994285,130040.30078124997,,50000.005513289674,102,1.372247672160043e-07,0.0031456729541281536,0.0031456729541281536,3.6909926544727127e-16,20261006,52,d354976142aed6ec3f6bc02dbbc0cd7744142e9085ad5508d1ba209b85a80b14,0e1a6db4327c17adb60a4e37c757ac2bed8e386f5ed895b6140defbd505a4c51,0.0026803063,False,False
0.0003538438637591401,0.99960726,130303.21093749997,,50000.005513289674,102,-7.155291428251331e-07,0.0022999273091293126,0.0022999273091293126,7.15529142926174e-07,20261006,53,0e373a891aa0be32e254a0381c1072c5b8eacfea4b5989d1ef0c5f3ec0d44add,24904c65878d8c11533c1e65c1c6041354a2637b5eca721899624906407b4e5d,0.00047185645,False,False
0.28178598194154214,0.99948746,130237.03124999999,,50000.005513289674,102,-0.0001421942640321694,0.0026065953390823626,0.0026065953390823626,0.00014219426403227044,20261006,54,e00414df7763c39517bf7801d1beef110f41140fffeed55dcd4a43f607ed1781,b4df03e3d535273cdfb4043510190fc4de0adab507d9f819c65418ce2dd60b90,9.711979e-05,False,True
7.253309118770979e-06,0.99951184,130154.21093749999,,50000.005513289674,102,-2.940530724471202e-07,0.0026230426268252227,0.0026230426268252227,2.9405307254816107e-07,20261006,55,2b503676fa1a76b4ee4fc854f8a1f1e3f28f1d633b27650d94259792ab99e6ad,061a5dcbb7654d7b966088e3b2d21b66b416f1b0a5902436a4af3ae059d77917,0.0017283396,False,False
2.2269619347925484e-05,0.99957716,130132.18749999997,,50000.005513289674,102,-1.8623361252023685e-06,0.00269640886838296,0.00269640886838296,1.8623361253034093e-06,20261006,56,d16614c7d474eb54025a5ca8757ea3975c628d926b63cc5c7d4277c37a3b7a7b,9c34d1f85851ad6c5ab3b530b92f780f9d354571ee4ec3d2d127fff55a4a7990,0.002332965,False,False
0.0006393693970361269,0.9994682,125348.14062499997,,50000.005513289674,102,-0.00031968469851795245,0.0034601629163444336,0.0034601629163444336,0.0003196846985181355,20261006,57,b83541c74a761e98fdb17a675f5ba2ab12443ad2b8a34a5fdee44db32b254e36,fca2389c447b0283936104dd29e8fccccca70caa4b686941b38d547993017540,0.0043646656,False,False
0.0005126325228423934,0.99949896,130212.82812499997,,50000.005513289674,102,-2.5484599607272784e-06,0.0027341457146722314,0.0027341457146722314,2.5484599608283193e-06,20261006,58,fc2f71a1d85c141f8d2658f2d9226273c703956e679f680b25dcb0c4a1dcbc2b,97cd03af5999fb3977b0dc6f03760346222739c582ae888918c13d3318c09129,0.001872031,False,False
6.580907759767829e-05,0.9977026,123948.63281249999,,50000.005513289674,102,8.527539098857062e-06,0.00798048431833387,0.00798048431833387,3.690979948978504e-16,20261006,59,7dab7ade4913a8bcf8ff340239043ac9edec3ba1552ff2c019551de2471115ce,7910ab81a648077c9f3f33f7b0e007afeb181ec8fff674474919944c45f6856d,0.005620043,False,False
2.668022135855505,0.99026954,118319.87109374997,,50000.005513289674,102,-4.204958935050129e-06,0.02355649461566045,0.02355649461566045,4.20495893515117e-06,20261006,60,3a07ca131842f9ace1b7c41a2ee89bc7cdf94505b5270dc15d6a145ec4ff3bbf,eadfefe60967a79c8ca92d2577349a5f5309fc8eb72fc29324ad669e0c31258c,0.006258216,False,True
0.28722996290228264,0.9994736,130204.88281249997,,50000.005513289674,102,5.587008373719726e-07,0.0028327515242619894,0.0028327515242619894,2.9782356051819003e-16,20261006,61,225403c736a38ab8b940f955b0bca0114d7f11c8cb8a1e4409b20b98c6e2c560,67164688fc7edf8583aca1bda855311b84f7c6ceb565e5cfe349dc37b25a4f5a,0.00085229054,False,True
1.9719041895493703,-0.006231811,8670720.312499998,,50000.005513289674,102,0.9754335537428818,0.9766759582767557,0.9766759582767557,0.003368703813508178,20261006,62,df9ebb79e370faa1df40931b30ec7d463c4c8acfb093f9982c24cc8ca2270a9a,d361a63daaf9bb9d81d3d7e21a6d2d20fb0e3cf43c46e0eb227b3c990ab0f78a,0.0002696365,True,True
1.6559893608068603,0.99711215,123567.42187499996,,50000.005513289674,102,-4.802866848896414e-06,0.020185863217709765,0.020185863217709765,4.802866848997455e-06,20261006,63,361fe8136ece15e7dea66740c93a79a33023fd0233ad867fc97caec1ab4ea004,c7ce98ce85cfd022d4954255b91a00ca93199464821099b62d767711b53a3a66,0.0031190682,False,True
7.155291427807242e-05,0.99910986,129721.90234374999,,50000.005513289674,102,2.450442269763542e-06,0.0034985270340456287,0.0034985270340456287,3.6617403716392855e-16,20261006,64,391db76bfd7debbc1a6f6ef951439c8d2dcc1abaf9a38c2d6eeaad7e4a58a22a,77a483db4b178ef09eac83befef66b3299a6bb506159ca401df8b052bf50b47c,0.0029432946,False,False
0.2599217833662534,0.99955225,130276.76953124999,,50000.005513289674,102,6.917108439175035e-05,0.002377429964811495,0.002377429964811495,2.9783033678176807e-16,20261006,65,598fa476b99989a1400cfb656525473e57ec6c146191b460794f3c3f418a4d9c,22bc75eea415f6d966a206b8612340b20f81e6538ab17ed1f8cd3a11f207e6b8,9.6870164e-05,False,True
1.0792741655584,0.99975604,129666.42968749997,,50000.005513289674,102,-3.1659714126996974e-06,0.0016793773087253605,0.0016793773087253605,3.165971412879859e-06,20261006,66,438ec910ebced050ab7658d0989c166c8de888257272220b1162923c03e0eca5,cc4ef0848c5ac235843e1402ce3a03b38b4d6ff89f5f583c12771630ccc91883,0.0048095556,False,True
0.0021220241950321572,0.9817432,122628.07421874997,,50000.005513289674,102,0.0010538862113956826,0.01366156952313169,0.01366156952313169,3.690624195140657e-16,20261006,67,3030abb3bc51bec6af728065fa09e8839d55642d0046d5a3718adc010966c95b,849834e52bc95da459f46f2c02bfac1c6c2a0229a87883410e71361cba95df27,0.003293741,False,False
1.0722699193920944,0.999823,130416.24999999997,,50000.005513289674,102,-2.909165062714436e-05,0.0015443285343519353,0.0015443285343519353,2.9091650627245402e-05,20261006,68,359a1b4ad9a141110c5b0c81b101299d105be80521094732cc7e34ba58b8df2b,793f4ac98758c57e43bf44f511a43f22ee0a46adca92d24760608c0abe7bb6f1,0.0021412647,False,True
1.9709830432076232,-0.006231036,8670685.546874998,,50000.005513289674,102,0.9668733394536371,0.9689294227120689,0.9689294227120689,0.0018218062410884084,20261006,69,df2d9d920c7582d50c6e70cd343a541de361b4241faa458bdadf105bb13fd52a,2ddce63b5afe31b71c3332a7dece6f77d046d1d277ec8aca945b699b70acd082,0.0007054451,True,True
0.0005349021421900968,0.99944365,130144.87109374996,,50000.005513289674,102,6.8612383552491e-07,0.0029074409566581805,0.0029074409566581805,3.9807499202342e-16,20261006,70,1811deffbfdb99792097d732683b52529cd4cb42830efc6b13ff76b8d63cfc8a,d883a28872d8eb747023fd6c6ed642ee255b82ea70658362b31454cbbc1580e9,0.0014802869,False,False
1.0688198535045212,0.98286223,123310.55859374997,,50000.005513289674,102,2.901323647441778e-06,0.013970501680969805,0.013970501680969805,0.4872239383608339,20261006,71,86fa4b9dab14e96b1bd65de8a0e46aac2ff5805168be5d6e5ef20ff6126f856a,cbf49f09701057b51399a6966162fe44dddc046a54ce2edbe55c1a2ce8a7fa7d,0.0075111734,False,True
0.002128434552009839,0.9893589,124329.42578124997,,50000.005513289674,102,-0.0003603718419659119,0.007527367587371936,0.007527367587371936,0.0003603718419660129,20261006,72,a4497d2eecd4deda4ae2027097df7deefb9d0efe4d4609667855c95446945289,42e1ebf3798f4c19690fe78a15e56fddaea1029f554ff1e58f54cb297eb93c45,0.0015134257,False,False
0.6186674922383487,0.99894917,125210.87890624999,,50000.005513289674,102,-9.801769078610079e-07,0.0048225498064286,0.0048225498064286,9.801769079620487e-07,20261006,73,4b0295345fe2b95cc19f7641bc62ebae8dd94351d6f4ca9d6251bfc688b586d0,f819bbec499aed96ec9c55f38f56d04e11b542329f2c709e3c3116fbda67f867,0.0012036704,False,True
8.311900178803455e-06,0.9998069,133642.05078124997,,50000.005513289674,102,1.9603538159440603e-07,0.0012758384757345365,0.0012758384757345365,3.9807499202342e-16,20261006,74,a040aec0b6c17c94db2d53d7e5f35136cc7a5be681494dbe3d20058026f7dbae,b8a09368ad1f9b4f43b6b7e7b274572082587af756b0ac30f4d418338feb453d,0.005918169,False,False
2.4623504390543594,0.9996181,117566.24999999999,,50000.005513289674,102,0.0740917685050555,0.124483882655821,0.124483882655821,0.06797320292720488,20261006,75,eda1a05ae7e0905c761cb7096db70b07c44f948ba812ffa4d7f9fd119ecb3c46,36988f32ae48684071586d30557eff87c63604120965ad7faa0dec7a364e71e9,0.008280094,False,True
1.0973270050378565,0.9984708,125071.04296874997,,50000.005513289674,102,1.5624019912396925e-05,0.007033985896198303,0.007033985896198303,0.0,20261006,76,6b109a85c2a4ff10dc4c91c7ff6da8f37991109a5298f5120839b37a5fcebb11,7deaa86b5a9eb20eec6158956529d27d30f3ac85ab8c56b3e853ea5f75f17ee6,0.0015229962,False,True
3.697227296628469e-05,0.9998786,135298.20312499997,,50000.005513289674,102,1.9603538137236143e-07,0.0012249770959825712,0.0012249770959825712,3.6909926544727127e-16,20261006,77,aac8ad0d1d004d9196928a0db7deb64a3c489a2623743ea8e9fd451228664501,d1a46bcf1990abcef61b822ac958cd2ecd2ceded6f5e8ad4ca44fffdb41e451e,0.0011521233,False,False
3.5286368682552194e-06,0.99992716,134928.94531249997,,50000.005513289674,102,1.37224767104982e-07,0.0010155917049126106,0.0010155917049126106,2.580769629847556e-16,20261006,78,685f17f85ee3f507e5cb9f1f88d31d443efcf9774a66627597b41aa59d2b17ba,127853354790ec418168f4ff826d0370b172f05f57640ff60850a2e23ac7100e,0.0035076535,False,False
0.31842779806554944,0.9880468,125022.09765624997,,50000.005513289674,102,1.764318434238632e-06,0.012854805513760836,0.012854805513760836,3.9807499202342e-16,20261006,79,e14ecb00d0281f0ec4d5034ea4cfe02d7c7aef12f2bd707ed4b51d12d267941e,f358f1cd28f9b7d5175f99f4b0504d71222f7bce17a133ea5efa94beb883743c,0.0065193637,False,True
9.213662934826061e-07,0.99993235,135319.39453124997,,50000.005513289674,102,-3.626654561106335e-07,0.0010128570116558766,0.0010128570116558766,3.6266545621167437e-07,20261006,80,dd111eaeefa1ef34c1bc9f44d9f794dfedb1cd96cb6b9af6a9ab680d3ee54a10,930ee43408f3737e92cabf06e8b8ae8077258eae3ed50ba8b1428ed534a620df,0.0015832433,False,False
0.0006713231642345718,0.9976207,128822.47656249999,,50000.005513289674,102,-3.430619179844996e-07,0.0035868702411702147,0.0035868702411702147,3.4306191808554045e-07,20261006,81,0a179e27d53e503d869f188cd14756847d7a98369239f5017e6eacc6f0f101c7,510bdcb10a213ae159c53bc3345edb8d8b06566f158d7c4e0cbe27b95d5c3913,0.0072985324,False,False
6.822031279130059e-05,0.98491967,122426.62890624999,,50000.005513289674,102,3.33260148699388e-07,0.014433734225570372,0.014433734225570372,2.8705268956090435e-16,20261006,82,84154764ac381534956410f97dc15605dad84c1a05a5efe0ad1806a4df5d9d80,3cb51cfcdffbaa8d6d86bdd9cb45c061dab5e564ba770bb8f338757047dfbbaf,0.005484904,False,False
7.743397572479438e-06,0.9991448,137308.53515624997,,50000.005513289674,102,-2.450442270207631e-07,0.0016335932453561686,0.0016335932453561686,2.450442272328263e-07,20261006,83,a1d25503d550d6f5a851bfb6fc3d38b2a190a99e2b58f8aada737b8cb825d273,17fef2a162098d969c5a3932cfafe9330f3d5e207e545e26fc730e36c9acdf98,0.005457854,False,False
1.1008379399114112,0.99960387,130237.80468749997,,50000.005513289674,102,-2.3524245806871846e-07,0.0023144633326738218,0.0023144633326738218,2.3524245825180543e-07,20261006,84,b698952629d942b9358214f6020295e7e0aa728208e6c627aa6373bcd53089fd,c4cea27e9674824f115d2acdaef998343fdeedbea6f6f9f885faed46a4e3d778,0.0014364884,False,True
0.00041510492050411685,0.99952984,130025.88671874996,,50000.005513289674,102,1.6663007434969401e-06,0.0025166052163941854,0.0025166052163941854,3.6909926544727127e-16,20261006,85,1b939d21a997e315e596e544e4ba9c034f0402ea2fca12b56c2c05251e6deb2f,eeddc883772f68ffb71dc16535dce09a631e575d5d711ef2ec8cdaf78f8ae595,0.0025814255,False,False
1.972401333708784,-0.0062341364,8670783.593749998,,50000.005513289674,102,0.9798719981515971,0.9808072719718505,0.980877307800746,0.005882295935824233,20261006,86,4cda904d62fa1a30db139e38b7f65fde86b4a5a61066f234a978860bd3d27860,916ae82d238779b6dcda98ff9ccf93ad63a1533fea77ba6273239ab3e71a58ec,0.0010527731,True,True
0.2782370750145743,0.99915385,129780.54687499996,,50000.005513289674,102,-9.997804459871418e-07,0.0032872890920795372,0.0032872890920795372,9.997804461702288e-07,20261006,87,c18041fadb88bc73b137504820ba07256bf33a41c8986b265319f28423abfe6c,038d05e33a646257f0d45a7acea275342ba009aa1924888fd38b363fc3807b2b,0.002805152,False,True
1.2017688929055947,0.9991952,125314.69531249999,,50000.005513289674,102,-0.0001684532033950914,0.0034996150312086582,0.0034996150312086582,0.00016845320339519245,20261006,88,880d60af6be0098554e40a184d91b50bb57ed505dc2954107b640fd6eec487c8,35ffc584b0e8948c1ce8152a2c540e251d52ab2c475ea015198ccf827f5bf430,0.0019124085,False,True
2.2406844115030466e-05,0.99985397,135028.82812499997,,50000.005513289674,102,-1.2742299804191504e-06,0.0013248767264377737,0.0013248767264377737,1.2742299805201912e-06,20261006,89,e3a23a531b04397926e09e80137df9af36dd2800ab0024e6604c3864590cc12d,b6ef36fce6a9eac7a9c9a23d61698ffaec7d7980ea702f096fecfcd496e6b684,0.00329808,False,False
4.234364242128308e-06,0.99993014,135391.87499999997,,50000.005513289674,102,1.225221134881771e-06,0.0010256385192272122,0.0010256385192272122,3.6909926544727127e-16,20261006,90,d5ff2f28173e839ff1128eea3857fc2851a1aa4c9ea84dd96f22e09dfd90ce91,8c886199c448c807764bbb157ce36485b55b8b1e83b28f7b2efcee0f4d6a08eb,0.00048331308,False,False
4.020685676286995e-05,0.99925965,130093.12499999997,,50000.005513289674,102,-2.3524245795769616e-07,0.0034260134709349632,0.0034260134709349632,2.3524245814078313e-07,20261006,91,a742d65a1a089d87236452304dbeb9ba51f61a7d519ca866b127501ccb38debf,0f48c3132ea13aa958e2563b9a8cfff5f7192fb5e0a9f9e6ed4c67713974902e,0.00026552624,False,False
2.4504422698301553e-05,0.99890053,125096.14843749999,,50000.005513289674,102,-6.8612383552491e-07,0.005795708647687969,0.005795708647687969,6.861238357369731e-07,20261006,92,05de2add0dc1ec38bf91e24c2f564ea9d5d9391426d3795d55eb90e341094fbf,3febdf3a49d04e02d2fc69a9d256afbedc64fe8dc95ce2e5f22b1e0098bbdc7f,0.0032054144,False,False
1.3698222429329117,0.99954224,130270.54687499997,,50000.005513289674,102,-2.6072705750723735e-05,0.0025608210377952023,0.0025608210377952023,2.6072705750824776e-05,20261006,93,a583ca076919f33265f6609895857e04308ae59d37c627fd7f8e5de02d8f95d8,fccbf28b98e20394e34ffd3f13451b12c47fb37eeda7a1949b610a9aedd33538,7.8716526e-05,False,True
0.000816291328915808,0.99908185,129578.55468749999,,50000.005513289674,102,4.087337706071281e-06,0.003918826697326461,0.003918826697326461,3.9807499202342e-16,20261006,94,a8bd82962b6fb3124f23655252c440135c8cce2785ade4cd74afeacb94b45363,abad9d1e0b4600da650bb667bbe2751ef2bd3539f31719311783288a587cdc71,0.0035651382,False,False
0.0010776064925670514,0.99890965,125242.92968749996,,50000.005513289674,102,6.861238356359323e-07,0.005055694685746626,0.005055694685746626,3.6909926544727127e-16,20261006,95,17b764cd4f3d275dfa7382831f031c3c8af08afdb9d4693eef420073fc32ce1b,601f05e4703ff9e31a6940d200e8ecd82f6ca864a2abd5dee6165af6e0bc8e01,0.00042071257,False,False
4.181434689187746e-05,0.99773526,124441.11718749997,,50000.005513289674,102,3.5286368693654424e-07,0.008787953505109747,0.008787953505109747,3.6909926544727127e-16,20261006,96,3a3bd0af779ab69b198d7a2dbaa06676b2ee97e947dafb7781023cc33e25122c,73d21a078117342ae2d3b2e3abe37602ed1b066575ef70c5e691135429c67873,0.0035746517,False,False
0.00014937896076672175,0.9997697,129883.73828124997,,50000.005513289674,102,2.2936139646434484e-06,0.001584496184038664,0.001584496184038664,3.6909926544727127e-16,20261006,97,1af540b541075f41e16bd80cd53ec5f9908ac1c14617e2d377761271dd2f2b50,a045b516e7f6de8b51490e0a1ee553b12ead4056e86fe8ecbab5156244a7f383,0.0039235614,False,False
0.16289773711288658,0.99297786,117393.53515624997,,50000.005513289674,102,0.001626162499084538,0.025311091391716944,0.025311091391716944,3.5822039778921066e-16,20261006,98,f5d373b9d4da527fb49cf42bfea7cc51d8b279a4bce5768790818f8076929e39,f538bb7163c43140cd1a3c2a66da126b6fb823d3032075061e1bd5def0df961b,0.0066797994,False,True
1.1226400540813524,0.99963236,130317.38281249999,,50000.005513289674,102,1.9603538159440603e-07,0.0020882679299331075,0.0020882679299331075,3.9807499202342e-16,20261006,99,dd4c0bf0dc6966b4ff8e9a0bc5378e6184299add4a890058531992feb7f81b31,ae84dc0929c563b6fd3b6896729ac91703bccfca41a5863d4f9234b44b4c8046,0.0004758456,False,True
0.5495565593429184,0.9991452,125328.59374999997,,50000.005513289674,102,2.028966199385529e-06,0.0032508952044694173,0.0032508952044694173,3.9807499202342e-16,20261006,100,158f296aac7cf5d26ab94355e80c94ffe7e8a41be7591c65658b31aa4dbd8ea1,0d855045f87058da8b45c7874745d6e53dbf0c156c3ac8734012472094d5a4e5,0.0008272013,False,True
1.136539766380723,0.99968696,130225.13281249999,,50000.005513289674,102,-0.00010233046918683986,0.0018510651129454159,0.0018510651129454159,0.00010233046918702294,20261006,101,0932b2cbb1867405e7867f5e1cd8d16277cfc35691d99385104684710a3a741f,dcffca2be490035a2e9ba70e518410e980bb5b245e4a91c5de1e86bb48f8f998,0.0018967845,False,True
1.7975986748637083,0.9989588,125095.93749999997,,50000.005513289674,102,-2.0485697376226852e-06,0.004627749447748575,0.004627749447748575,2.048569737723726e-06,20261006,102,5545f416e0020e595df1293dd6b20272716f1407564f13449df3fc745bb1526c,b064e774cd525036c8f0f39b12e8f0579290f5e9299cd96cc3174d99602cee88,0.0021591885,False,True
1.1018474437124164,0.99954903,129962.78906249997,,50000.005513289674,102,-8.233486025188697e-07,0.0025008047646385423,0.0025008047646385423,8.233486026990313e-07,20261006,103,34b71b6762fe83f5b32cbd04f1907830cbfdb051507eba821d408119a0e515a9,c9df5db9ba1280a095e46a43f5aa9eae195f3cb5dc00971cf275544a22eb3ce9,0.0033417773,False,True
2.4308387316152036e-05,0.99984896,135094.21874999997,,50000.005513289674,102,0.0,0.0013151827768185242,0.0013151827768185242,2.8705268956090435e-16,20261006,104,f05b2d2cc1e3ae182cf4e19fb2f951def0d641a346c033d119a95700698984bc,9ce35626e2cf13b2ae0bb7f5d5c1bafd9831f4dde956750d63b27e7582d1f2a1,0.002389993,False,False
2.0975255357745763,0.999351,130144.85937499997,,50000.005513289674,102,0.0002477789205530545,0.0033078726893143173,0.0033078726893143173,3.581119775719621e-16,20261006,105,3561f68857e1d5358efbb73f7532f15dcc4ff682dcd503c6397708b276b29f24,00e220f83a4e26a93d00d2b7d39da9fb757fd8574b3310f9ea6b7b9d46f744fc,0.00047052046,False,True
1.0476813975153947,0.9980447,124872.62890624999,,50000.005513289674,102,-3.0385484146577824e-06,0.007041435551814357,0.007041435551814357,3.0385484147588232e-06,20261006,106,c499b229458a01a505dfca07bd77f616ca46c0dff2b2b19758dc83a359bdbc42,a51f84a331eba641ba5bd7123c4cae19e1afa796a77770372673abd7ec4010b0,0.0012167774,False,True
7.253309118437912e-06,0.9970515,135448.76953124997,,50000.005513289674,102,-2.7052882657363497e-06,0.0028751931363877326,0.0028751931363877326,2.705288265948413e-06,20261006,107,50bef78c632833222f52946f8f9fe834632577c21d781db4f1fbfa8bf6cc731e,c3b75d608299c0ddafcc7d271ab3a8fec5d5c1ca4861e798b3f9d53a8813e512,0.0026896573,False,False
0.3338849134539137,0.9866723,119905.55859374996,,50000.005513289674,102,8.233486025188697e-07,0.015486297278465733,0.015486297278465733,2.8705268956090435e-16,20261006,108,0b2883304db4649315852615fd6fa2510378b065bae06ffd8e50db3864186ed0,dc23474d0df3d66554959c156c1077496a6da6e2eca195cc5dd2a8fe4bccc167,0.0066186413,False,True
1.5075120843865975e-05,0.99967676,134102.18749999997,,50000.005513289674,102,6.8612383552491e-08,0.001702764329748252,0.001702764329748252,2.8705268956090435e-16,20261006,109,ccf9093ef849b3de2c66d10361c158ed2c36ac906b2611664d1954a05f8a0d7d,ab4c0a5498aefab460e9e0ffa8af6c99834f76b0d4221107b487dd6379ce91c4,0.0050020143,False,False
4.7440562343625814e-05,0.9995786,130081.87499999999,,50000.005513289674,102,-1.8623361249803239e-06,0.0023162080475700453,0.0023162080475700453,1.862336125192387e-06,20261006,110,00af7ae18d163664d5e319f355072a2bdfc862c8abb36c7740a48dbb7e391553,08fe76fce6af2be795dd742d153b4bacc60a74ff2245dba2a4edaec132c26691,0.0024882152,False,False
5.587008375163016e-05,0.9814762,121198.97265624997,,50000.005513289674,102,-2.0485697376226852e-06,0.013475023119969287,0.013475023119969287,2.048569737723726e-06,20261006,111,879d7d819f4b7155242ff22f7ab5edc32770eb3ea8beaed0b4d79ac46211f2a0,53fd2362035ffa7809f2a3f77533f7dcedd901fb3aa2303ad06f26dd75166ff6,0.0015091603,False,False
0.0030690123128502833,0.999323,117873.13671874997,,50000.005513289674,102,-6.76322066461843e-06,0.021504807915540658,0.021504807915540658,6.763220664719471e-06,20261006,112,71e9209fa008dd630d0b0c8a41d5a0c6652c0372cda8f20f75fc771e461aa16a,1af8644a368d0d237b03cc3ccfa4218d04ff4ec7c4f97d7503677717c208f637,0.007938372,False,False
1.6844725960236424,0.9972743,132791.76953124997,,50000.005513289674,102,-0.00044769580269254927,0.01742699795280611,0.01742699795280611,0.0004476958026926503,20261006,113,c4d37c0f2cf6333ddec24ad70d6b8e28846cda323e8bb4573fa981335b323f86,5fe52dc3550fbbf44003fb9290128a15244ee612517eeb15ea0e0c316be4fd6d,0.0038505,False,True
0.32092681790290545,0.99935806,130156.28124999996,,50000.005513289674,102,-2.5876670370905686e-06,0.0032850051015889115,0.0032850051015889115,2.5876670371916094e-06,20261006,114,a1d5c542edc274b1142c04f48e22643d58b0583e1c7091c5b7bca9ed6fc3687d,e5a0c518129a7c6f6bbb8999f21b0a042d3534846afe944248258607df6eaecf,0.00017641141,False,True
2.2093187504124145e-05,0.99225855,126771.07031249997,,50000.005513289674,102,9.801769085271417e-08,0.009080271664358763,0.009080271664358763,5.090972944859357e-16,20261006,115,60f72fa1dbe80209a504b125558af8e3e156fb7ed399a9b8a7f297657a71c565,1849f6a340b8e1fc708595c5e0f576728ed472292a2c73027993bb6513d417de,0.006916949,False,False
1.3684568957072554,0.99380755,121561.77343749999,,50000.005513289674,102,-3.1365661053994742e-06,0.013610678738072535,0.013610678738072535,3.1365661055825612e-06,20261006,116,b1542ce87b852fc14b3ea114eea118e7f83855c13fe2261cf5931385048ad630,5db86a7004f3b3565de757b3a52da5b3017b5bc2f256d9e7a0f0e22ca0d1cf9a,0.00690025,False,True
0.7884227038273491,0.9991321,124769.86328124997,,50000.005513289674,102,3.9207076329983437e-07,0.005373958127748213,0.005373958127748213,5.090972944859357e-16,20261006,117,b1cf3407f39f5d816d54405fbe37faf6cf5d411289b47411a1085a5f5f61e14a,c2e8b821309005af16f7ab18a90af914f88de7120d45585a9d0190e5ab3ef38e,0.004530797,False,True
2.979737800101745e-05,0.99951184,133712.36328124997,,50000.005513289674,102,0.0,0.0020622344089586964,0.0020622344089586964,2.8705268956090435e-16,20261006,118,68fb8fc99328a9275ab601c4d1829be1afe59d33fcf8a32bc7837c23f6b7d490,3470c476567fdc5c21063b0d98a06f20748ac9da54afb1af64a73ffe9a75d36f,0.0055387765,False,False
0.00024400523945744546,0.9996133,130305.59765624997,,50000.005513289674,102,0.00010375172570331603,0.0022844405476241114,0.0022844405476241114,3.9806482762805295e-16,20261006,119,6cd3636e7c8d94b49a7440fe0048ed113eb0a0f0f6dbedd720218555e5720e77,e5684045f4a4fded6f747ddf203375817afa30d5bb28594c1d5abfa3aa84f523,0.0005813953,False,False
0.0053014828418667115,0.98235595,122353.72656249997,,50000.005513289674,102,-4.459804931244982e-06,0.016090153847884814,0.016090153847884814,4.4598049313460225e-06,20261006,120,f4b41a38930ad19acf59fef4b6649748e3fe535137560e31bd6459ac5ae23bad,3cc78b9e4ec6e062c3ea8daca1999898018bd53a3b9309eef021c50fcca24200,0.004498635,False,False
0.21882567090543292,0.9996172,130306.07812499996,,50000.005513289674,102,-0.00012595273266780005,0.002284077848528243,0.002284077848528243,0.0001259527326679011,20261006,121,52cbf3f5710c41dce43833393b3daff91d53ab5780a4a193dadc1647be16d47f,1637caf515d53a10e7880e423537f22b70d383efa805dd8bb79ac321f2f34741,0.00087773276,False,True
1.9711952487636928,-0.006231645,8670635.546874998,,50000.005513289674,102,-1.4016529782390208e-06,0.00300996761878769,0.00300996761878769,0.0021019999976175097,20261006,122,3d2c6b72952c301e804a77f1bad5efa7e7b30ec62b9959b387eeca39f2705bff,8e2974250f6f97908baecb340aab74b6c31294a677195075794b1dee2686f6ed,0.0012657226,True,True
1.9152656780763166e-05,0.9970113,135958.58593749997,,50000.005513289674,102,6.469167591616198e-07,0.0031028294214828778,0.0031028294214828778,2.9782356051819003e-16,20261006,123,385f39dce6c51829679dd54fc71f46323b1bbf8bb23114c84b4e64ed217b7f0f,2dfcb5ea29b2f63b126f9540e6b685c9eab460875e69a89e3e209b731d408c2a,0.004606272,False,False
1.1108173758569408,0.9995674,130285.96874999997,,50000.005513289674,102,-7.057273737021141e-05,0.0023220303639019946,0.0023220303639019946,7.057273737050552e-05,20261006,124,63fc8bdf23f061b8b1c2b2212a5358aee6566ad3056021a7528478ee8ad0276a,a26f858a183b5d6a3433d7fb1e64f5508dee230c07ebd237ff632be319675c86,6.329171e-05,False,True
1.9716837185535074,-0.006229125,8670679.687499998,,50000.005513289674,102,0.9733605099316369,0.9750064965404269,0.9750064965404269,0.0028746342899930166,20261006,125,78785b4b835439f2c08661bbd2bf21baa2e014b36d90a2d770e4cadb66aeb385,856a13909538590bfb928e1545f6e179d8f8362c2ac3027c648c6b362d889f86,6.7128625e-05,True,True
2.9993413382056744e-05,0.9998599,133784.78906249997,,50000.005513289674,102,2.450442269097408e-07,0.0011436616227626928,0.0011436616227626928,5.090972944859357e-16,20261006,126,299ded0bace2ae3d234661113004fca1b8a3471bbf0495f4e9ad194813a723d5,a00047d9fc718e33f7e725ed1dee655e5c942efb2655a69f9b4f0101861a1e90,0.0058920514,False,False
0.00023014553797962023,0.9995011,130245.08984374999,,50000.005513289674,102,-1.754516665175565e-05,0.002562516779611723,0.002562516779611723,1.739814010341118e-05,20261006,127,276e832f374f8e3e779d44b0e33f9545490d0ae1e636d1216e72fe2ad597a385,4f30a4047a65fefcbee3d142ee7c7bfd75ce96ff6b4647feb1df93cec18b2d20,0.00028814678,False,False
0.2759630645882001,0.99930525,130102.49999999999,,50000.005513289674,102,-5.8810614267379435e-08,0.002831242213647722,0.002831242213647722,5.8810614561488703e-08,20261006,128,8e7204061959837d00988f380a3fd86e1cbeef8fee8a677d987f15a9e89df07e,720ddc06dd1f0d020df71c1704d8a5aeed23f69b8c417ae99daf203645043dfb,0.0011568508,False,True
