manifest_seed,material_seed,grain_id,max_guard_change_T,H_at_max_guard_change_A_per_m,delta_B800_guard_T,B800_unguarded_T,B800_guarded_T,minimum_midpoint_T,largest_midpoint_drop_T,min_descending_minus_ascending_T,table_sha256,script_sha256
20261004,20261007,1,2.8705268956090435e-16,20.0,0.0,0.0022736586316273177,0.0022736586316273177,0.0,0.0,5.995204332975845e-14,2a09ff3a49417420d876aa3f69e5fffc52f85f1a3e41b3cf5cf192a63c8b3165,efc15d1ec44beb2d5ec2e816b5a9ffc954a5555ec5f92c710397f577e612aafc
20261004,20261007,2,0.15819913033413358,5000.0,0.0,0.02684707591854585,0.02684707591854585,-0.05452880734660559,0.15568585621126174,-7.057269253429865e-07,26c1bbc347d9b94dcbee5c4f82ec049b6823857fc9cec0f17f54f10ff87af402,b8d0d79922f69226a205fbc86f92fa82eb20af1a25e9c5d269914f8c3c4c2968
20261004,20261007,3,2.220446049250313e-16,0.5,0.0,1.1876637672197774,1.1876637672197774,0.0,0.0,1.9939605522267811e-13,137c7adf74a5db23087100b7aaeadf91c7414d9e0afce9d897004e7fce189129,3ca08dd554cc37b658f5edb8091ad20f9bc6e4a7a6bc8cadecb3429f2a79f2d2
20261004,20261007,4,2.9782356051819003e-16,20.0,0.0,0.01488804528447385,0.01488804528447385,0.0,0.0,1.8231294287573974e-06,46c55efbec2ab3186499c1dfd38878a5251c10cabb3322c46ad5c1528a6f3e4b,3ce201ea24a9fca6e40a4076b20fcffef565ef5896e69c193bf11e7d0cb1d6f4
20261004,20261007,5,2.8705607769269337e-16,20.0,0.0,0.0018570343732856598,0.0018570343732856598,0.0,0.0,-3.9207066837576576e-07,f3362d0736750f553a2c2fc60be886165ad00963f988632311c3972b3e6a6445,d785ff3534b1091012e7943cea6a34410bd0c242599731f0e6eb5a01613e1789
20261004,20261007,6,3.9807499202342e-16,20.0,0.0,0.0023789295679077505,0.0023789295679077505,0.0,0.0,-6.469165954037237e-07,f1e10d04c69caf3f0117e72371b101aa209209384ef53d0f548220e1838ff2d1,de10db2f78dfca367732afcdb32c489a080c4efd03f23882e625d86adfd38bfb
20261004,20261007,7,3.5972492524348866e-06,0.2,0.0,0.0029453249436119933,0.0029453249436119933,-3.4715855458111733e-06,3.4715855458111733e-06,-2.0975781114263015e-06,20d0b18182d39d5d4e8a96ae4aa02b6b6616b49b8d6808f781a5c35620eb0875,9bcceea3a6820d10794ad9c3b27ebcb3a0ec3d1f56c13bf6558b4d685f15c25f
20261004,20261007,8,1.8917414324926102e-06,20.0,0.0,0.005059703896992507,0.005059703896992507,-1.766077725950943e-06,1.766077725950943e-06,4.900885384184761e-07,97594710ad6143163cd10b71f10e2a6189d2b31070863bcfd57d58d158f329d9,aa37e889a502e2e19ef8f754b2a6647f95a4078e72b9f4ee659ced91ed8008d7
20261004,20261007,9,2.9782356051819003e-16,20.0,0.0,0.0013180253057055724,0.0013180253057055724,0.0,0.0,5.5067062021407764e-14,f6359a660923813e4794b0e9f76acb2b78301eda2e59adc722820824ee60bd4c,5c48ba17cea805a9c1938962d348c8ecfc458be2130072f22bf6c5a93aa9d345
20261004,20261007,10,0.00024092748396696952,20.0,0.0,0.003925903574601541,0.003925903574601541,-0.00024080182026053887,0.00024080182026053887,4.796163466380676e-14,19539d68d004e6338304063091d3eb0c4ee490ad31d240dd8909557595ccb478,c212e2c0c5d5d1f73d526f8953af4acab1960511fa95cb8dd15ca8c55661c0e5
20261004,20261007,11,2.9782356051819003e-16,20.0,0.0,0.001625408768175185,0.001625408768175185,0.0,0.0,1.6209256159527285e-13,65e7d0762e9b61a8929d6a779f93d283819c6228dd1fad3b390417436e85da0f,3b978eb551873df58169df6247c1a915e1d0ff296181f9baaa7f326b4492a363
20261004,20261007,12,2.940530726272819e-07,0.5,0.0,0.0010362832394389399,0.0010362832394389399,-1.683893661175162e-07,1.683893661175162e-07,0.0,c4843562f09e8003f96bcb6b1146b68412967f0af9b626ca396bf4c91b0f6cb7,6294ae7b5c7f9a1949eb5d00ed6ad480941439b45b71951350fae9d60bd9866c
20261004,20261007,13,1.666300743597981e-06,20.0,0.0,0.006721838600905361,0.006721838600905361,-1.5406370371673361e-06,1.5406370371673361e-06,2.3524270575947526e-07,3fe95e74e2b10b42918ebcc8478e567e90624cd9497d31cf2789a5a2a0a01514,add051f5baf231280a5803d282cd0b17b329a91fcaf5add417ed4ae7fd2c2052
20261004,20261007,14,2.685684727904325e-06,0.2,0.0,0.013066583381066699,0.013066583381066699,-2.560021021391634e-06,2.560021021391634e-06,-1.0585908731819416e-06,f0a9b5b5676252cb6cec99cd2f469e5115903b9399a16aa798d63b372801f458,45995533ba39cf22a6fcc2e420f31f1834daf1885137225a9a9af8b068ad0415
20261004,20261007,15,3.6909926544727127e-16,0.2,0.0,0.0036625986518269427,0.0036625986518269427,0.0,0.0,7.841417426490693e-08,67cc4ceb6b0a1bf9e9ae40836b9249819efff858df8415264f8e0468e101e90d,2e6bb007a483e2cc0dcab3f83d41119bd034a2fa29dcfa7f93eb1b18ea95dcae
20261004,20261007,16,3.9807499202342e-16,20.0,0.0,0.026652912674856033,0.026652912674856033,0.0,0.0,8.821593793228999e-07,78ae243b482ace8564a165a3617badb1178fe3de878036ae639df3b30ab2263e,b057b842f53d7d50509e0e6372042a2ccf3740042da41a53a4b4f13ce01de5e7
20261004,20261007,17,4.4107960871621e-07,20.0,0.0,0.0010165228732511578,0.0010165228732511578,-3.1541590228556515e-07,3.1541590228556515e-07,0.0,9dfcce0d0abdf07b419755f61653ccca0557aa3267869f0508921055fdc9d10d,76d14a7fe7a8dfec09bc04fe0876883e678b4fa0ed76dad6538e2aeede3e6fd1
20261004,20261007,18,3.9807499202342e-16,20.0,0.0,0.003355999315029723,0.003355999315029723,0.0,0.0,5.8810754932636655e-08,cf95de8aafe404ee9619873ee7f8e5224cf2d1e5bedae0eb533248d2e631b713,c4227a19d52c207da963076a6a19f0f99b5761ec5742487fe381dd837a630397
20261004,20261007,19,3.6909926544727127e-16,0.2,0.0,0.0020752315547578615,0.0020752315547578615,0.0,0.0,-2.940528567307865e-07,89160302ed11c41fb6bbad5b9f91b74a40af332586ab8d38c58b1c992ce9cece,24671fc1d92602f34e290ca0a6e0ff29301c549410f82c72ec52de5afd1b6d29
20261004,20261007,20,2.8705268956090435e-16,20.0,0.0,0.005016291574048259,0.005016291574048259,0.0,0.0,3.9207111446337706e-07,9c23662c4f2f3095aace9b84ddd8a56d1ddb9cad72752b1ae8a0a6789cd37fd4,9e86427b5fed86f4798dfd8fe20bec4d425a3e57252fc984de4dc201ddf466af
20261004,20261007,21,6.861238357369731e-07,20.0,0.0,0.0011568842061894236,0.0011568842061894236,-5.604601290842837e-07,5.604601290842837e-07,0.0,383d109d0359e72ade62121d6e745f77d0d6715b57c743e818dfbee4a2ea14da,62be0da758123c826ac9de5d9bcda299111a8406f66cc6262d25bf5f81e47271
20261004,20261007,22,4.20495893515117e-06,20.0,0.0,0.0065802815676786475,0.0065802815676786475,-4.079295228720525e-06,4.079295228720525e-06,3.136566366634952e-07,a6f2d28b8530f07eabd411034b297dc8c0ad6aaf8a6bd1501d0080c2605e9cf9,e3719b4d7824ed8cedefa592124b827d40ec945eca39a35ba461f5aa5a825c76
20261004,20261007,23,1.274229980409169e-06,20.0,0.0,0.001918344457833454,0.001918344457833454,-1.148566273978524e-06,1.148566273978524e-06,1.2967404927621828e-13,d595e03b453969ef8f5a402ee7736ab4f49d7efc27f2f2978107273b61817878,5703a7e8d26badcadb624c6bdf6d2cd861b73dc72f7523f397b4c3813814c1e4
20261004,20261007,24,0.0012064397694913076,50000.0,0.0,0.9633308367324341,0.9633308367324341,0.0,0.0,1.9213674506503795,76f65b905ba01a1db92779e0aac57f32bcfe6eb10c2fba55c0da310f50f211f7,40f5fdee5000b794b8185a8657eed75dd1631b60dd4c0dbcc1fb528b79fa487c
20261004,20261007,25,0.002876362440163094,50000.0,0.0,0.0024662241233270876,0.0024662241233270876,0.0,0.0,1.9575923707318343,956f5e212907989c11a704ae3aaea63a152cc56d2b3a262b724f30847c5a57fd,bc7793a97ef1c8ff2c548c181413d5c49a71abbae887d2b3f35a94ce354593e0
20261004,20261007,26,2.9782356051819003e-16,20.0,0.0,0.02271123905911554,0.02271123905911554,0.0,0.0,-7.841365556870983e-08,cfdf0f7e686b0324f0f7afea00a5de3361a6d43cb4158191e28b2aa9fe361244,140d84d4c097c1c43b6e7b82fdc921e52c30a1ee80745b2ea63daf1b4cec4da8
20261004,20261007,27,3.6909926544727127e-16,0.2,0.0,0.01931653395906363,0.01931653395906363,0.0,0.0,-9.266584450884352e-07,ae4fd7efba40ea1d38b821f7dc7d316ee011523ee62a3a89f39bf4884d14575c,093ed2a9b20638e3347cecdb6a27518cb4023646e6d509f071976fc93fe7c848
20261004,20261007,28,3.6909926544727127e-16,0.2,0.0,0.0010057997376023975,0.0010057997376023975,0.0,0.0,0.0,04f2bcc5da53e5c7b4eb377e186ad19da8bd5936fd6781f57fe0a0c77f09adea,f0ad39f665d46cfad4c39c122295c00c2548738753045b638d3b56b688d66364
20261004,20261007,29,2.220446049250313e-16,0.2,0.0,1.1349014420127879,1.1349014420127879,0.0,0.0,6.261657858885883e-14,d5358668195dc1d60f7d755616cd80f47cc6962626ee1807167b208d9ab6f45f,a01c9f7a74e4d2ea9373e2a4328567d515cfe7de0fa652dcf670632729fb52ec
20261004,20261007,30,0.0004192216635174784,20.0,0.0,0.007947275519048724,0.007947275519048724,-0.0004190959998109367,0.0004190959998109367,4.508813824521951e-07,97a044c58036a27648aa5eb11de77d22346eca74275d9861d2e56e44420294e9,27974cfa56d16d076dca3b1f6681a75c6a41703e9aac1c08be81c108646e5817
20261004,20261007,31,3.9807499202342e-16,20.0,0.0,0.016834441381145093,0.016834441381145093,0.0,0.0,-7.253306119503478e-06,122d31e2298df67614cecb06a4d77f8b0bfb0f2f3ae9e6f9a900636a9bc5a1d1,7aa91a3621bf0405f642e280e422fcf2dba062a6c3ff2b3494c7d80315ac4f57
20261004,20261007,32,3.4051345781232934e-05,0.2,0.0,0.00226199446279296,0.00226199446279296,-3.3925682074831265e-05,3.3925682074831265e-05,1.509903313490213e-13,93dbf6e7186eca201f8623584fb2ff1700e071d583b4773be5c6b7759317fa18,a6e9a3899c23d0eb1ffc99c986e4457e3eff6dfbcf36fe216effe2127b93b924
20261004,20261007,33,1.0683928296467592e-05,0.2,0.0,0.021208031368911362,0.021208031368911362,-1.0558264589954902e-05,1.0558264589954902e-05,-6.738655400795324e-06,5a9e7f25c14e44efc04571500643b59c137b6de0ee59735bc7313d3b59d3afae,3cd3154f6c8064cd6db0224722aa3f53d2999de59ca1b008daaf0bcc314e2bba
20261004,20261007,34,3.038548414647801e-06,20.0,0.0,0.044373246741838734,0.044373246741838734,-2.9128847081061338e-06,2.9128847081061338e-06,-5.881059379486686e-07,455902c121833f10be9fdb6e62ec087231f921b01cb24cacdf45305de9676bc6,66bef7b12e5d7c44c303166c94388ab2180660921b38726ff50264e04a4a245e
20261004,20261007,35,4.900884539821193e-06,0.2,0.0,0.014305428130406028,0.014305428130406028,-4.775220833308502e-06,4.775220833308502e-06,4.5088284972294446e-07,82c6247da3decca23dc53e9b81095a9392adae9fc7b693c1bb313326c3395f25,1e0154eb76c19eff69d1dd8c3343164e1f76f4e063890f63a255c0b3e4189313
20261004,20261007,36,3.9807499202342e-16,20.0,0.0,0.017883565094032994,0.017883565094032994,0.0,0.0,-0.07956312393978426,f82daca96b38e9fb8a99043bfee64c144cdcac27773b5e80ecfea68948ed0be0,6c1796255ce4246dac16326cb347f52d733d7a62ba932966bf76073bcf0fdcec
20261004,20261007,37,1.0546703529391587e-05,20.0,0.0,0.018676204829519816,0.018676204829519816,-1.0421039822960942e-05,1.0421039822960942e-05,4.077536038149532e-06,32ac289ca988086b062769f81a87598a945d3a25b6a979d58972d8dada3873e8,117d04317486183dc16870561785c846289ed56e0fe58f76ff47e04c72f1d3ee
20261004,20261007,38,2.9782356051819003e-16,20.0,0.0,0.0015091205798196672,0.0015091205798196672,0.0,0.0,1.6209256159527285e-13,ba281aaa24f6c4683cdb29f934baebf98ff72fb9145a114806cd0be29c513672,bd8dfd5868a9e02c3fec657c0b62cc00bc7159a440421de3d40efe2e2b48f8ab
20261004,20261007,39,3.98078380155209e-16,20.0,0.0,0.023758520456974686,0.023758520456974686,0.0,0.0,-0.14759914304080746,93c3f727084eaa5c88997c8afd9e303fe23474f89ed3a874d3ad0742271de288,dde882693ab2d7b9a6a64dbdbd9cbe518690fd57d9e78210e885f9070b163b9f
20261004,20261007,40,3.661892837569791e-16,0.5,0.0,0.005098891082078727,0.005098891082078727,0.0,0.0,-1.960349793606042e-07,a2ec9779e31b6f95c689abbf04e004e4907d7d389c215d5b113484748e26594b,0ee4db192b318d8e0f6d121ac9792843d454ec427d74d4ad968c2ecc4ba948ff
20261004,20261007,41,2.5484599608283193e-06,20.0,0.0,0.012631158548680688,0.012631158548680688,-2.4227962543976744e-06,2.4227962543976744e-06,-9.409684889050141e-07,79025711fde5023959376000fd793b9b0a436f162c9c06a9082de190cbb7be36,b6feb55a8b3f23b961d9cccaf743850290e52743b643af1581fe2e0c5ed9d017
20261004,20261007,42,3.6909926544727127e-16,0.2,0.0,0.0034542523131039227,0.0034542523131039227,0.0,0.0,2.940530725581425e-07,d90d8f2be848112258009233513b7dd9628114011ee1bf10f4edb9b23b0d165c,a26a57989d72f0f2f583a6a877befb3cce9664ce9fa8a869d1c862be1df1770c
20261004,20261007,43,1.27422998225002e-07,0.2,0.0,0.0027028780359752425,0.0027028780359752425,-1.7592917123110396e-09,1.7592917123110396e-09,0.0,989998b1127dbf46484de44d09bff740f35ef70144be49477d3a3f5f86440a04,c90ddf36fee63d1a6d5cf301e43e13970a50330c8a6da514e89600309d597bf4
20261004,20261007,44,0.0001195325739209022,0.5,0.0,0.0027915351778481368,0.0027915351778481368,-0.00011940691021439243,0.00011940691021439243,-1.1762121170377782e-06,55b98dd42bae47d3c8c43aa1e06531b377d17298f39599fbca81a3ad6f7af76a,2bf1cfaa32148999c07b93e18b2812b1dc4820ab43c6e488f8d22bb0f1b96bdb
20261004,20261007,45,0.0005286442030978389,50000.0,0.0,0.9522635019898259,0.9522635019898259,0.0,0.0,1.8969633259970085,dd24c17c1435592f56c75495e61fb2c58eb8aeb9717dc5e4ce645e7306b616ff,b982523888fb010e302a070586f2cce733afea82bad8fb5ce93fa127ffb69fb9
20261004,20261007,46,7.044531437238157e-05,20.0,0.0,0.0026123097317956034,0.0026123097317956034,-7.03196506658399e-05,7.03196506658399e-05,4.3076653355456074e-14,f6f7e60078cdf58aedc7fcdeaaaf6e3dd4377337b6d799200a91049ce2c9d442,17d2cb943fabcaf64d7c6d7146d666f66f7df132e7dbf1cc6c33cb959d4cf67c
20261004,20261007,47,3.6909926544727127e-16,0.2,0.0,0.0028627448896572094,0.0028627448896572094,0.0,0.0,1.1546319456101628e-13,14c17e82a976e2c1a1ebc8832f0b002a33fce8d9e7547cf877b425d2ab412f7b,83fd36af03b3c0032b36cac96daaac5f05887b28fd90913432ddd4eb36d78ce6
20261004,20261007,48,7.841415262566204e-07,20.0,0.0,0.0011475823304173405,0.0011475823304173405,-6.584778198259755e-07,6.584778198259755e-07,2.398081733190338e-14,8b1e9d7d883e123ff3089795676c60bc4b374e2795133b6ceabe19ef7ead5c12,d2e48cd6c3e0c5102ab8dbc30c7a89434a6867e9e7cac178cd6f38e3434c5b79
20261004,20261007,49,4.801215679097869e-16,0.2,0.0,0.0010747159759986191,0.0010747159759986191,0.0,0.0,0.0,9b61b06ceb85feac11a639a432735319ef8ab0106a0c56f39efc68842d5e7bcc,1a3c08a280a6657b58cb9fc0eff45a120533ae8a71ace8fb328ad8e8113aaf6f
20261004,20261007,50,3.690996889637449e-16,0.2,0.0,0.0013568010979511103,0.0013568010979511103,0.0,0.0,4.596323321948148e-14,221da03ae9c766512043e4e9a1d8a4b2bddead34175063989427dbcac7b9ec4a,b904fb52b92a450156f7a1b532309f8fee2bbc72a44ffb506569ed0b6c5eeb56
20261004,20261007,51,3.9807499202342e-16,20.0,0.0,0.011102308013014373,0.011102308013014373,0.0,0.0,-4.411833356865458e-06,d691a7c274307e10a95e52da4224baba2447b3916b49f66d9f94be05b476e349,15747c54d3648c8f2a750e96be5e960eb5f05a314a189aa3622e4c1114dbb529
20261004,20261007,52,2.9783033678176807e-16,20.0,0.0,0.0028066396007679906,0.0028066396007679906,0.0,0.0,-3.9207039792543696e-07,60925ce8b6a02d7e5012db120e09c1aa2feae35e0b6258fb5f38e2eb98a6d562,5b738afa9e257e85a9c29b1734974073bf2a4da698ce9bf20bfec7e2d00b8461
20261004,20261007,53,0.004506076960969274,50000.0,0.0,0.9792965343115057,0.9792965343115057,0.0,0.0,1.9564303351937813,f0d9a43d959372631b0a07e9dfe77f2262444b61ad94c3d95f03bacdafbeea5d,4833eba469045796c503981d33b6ef44f646cf25b81434359e72fe88e390ee70
20261004,20261007,54,8.331503720160444e-07,20.0,0.0,0.007214338778871676,0.007214338778871676,-7.074866654743772e-07,7.074866654743772e-07,1.372253937148571e-07,b56ed956b1fea307fe2a4dbae4f5603b69d4b8eb877135e8cb39aefc95156aed,f5da02ea411aa5f4b56ed4e67dbd22b47045bbeda343bf44c9a19d171ccb123f
20261004,20261007,55,4.801211443933133e-16,0.2,0.0,0.0011228818716938482,0.0011228818716938482,0.0,0.0,-1.960353355201505e-07,0c4bc6dcd5829230a8399736398959a8c6dc4c9c0a65dd6bfbff1ff22228fc11,e6baa85603c4f1c3e8c6388015e8d4ae1b1eab10b98678daee79ad47a4b4460e
20261004,20261007,56,2.9783033678176807e-16,20.0,0.0,0.0027876633385103267,0.0027876633385103267,0.0,0.0,1.9603547096735952e-07,fad918ff945792effef95f9dc3a0dc915e2fbc316fb06713ddbef7da2ee8994d,c4ade7e0ea80b6a1a267783f5d9d497dc35547047d94302b471c3eae04e48037
20261004,20261007,57,3.6908952456837785e-16,0.2,0.0,0.002821087408593881,0.002821087408593881,0.0,0.0,1.9603548961910633e-07,a41928b3a3fe8a98d7ddc80365b3081f0208ca97276b1d11717695bcbfc0f09d,268e74f629dadb2bb0ba36dc4aa99c66cc9cdd6487b19c31acb476a3ef442062
20261004,20261007,58,1.4310582858623294e-06,20.0,0.0,0.004653243849123578,0.004653243849123578,-1.3053945793206623e-06,1.3053945793206623e-06,3.920708229188108e-07,a130b20fdcabaf8f5b40293fcf9b4462bc92e79760c08d35cec9cd67e82b5ee7,7a8f089fa5cf5a180a5d4eec17cb35ddc442b5d0da364596266ccec0afaa85db
20261004,20261007,59,1.359505371308346e-05,0.2,0.0,0.05895023660002885,0.05895023660002885,-1.3469390006459747e-05,1.3469390006459747e-05,-1.1210720900045601e-05,fdb1c8a82958763d0a9b733b63c875a617c49b053865585f537c36268b8dc18d,14b8c215b3cfc0a69fb817bcac63bf297e904b59f540c141f2e1d3b94431631f
20261004,20261007,60,3.6617403716392855e-16,0.5,0.0,0.015873172085778653,0.015873172085778653,0.0,0.0,5.881172793209544e-08,ecd279c88b4c71973f00e444cba0aff7c608fbdc5daeea34d04a540c97215f31,e81aa725fe9edf0c532883243cfa978f57b8c29ba0dec3575c7af1624d23c8ea
20261004,20261007,61,4.801215679097869e-16,0.2,0.0,0.0036695285588682625,0.0036695285588682625,0.0,0.0,-4.7048467410881756e-07,d46f294eb8023fcda9a903e6614f08cbd3c664c0d7b3ce300e35d403152cb1ae,4cb4904c17ceccc70105dd8a020ec0a070de960106178b6fdb019122ccd20dfc
20261004,20261007,62,3.528636871486074e-07,20.0,0.0,0.0017954302546230316,0.0017954302546230316,-2.2719998060694024e-07,2.2719998060694024e-07,1.9603541812074354e-07,cbc21904e754b24ee579c94b913a10ab72612f21a10e2425f229baa83224bbe3,21cc457d4383654f06d870b2550a5e3d15560227b26fa661ce39e6682722f89d
20261004,20261007,63,4.801215679097869e-16,0.2,0.0,0.0012070300610156348,0.0012070300610156348,0.0,0.0,-2.940530008377351e-07,33e949efa40452874016c9af1ca8fa4bec7353fde8189e1c00802f55057ed9e6,6d4cc226704cf4c737387c49e18fa020cc646daf971618cd2ea94ec16b68b0cd
20261004,20261007,64,2.2544068899567007e-07,20.0,0.0,0.0010086814577886516,0.0010086814577886516,-9.97769824540029e-08,9.97769824540029e-08,-1.1762116436386805e-07,11d2f48e70252074b3bd9868b65b15465fb224d24189d539b852695b4a058f12,ce621798af33c2f21de49dfbaa08518957bed1c3ea5aa7eaa5b8d5ad8dd973a4
20261004,20261007,65,0.0004066165884815021,20.0,0.0,0.008369800234422242,0.008369800234422242,-0.00040649092477507143,0.00040649092477507143,8.821597470287657e-07,78cefe3c6eae9f6168770ff53cd6b3e0d1bb312ece6b10f2a0617529005114f4,655747e27db2d58722abf473068314d8fb3be1f1414546390b569c42d8ed41c1
20261004,20261007,66,2.8705268956090435e-16,20.0,0.0,0.002976543475762372,0.002976543475762372,0.0,0.0,1.4921097668540995e-07,8e98a2e729b2ec223355107117ac8c90e9c84ddf8a0e46aacdf1dc768123fb0d,ac943d872caf3ad1943d357554e04c634e09d8303a3f48748b4a8e09b4a535cc
20261004,20261007,67,3.528636869265628e-07,20.0,0.0,0.0016567352221523723,0.0016567352221523723,-2.2719998049591794e-07,2.2719998049591794e-07,1.3722477554267698e-07,4e8738289e54cf03592e9afb54b01faf8f866b2aa6a24618aaaa0395df80838f,1863189166f615546323fabd9a181bb473915334fb7779017ec622ad3beaafd4
20261004,20261007,68,1.1174016753711215e-06,0.2,0.0,0.0023331553063078436,0.0023331553063078436,-9.917379687474082e-07,9.917379687474082e-07,4.8405723873656825e-14,ec1b0dc937a7a0cfe050d55873727752dee698687a4b3b92ec11feaa57fc269f,af954523e64d390acff9ed1b9b1a98261c725e87c79a15636c49b788b1b4ba22
20261004,20261007,69,1.261924310098462,0.2,1.2399647490894568,-1.238959439440308,0.001005309649148734,-1.2619241844347557,1.2619241844347557,-3.920704667592645e-07,373304ebfa83c8f0d5f29b43f1b8b63630d745b937b773f5217885867008a9f2,c9b9ffa96d5a56185a154bcfa69ff4d367db4a1bdd73d8b66f98dc23d7849f80
20261004,20261007,70,3.9807499202342e-16,20.0,0.0,0.0031788129065323245,0.0031788129065323245,0.0,0.0,-3.214979613419544e-06,ba8972c4ef89389d84f1078e587e4f761ee42a25c7147608b032bf20cca64f8d,246c60bc4a81bb28b2ac53722a91a88477245b1144385a27decb92c14bbc1783
20261004,20261007,71,2.8705268956090435e-16,20.0,0.0,0.0015015340208148764,0.0015015340208148764,0.0,0.0,6.59472476627343e-14,c400848fb810bbf7940949c92d41e4963006756a0cb37affadac63357a4cdd8d,3113a07dc3228b5cc206932b9759e8ca2f94b9f095cd3726d30e39347b81caeb
20261004,20261007,72,2.5484599637793934e-07,0.2,0.0,0.004641099457234454,0.004641099457234454,-1.2918228975422608e-07,1.2918228975422608e-07,2.7444956884892235e-07,ec9b35eac8c828dfb4662112a2567ae3a81c9ff40534a5bb30df05f0cdd17d96,f41ecb9ab66c50b9a6b502d13cf040d527eb3e948a3872972257eb3fa75a5535
20261004,20261007,73,4.801215679097869e-16,0.2,0.0,0.010921602598270241,0.010921602598270241,0.0,0.0,5.096932782500119e-07,7ceaa34c150ed96c04c25b5c4f6cdbf572d95d4c2154470911d991a2e51d2e2a,cf686f7860c381800a2015e84f4efcba4bbba61f5d4437843b65ec318fc2cf87
20261004,20261007,74,9.801769106477734e-08,20.0,0.0,0.001498485660368476,0.001498485660368476,0.0,0.0,1.4654943925052066e-14,6e4007b677b95ebe29228befe2fd0d88256ce9c50de8f60e365af851d2cf1cf9,9727ddf3a8e53051220af016730889fd3bb910d3a73bc7398b25ff2af6afae8b
20261004,20261007,75,4.801215679097869e-16,0.2,0.0,0.004830155979234085,0.004830155979234085,0.0,0.0,1.1762137974713482e-07,9b39f14f148c40e0a66223ff963063bf04142f069d20fe0382b816cf8f0e16db,6cc2b018ffb00bbfe2792b170920b99db2cdc0ea993469d56c1c531df8cc3950
20261004,20261007,76,0.00013198082065156826,20.0,0.0,0.003399019279518356,0.003399019279518356,-0.00013185515694502659,0.00013185515694502659,-2.744494078665838e-07,391b492e4da1cc8dea2e85c0b3a23a78f1ddfc4890cb852eaf5067912cceb1af,77f5f3af1fcfc90879f86d6c314e8fbacbb26a75c54a5ad46e3100a89281460c
20261004,20261007,77,3.6617573122982305e-16,0.5,0.0,0.0018774710618159052,0.0018774710618159052,0.0,0.0,-5.096918340719014e-07,0d2bed037b6f19f2c45a2b17683d188b3f5279d2a814fd3171703b16dc48c527,829f3d9815823700a17a435de4d2dbec38fcc53dfc5994b73dc0896995003f52
20261004,20261007,78,3.9807499202342e-16,20.0,0.0,0.0010384788364699027,0.0010384788364699027,0.0,0.0,-9.801751810201154e-08,456ee97a4316f751c1bdad6adace1d263756ab291bfba0052bf812ba06fac863,1496ac772854c73d3151d18cc9196051a4e0f68c2d87346dd9ac7c1e596f954c
20261004,20261007,79,0.0006198638765688324,0.2,0.0,0.01222690418654726,0.01222690418654726,-0.0006197382128622086,0.0006197382128622086,1.960366784459211e-07,96781ba1a6c3ff66a3da319edefdb2df8d8b8565d4e414d76e4287ad4f5ca642,01e771a5dff6f9999559c6a8c84ef7b63af37cb679bf8a312f13e29d4b01273b
20261004,20261007,80,3.9806482762805295e-16,20.0,0.0,0.0020673901929637584,0.0020673901929637584,0.0,0.0,-2.352422747708971e-07,d96900f039e2e683f11572e219fdbdda3ccd27a3c19d3857d401819f495e631e,eab89239bb3b4b261869d8093e357cbeaa38830009b7c6057083fea2126fde40
20261004,20261007,81,6.861238357369731e-07,20.0,0.0,0.0016406897261695974,0.0016406897261695974,-5.604601290842837e-07,5.604601290842837e-07,1.9603539147539095e-07,fce528e1da239bc1b0b6e90fe978651e9620eb395e03370c8c7b7b8d6f528d1d,8e157f24faa5b6451aa121dfea9a7a2a106d1ce92968ccfab5a7039419b2cb65
20261004,20261007,82,0.04065485642041307,0.2,0.016399828433935993,-0.015394518784787259,0.001005309649148734,-0.04065473075670667,0.04065473075670667,-0.04631653004762759,525373921bc3e34c6f92f82e1e0a3aacea6945cdf2f98bb05a17de7c3b6664af,1ad75d79269d691a15e32411230b092e2a99193e009454691bfb7cbd7cc2b414
20261004,20261007,83,3.9807499202342e-16,20.0,0.0,0.005035326695048914,0.005035326695048914,0.0,0.0,1.8385293287792592e-13,58a7aaed1174a4bf7bfb11747231c9c9e018fa4010f0124c146a9a66fd4d183c,10b46a54436906c30407109423e80d5edeada0399622c456061ec36e3038e3aa
20261004,20261007,84,2.8705268956090435e-16,20.0,0.0,0.0013916953862507242,0.0013916953862507242,0.0,0.0,-2.3524235737149013e-07,bdf651527bd7285b434b8ec74f6fe3c6aa9f049ea8f0fb4e0a572091e275504f,fd2b2c26cc1aff3f9bf7353ea52a43f47484678c7c44233dbdda300013d789f1
20261004,20261007,85,2.8706963021984944e-16,20.0,0.0,0.002362364646358084,0.002362364646358084,0.0,0.0,1.1762136686854774e-07,856996a71190c0fb40d3ee8f6c4102fe8efc6177daf33bb17c002af3e1ad3603,984eb13774d9e9f7491e1e4ab502bb833c10ddb84b8160d0748d07a0b3a92d53
20261004,20261007,86,3.690979948978504e-16,0.2,0.0,0.012507764077742678,0.012507764077742678,0.0,0.0,1.9603566236980896e-07,9512bc6e2f756437885726995f8a640b4d4c19d0ed326238a79cf54f61694599,ccabf5cfe70eada11a7f942a0c91acee6ee99bf20f2ccb13c08fd0f2b6f3e6e7
20261004,20261007,87,3.4894297925480816e-06,20.0,0.0,0.016349832116100194,0.016349832116100194,-3.363766085895392e-06,3.363766085895392e-06,-1.960327606909118e-07,4bd7a075b82637a4bfe6cacb637e07e054dd46f7f1dd5b45fe422f4d51cee485,f173c2284d362b8283a547f7114a0f126bbc8e17c13a9bafe972029343695567
20261004,20261007,88,3.528636868660351e-06,0.2,0.0,0.0032872203014010504,0.0032872203014010504,-3.40297316214766e-06,3.40297316214766e-06,9.801779832230295e-08,3cc383882f8e2bf6566a407a31af9910011d84553aca42bbdcf7d7bad5be240f,624d55c0614bdcedbd232215b55ea9f2974164bac6f40d045f750893a2f4f00e
20261004,20261007,89,2.9783033678176807e-16,20.0,0.0,0.0025758471875142464,0.0025758471875142464,0.0,0.0,-5.096917736757689e-07,37dbcc2e4531732f49def8403e64a5864a8f7c0e56ed895689326abdef464ed9,397bf51a8030ab6fe387d997a292ee780efdb88240462cbe8c5d1acfbbee2936
20261004,20261007,90,2.8706963021984944e-16,20.0,0.0,0.002572975190368809,0.002572975190368809,0.0,0.0,7.84142177856495e-08,0db927aa676735eef2c9c217a04e4bc288936e2913db345a98655fb5957ea44d,de1a2f63017da7a211d1b5a0ed11d34135bcd2a607dd9aa2654ccb52bf06c144
20261004,20261007,91,2.058371506757817e-06,0.2,0.0,0.002975955420796317,0.002975955420796317,-1.932707800356148e-06,1.932707800356148e-06,2.864375403532904e-14,93cc4a7e4be2f3c5671812cb39d3d1793b04b2ac992ab62c15e04f3d40b59240,7a5aea5f293732bb5271130ba64defdbdb7944c98c86ca5c1ac3f7de0ff36580
20261004,20261007,92,3.6909926544727127e-16,0.2,0.0,0.00246626333040334,0.00246626333040334,0.0,0.0,0.0,b4f0fdb9f56d0b2ff9149fe69ed29d33fe32dc0f362e8665e6a5d397ebc274e1,c89bd20f51387f72f4e3f9fe0533e64cc51c5fcf615434b23d3b6e2d1100d72c
20261004,20261007,93,3.98078380155209e-16,20.0,0.0,0.0013322280697604105,0.0013322280697604105,0.0,0.0,3.375077994860476e-14,8f893244e0f29a478f551e0084fce86645115dae5365c1db47382694e6a24ab7,c8c5bf7e9065cffcc7010d5d2eb0d638194b2bedae7ba969faae0b144a7bbe03
20261004,20261007,94,3.6909926544727127e-16,0.2,0.0,0.0012460116990069547,0.0012460116990069547,0.0,0.0,2.886579864025407e-14,47bb0fcdea7b1b4be0623898380cced357881d1cbe35494fb977fefea6c49fdd,c8050e7e7a05fc2e4fbada3a441bbb80c450577a569ba14c020baa288fb47510
20261004,20261007,95,3.6908952456837785e-16,0.2,0.0,0.0024423176085429654,0.0024423176085429654,0.0,0.0,1.9603545076130047e-07,4e5ad3448f32d7816b7faf2a53b31b9eb0499a3fbe7db8dd9993aac8d6fa0bbc,2d917a1f1d9fd22049d084eade7292836f04de2b5bc7f1aed03ccaa926803e9a
20261004,20261007,96,3.980919326823651e-16,20.0,0.0,0.002661377389176711,0.002661377389176711,0.0,0.0,-2.9405306567475975e-07,95e0257c5bb68d4e69dbe3e74562d878211097e53eae29dc67747bedf1242f45,321ab6879e63732dea86c2d4340ab1e0b932ddfee100ff227ec268d0cfd83407
20261004,20261007,97,7.557163960080328e-05,20.0,0.0,0.002536542090660454,0.002536542090660454,-7.544597589437263e-05,7.544597589437263e-05,-4.5088111000346487e-07,d3deeb9aacf63c86cdab45c03387ac2237452c03010131732928e8d3969c6897,419e3ca05bb62a8d44a41832a81edd2d35399040055bf495d11069e29fef9b26
20261004,20261007,98,4.801215679097869e-16,0.2,0.0,0.013222049330441132,0.013222049330441132,0.0,0.0,7.057276745214836e-07,37c0aae126709ced1bfacaff5265e86825d982570939cd4de234fbc9e60c76fb,f7660df8d19f8e837b5e1b1c559af9b325f8a9b2837190a714f1a52f463024cd
20261004,20261007,99,3.9807499202342e-16,20.0,0.0,0.014050092045892915,0.014050092045892915,0.0,0.0,-6.643355199287271e-07,5b65bdb27fa2f65f176708659c9cd6319cd70f17b6c64cb597742013ec797242,6c574c376830181d8dc10adc6fa80df17b762be45f2a3e346a99ab127f7322a4
20261004,20261007,100,2.9782356051819003e-16,20.0,0.0,0.00659241647115516,0.00659241647115516,0.0,0.0,5.080380560684716e-13,b3f161c851067ccdd808fa93cceb6902b9af84a2109e6d41f4d4d59fd56e52b3,79408b05be7e30cb75c6e74b4364ad63670a9ffa8055ee4f8f971d426636829f
20261004,20261007,101,3.9807499202342e-16,20.0,0.0,0.002904892496697453,0.002904892496697453,0.0,0.0,2.3524248948803006e-07,b673144effc3eb66a1bcb7d8fe8d02124539510c55ed6a7c0ed3787d3ad64245,5f34ab88b739a83becbf062c0d1f3d79fd8220e5209bd31bc2b0021c818ecc5f
20261004,20261007,102,3.6909926544727127e-16,0.2,0.0,0.001023188076869186,0.001023188076869186,0.0,0.0,-1.1762116436386805e-07,41a4fd9eafa150fdf2f3d07f7f906e78b5db91a66d3181bc9498d46a21d3395e,9dbfb2e9eed0c66122e5e32cf4284fecb122c1fc337c5170ade91eb3f7b6685e
20261004,20261007,103,3.9807499202342e-16,20.0,0.0,0.007348789156518154,0.007348789156518154,0.0,0.0,2.8110846983508964e-13,8ca52a990350385c16cc57204f4454230c913f4db7f6b616de2129fbf60258da,ffad15833462b2cbd2e5bf2d08b4110da9d0f2f07ffddcc6635635196134b413
20261004,20261007,104,3.9807499202342e-16,20.0,0.0,0.0022583286011573778,0.0022583286011573778,0.0,0.0,1.199040866595169e-14,05b86591f3ffec4a9343b91bb7f83e9aa8d9fbbe2597ae60cad2c465477fdf1d,c9ab06f6f119fcf033d9a9b1cb650b3e91864584cba64e15eceebfe7f523c61a
20261004,20261007,105,2.5484599618487094e-07,20.0,0.0,0.0029561753525200185,0.0029561753525200185,-1.2918228975422608e-07,1.2918228975422608e-07,-1.9603513434773845e-07,8ab1293ca589f956377d57e9da7aea525bffc3eae67bcbe513be4fcf6b61ace3,cc448ee23266b25b3ee868b81fbc058f0c25ef5e6b1e11ea69cd092f0bd209b3
20261004,20261007,106,2.9782356051819003e-16,20.0,0.0,0.0029830125962588827,0.0029830125962588827,0.0,0.0,1.9603555490022018e-07,f9d4852dcea8144673c51389405b8bc8bfac3181ed0a4611cb1b1386974dfc2f,61a276d68371ab4d07527fae8a95fe704b0ad962c9ca70db946b6f113e2e7c41
20261004,20261007,107,2.3524245794771472e-07,20.0,0.0,0.002715816371159807,0.002715816371159807,-1.0957875151706986e-07,1.0957875151706986e-07,2.398081733190338e-14,e0292de907f9155dd0115111f7eb543816959c12c8aa40f2b4ebe04c010de28a,137e6bd0fe7551fe67f89ea125c527b9ca49a733b2adc28ce769990686f04889
20261004,20261007,108,4.801215679097869e-16,0.2,0.0,0.0024140199012112618,0.0024140199012112618,0.0,0.0,2.352424774976214e-07,a6b8f022cfafa1acf5c18dd8b1edbba7324494b20cfadfd2567fbc48c5d913fd,69ae8026d53a20cf5389cf8f1cde17ec7b32b544b54f086343efecc9d80f9b64
20261004,20261007,109,0.00013928313861554355,20.0,0.0,0.003608630111276989,0.003608630111276989,-0.0001391574749091129,0.0001391574749091129,1.9603548917501712e-07,10a79120fd57c12b0e91eb4a00a2c0f422304f3afc21fd3fdcab072b4442908f,027d286c515dd5d8afa4c53a9bebf40ffa29068b9e2e005c708db0d0144043a0
20261004,20261007,110,1.5094724384489112e-06,0.2,0.0,0.010875201023449188,0.010875201023449188,-1.383808731825198e-06,1.383808731825198e-06,-4.900873973312514e-07,b506452269be6f96fe9143ba77a36e22f14fa731bf279d3eff296f043b70f2f2,7fed8aa6d5ae50d37223ba2ab8117684c1ca7bf5ef7357879c57806c344419f7
20261004,20261007,111,3.6617403716392855e-16,0.5,0.0,0.0016205078836355469,0.0016205078836355469,0.0,0.0,1.509903313490213e-13,4135b8772a98b9505de27cb8bdd91652a82e94bc57c4c3529ee991e40c45441b,bf3eacb9a9e14bc836d762557ffb2f2c47ca70e97a8284f80cbd0789ad76a5fe
20261004,20261007,112,2.870425251655373e-16,20.0,0.0,0.0049396418425606825,0.0049396418425606825,0.0,0.0,0.0,a76ca687ce67f4fff0470cc658539d3ae75e6281aebe205b27cb3622acc703e4,8522fbf29cef30dfec10e9ee12ffe5625bf913bcac95cfe7f86f666cd54d3750
20261004,20261007,113,2.9782356051819003e-16,20.0,0.0,0.0036014062758493726,0.0036014062758493726,0.0,0.0,-9.80176064757643e-08,8b6721226f7a97536960c7937334a1e73d8deebc24a305a3133c0c517dfe3cb1,7943f6beaf1729d74889b71c1c08fd36779b647162426791a78a2951f50b8ea4
20261004,20261007,114,3.9807499202342e-16,20.0,0.0,0.0013015191107220714,0.0013015191107220714,0.0,0.0,3.375077994860476e-14,1b111cf2937a4895e09648f96937b1c65e5738adf6ce4014d58bf7bdd41e9e0d,f8abdea40e8258f214f5a5669e56fb3f939ca7409837939fe70944ab23517b74
20261004,20261007,115,1.382096206281219,5000.0,0.43539900227743095,-0.4343936926282822,0.001005309649148734,-1.3758130209740393,1.0083522644263,3.920714761740385e-07,4912f2daf92bf05f91dd7e82644f067348b05af97b48dcdbf51225b7b3534e55,dd86770a1ed7079f250038fb6a1d80a366fb7c66b33836994d0f8e57bde6bca3
20261004,20261007,116,2.8705268956090435e-16,20.0,0.0,0.0032928073097759913,0.0032928073097759913,0.0,0.0,1.9603545409196954e-07,ccf1e2d8a3ad9a5816252a0d44f20f40a0a6c798bfd721f73ec23501441ae034,38764c676d402d18cb45c4e2d14adc3df66ec252ee306af61ef1c9c8217a3b8a
20261004,20261007,117,0.0012894227223689434,0.2,0.0,0.013936098367855365,0.013936098367855365,-0.0012892970586623198,0.0012892970586623198,-4.900883578962123e-06,d5932b8ce73767dd1e89b95f7187c003565dde4874c07941925a851bca2b52cb,ee9e5ea776bef56ef33c606cff196afa0526b77846d2da0720449400607cfdcc
20261004,20261007,118,2.8705268956090435e-16,20.0,0.0,0.0013949299892820344,0.0013949299892820344,0.0,0.0,2.886579864025407e-14,efebb10bd2c095c97c487205df6be9bbe5a8d411cd079b83ffdff7337ba74344,cd67986800b5489aee9b3cd780e54ffe38131504ee8af95ea833b2ad595f0e43
20261004,20261007,119,3.6909926544727127e-16,0.2,0.0,0.0010133961090703636,0.0010133961090703636,0.0,0.0,0.0,f48490fe79b4f24c1ac4b8115a7d87ca86831a54ffb299f7dfc329b4037af468,a63754c07eb0acc0e1f836a5ceee8ca401e954b1c8bdba3c00eadcff85029b36
20261004,20261007,120,9.709632449868544e-05,0.2,0.0,0.002760806537343896,0.002760806537343896,-9.697066079217276e-05,9.697066079217276e-05,1.6209256159527285e-13,348720771acd650611864df790689ede7234bdb6c2fdd0e9207562a3cd4bbcf2,21a88bd59588fdcce54b5c042504efd4e05685a739f4f105372374a89ef4d714
20261004,20261007,121,9.883123762562385e-05,0.2,0.0,0.0021998120714583624,0.0021998120714583624,-9.870557391911117e-05,9.870557391911117e-05,1.9603555445613097e-07,e5968d49d11eaf5b28bcf19d9862cfbf6ffcc16f2d2d46789c18c56ef3358169,6789dc87a3cb7a210d28e56d8e767d826fe7bfdf04e684e0207a6836cf13297c
20261004,20261007,122,6.939652508093908e-05,0.2,0.0,0.0032912881490989587,0.0032912881490989587,-6.92708613744264e-05,6.92708613744264e-05,7.194245199571014e-14,8ccfb3ea1b53eca4c64c88061f533fdb92173652c91a5fc4e8e2d51f72a5fa1e,35bda63091993c517a7efc2efccabbdec0da33cee198fbb65cf9809b8ffe2cb2
20261004,20261007,123,0.0007867389951422136,0.5,0.0,0.008510916303855365,0.008510916303855365,-0.0007866133314357038,0.0007866133314357038,-1.9603480638785697e-07,8342eea3191e768f5c6f8c2a857db65d24110e0970b60c1e70395a9ca132fffc,2fd278fb3fcb027c5ac6926de4e21cf8f34c893162a77de959ceaef1ba0fe7f8
20261004,20261007,124,3.6617393128481014e-16,0.5,0.0,0.0010146899423280065,0.0010146899423280065,0.0,0.0,-1.372246911657271e-07,015a85995c77b7d32c82c4dd9faa7a11a477cfd39de20547a6e4fcd719a31b63,a43c1606d94f666c45bdc6e60d15ff6e2d866ce9e41e2ced0b38c9d60b8fe09a
20261004,20261007,125,3.9807499202342e-16,20.0,0.0,0.002153498680855237,0.002153498680855237,0.0,0.0,9.801776634787984e-08,dea10611fe91529cb883062e86de3562738e85da4f596e321d7f5c66ce81ac1b,fa8bd1b58bd355f84a1ca10b7b09d0804d1466cb6a70911dae2fea5ce7ea20da
20261004,20261007,126,3.6909926544727127e-16,0.2,0.0,0.004326737119326407,0.004326737119326407,0.0,0.0,2.3524252545925606e-07,ecf29bbd2a87b6d823c3eef53a90d7801a8774743a4771e718f6738be0616c22,42ad1c828185c9cc4bab0afbdabcf0db388d71f1e7ab5ecc265513ad38f5f93b
20261004,20261007,127,2.117182121276217e-06,20.0,0.0,0.0020967660636597163,0.0020967660636597163,-1.9915184148455722e-06,1.9915184148455722e-06,1.9603543943702562e-07,2b01ffee0d0618af9618792e10a3117df4e3493f3401aeec443294d3de3793e2,717ff628173facd7f5f17e812dc00ea56fcf78f303d2ee1485b5b85d8cfd7b3b
20261004,20261007,128,3.6908952456837785e-16,0.2,0.0,0.0037244184650351286,0.0037244184650351286,0.0,0.0,1.9603543544022273e-07,a50dd3080b8e12820c0f4b5c7ff07ffb4df5a70c56f7294064c3a56678aa36ed,c08f97c0b1becce7672afbaa01d717d537cbf9b8f7eea97a8170f9e24f540639
20261005,20261008,1,1.1174016752890753e-06,20.0,0.0,0.0014024773421994485,0.0014024773421994485,-9.917379688584305e-07,9.917379688584305e-07,1.8385293287792592e-13,b7dbcde8917ef2e5022467310acd0ccb3e658c7fdf359d336ff25319be6b670f,4987143694a76433ef688c0e34ed26e82bef941abd637d7c8d3d34c39ee99071
20261005,20261008,2,3.199297427476923e-05,0.2,0.0,0.028373027782382154,0.028373027782382154,-3.186731056814551e-05,3.186731056814551e-05,-3.077755234670576e-06,90622a62d7b4fa608642e693ef60396c7a1f4a8fc2d20d6a8a9203c2d8de2a1e,abf6e442d2dc1737deb1bcc80a203a1b07388f992edf413fb6f75a7e7e59e386
20261005,20261008,3,3.9807499202342e-16,20.0,0.0,0.005903646077799141,0.005903646077799141,0.0,0.0,3.9207122326523347e-07,5c313685b499a3fec09de17abeccd9cff888a279a99c4ff1a15ad27f2f76daa6,83a9eef2d791f30acb1ff632c8e616a5d0c2fc925ee05f2382c46a892016cb97
20261005,20261008,4,3.9807499202342e-16,20.0,0.0,0.0015614914320096762,0.0015614914320096762,0.0,0.0,1.1762131069126269e-07,df2487a766e02e2674ba515b38d5c2921e5b36f556e14549d3f79b3fe07d4402,db465468e0339f747536e221b6eded76dfb6ede3ce7c9019c741a21472722b9d
20261005,20261008,5,1.3722476713439292e-06,0.2,0.0,0.00652047148024848,0.00652047148024848,-1.2465839648312382e-06,1.2465839648312382e-06,-1.6270935248030582e-06,db676db32bfbc6c4f2d05a4f82afbf1a09e2d0ac5562214070c20ca8f9a39a30,6e736eb7877c74ff8a37f57a5a6cf44f5db4aac3d01610a35bd7cec4201f8a26
20261005,20261008,6,3.9207076337189903e-07,0.2,0.0,0.002238274181621147,0.002238274181621147,-2.6640705685920807e-07,2.6640705685920807e-07,2.7444963146550094e-07,37ba89d9db4ae4525c232067056134a51d9fa801709dc0264a3a71bff73c5664,b0183a142763180e5d198cd2dcc478e7d8e3e433e90c34b97874256270265104
20261005,20261008,7,0.00020511181975154104,0.2,0.0,0.004771492489646145,0.004771492489646145,-0.00020498615604491732,0.00020498615604491732,1.9603555445613097e-07,2d7261846356f016064e2ab3cda167a54eeb245550dea49b570e0719d746fd78,9aa93155ca4f09c0faeda7f0824e6da91940baa0997316d0505147af8de3c60b
20261005,20261008,8,0.0001026833328736554,20.0,0.0,0.0029316219209765126,0.0029316219209765126,-0.00010255766916722475,0.00010255766916722475,-1.3722454572651088e-07,eb7f034280e9a7c805f18f061838924623f2d3ff3371c3c690b097a3616c1bd4,fef2a83343ec1e889b9f2f954f7160405803fb2b71a3ffc4419fd2ad0a61280b
20261005,20261008,9,2.8705607769269337e-16,20.0,0.0,0.03526666094780517,0.03526666094780517,0.0,0.0,-2.1369872363452558e-05,059b60709a50b071033df9cf11cb7a6c8e05d465428449a79ee5f9c77759ffe5,a5f739ff52235669440069ace5b14e12e0ebe9f4dd4d3388dbcead9dbb186de3
20261005,20261008,10,2.8705607769269337e-16,20.0,0.0,0.009445476409938314,0.009445476409938314,0.0,0.0,-4.704833691526744e-07,c49ec3290672a45053e7351b4f02c54417fa85771b648bc30ba7ffe1cda04d8f,fd7d4e7803b4060f922d5e60dcb1c9f3e67efa744a2e2db10b12a7cd875c4e80
20261005,20261008,11,3.98078380155209e-16,20.0,0.0,0.050937775745482305,0.050937775745482305,0.0,0.0,2.940533430084713e-07,eece898a92c5491c87aa6cf2943ae3128752c005f17fe498eba5ab4d1f73f4c8,a224887d7c1f27e682b9cb6e16c6fe0f8c5394b5313145a825d6d03bfe060a51
20261005,20261008,12,4.691342800344778e-16,100.0,0.0,0.005380976194408915,0.005380976194408915,0.0,0.0,2.940531569350924e-07,5f9ee00f4627510932a2dc9bddeefbea75c38ba2dcfca74a30358dfd2bfa6542,41309d915bdf6e8af9931567878e56ccf27c3961c0d2193ee45bd484b38a6aea
20261005,20261008,13,3.6617393128481014e-16,0.5,0.0,0.001369592396977093,0.001369592396977093,0.0,0.0,9.636735853746359e-14,92f3a276594edea95b6ba8d59b8db5a33ab4109b0d0e510c5e46bf88c8051bd5,158060ba28c43d1837d121f12f7ba9545beaa3b09a58307b35187f8d5ca1804b
20261005,20261008,14,2.8706963021984944e-16,20.0,0.0,0.0029264565409425902,0.0029264565409425902,0.0,0.0,8.615330671091215e-14,274f790cfd390c3ac416fd40439e8ace4cbdfd156bcf0b2ea0b0e2bec7bea467,94a50acbe784be7ac1dad46923d667cea0fc33d5453f169f5407f817bc5fc79f
20261005,20261008,15,9.409698318208032e-07,20.0,0.0,0.0012093334767588892,0.0012093334767588892,-8.15306125279136e-07,8.15306125279136e-07,0.0,f1be3f950ec9d8f32c04d030ca009f5b12596f56b8e615fb7d123bca8ff41f4c,9f90894f27b5ea7bcd2d30cd739076503a764ff69a8625a2bbaa9b3497080601
20261005,20261008,16,0.00015222147380010822,20.0,0.0,0.0032444259532644626,0.0032444259532644626,-0.00015209581009367756,0.00015209581009367756,1.5143442055887135e-13,e3e27b9028938e85b33cd84f66cd0e599414836e788f2454393d70b1087e54e5,3f9ce887d6cc3141b83512599291cb6748506d0c7789148a3b2f23657d45e5b9
20261005,20261008,17,3.6909926544727127e-16,0.2,0.0,0.0013116149408953781,0.0013116149408953781,0.0,0.0,-1.3722469516253e-07,1ab51719fc324f92405b4c72f9004f2de343d713d49594f0485712436f3a1bfc,291d56004a25ae7882cb41dc14643d2742b610dfbf0585ee475c3cf9762047c5
20261005,20261008,18,1.509472438337889e-06,0.2,0.0,0.0037953832746445704,0.0037953832746445704,-1.383808731825198e-06,1.383808731825198e-06,0.0,7ecbef3e5bd154220ffd908648f038b2cf32d15b2281dd0d494e919782ab632c,d35465ccfdb40fc50609351a2b241d65ab1bf1bb603cecbf437e3db18e1e278d
20261005,20261008,19,2.8705268956090435e-16,20.0,0.0,0.010129433423058165,0.010129433423058165,0.0,0.0,-3.9207030289034606e-07,89820539d949af0e6313d07c53eec6116c9b999527efb3f209dc328ea2497202,a7e07080f6dc8bec9589fe808178cf389d7db9f9c78fdd4351e63a75d1f8e210
20261005,20261008,20,3.691030770955339e-16,0.2,0.0,0.0016227230960599304,0.0016227230960599304,0.0,0.0,2.864375403532904e-14,2c389c36786ff02d45739b5ebed5b751fabe5ee82dd0f53463c65d370356eccb,1874ae746dc1309daed54bb3ac51bbb28c8aa508dd066b4b14f565a2ffbc366d
20261005,20261008,21,7.41993919298355e-05,0.2,0.0,0.0025672804035226093,0.0025672804035226093,-7.407372822332281e-05,7.407372822332281e-05,3.672617765460018e-13,8ef8e31c10f1d91331c09723c4838ac4fe75f489e121c6d847546179c7f509d7,1e471c2770227221d4cdc50d39c480363b777caf426940514e24d99c88982263
20261005,20261008,22,0.0010439374157804214,0.2,0.0,0.019786342157036896,0.019786342157036896,-0.0010438117520739087,0.0010438117520739087,-2.568063368402207e-06,92e6513095a577031ebc6b28169d9963379cc67368ca6fd2a70ecf488e745d43,a9deafcae7f6b424a381ea7bbd61af20dcadf22184fd9b33fbca779d14699695
20261005,20261008,23,2.870425251655373e-16,20.0,0.0,0.0027375763342507575,0.0027375763342507575,0.0,0.0,1.9603546830282426e-07,32ff1b4a4875c6ad3b1e4d989dd17557f8e890daa9f0fc4687aae5dea6300938,085e0bc12e89dadc00513bef665408a8b058f925a67a0bbc804a0a995f52b322
20261005,20261008,24,1.0095822151684374e-05,0.2,0.0,0.0054501376976132665,0.0054501376976132665,-9.970158445282706e-06,9.970158445282706e-06,1.960365705322431e-07,8862119f85410f191a0c077bfed738b0c0cd9a8ba9990eef852f6795bea8d6f0,341056dcba80d237f71158fce0b0cfe68121d7262a4318f5db0c2231e41aacd4
20261005,20261008,25,3.98078380155209e-16,20.0,0.0,0.002609957307830091,0.002609957307830091,0.0,0.0,-1.671414695536555e-08,79768c07b51f4211be0a93adf7607be60e8877e16815c6f58d23c063aa5906d6,d6751e11b3c3fee7cee5ce2ae3c96011835ae88cdb55c7c27b71eb8ba04a313b
20261005,20261008,26,4.5088137766825467e-07,20.0,0.0,0.002269708487956379,0.002269708487956379,-3.252176712376098e-07,3.252176712376098e-07,0.0,78405794a85ca82c1d60ab719212f6bfd172665448d89d39c2afd9953e999b2f,198c10ecbec74fb6ef83131bd7c9b3904ddf8327f4e2038ef1e670c1552eede8
20261005,20261008,27,1.0291857533884058e-06,20.0,0.0,0.0032179121652617937,0.0032179121652617937,-9.035220468467386e-07,9.035220468467386e-07,3.136566859573975e-07,f6894bf7e98de0ea5f75c8e4594d318071d069dffe9946a98b195c070343bb21,a8a05b541449e0c456860881e656b651734c8d3acb81d15498d11ec47ef8a8ff
20261005,20261008,28,8.331503717939998e-07,20.0,0.0,0.0010639732370876231,0.0010639732370876231,-7.074866653633549e-07,7.074866653633549e-07,0.0,3fe6d0b06a4f252612e255960c5c3209201a8e84ceb477959e11046578f42f47,3dfff0904bb6e402f17ccd5d63951a577c560dd90dbb26f38449ab4e83a90900
20261005,20261008,29,3.9807499202342e-16,20.0,0.0,0.002504813688191887,0.002504813688191887,0.0,0.0,7.841421623133726e-08,facd7d01c62b9b0b01a5d7747e6e49fd9cf07c39138e98af5547c893b5a50ad2,39007aa87a8021db29d2a9cea633e8e2b1bc74382e4522373ed67e5315bac74d
20261005,20261008,30,2.580769629847556e-16,0.2,0.0,0.0028910328447689926,0.0028910328447689926,0.0,0.0,-5.096916757540981e-07,9a4e58f62b0604f701db0cd0893185ab71b15972071b2ea3ef5738bd8ddb0cdf,4d5a77d173fe177717089e96f5f0312d2a9b86f4638481850b3cbfb26ca7f5bd
20261005,20261008,31,3.6909926544727127e-16,0.2,0.0,0.001493045691372319,0.001493045691372319,0.0,0.0,4.796163466380676e-14,c48338330e7e624909483fe8eb7f372e1b442a4541c2036f4176c56a2e48fcc2,595c3cdcfd7b90166d7bdc2ff4a5d221dae6a493b48a81b6b5c13b51ce1dd58c
20261005,20261008,32,3.430619177918659e-06,0.2,0.0,0.003559317411039431,0.003559317411039431,-3.304955471294946e-06,3.304955471294946e-06,-7.05727154937108e-07,8c9b20e43df53504237a3741b1a59f4b9568f435824f2383a198757ba8c2fef5,e38d43bd604f0b2fe1a8dce85843bf0a134ad0a8a997dd0c914bfc338ade343d
20261005,20261008,33,2.3524245792339133e-06,20.0,0.0,0.005401755944856701,0.005401755944856701,-2.2267608728032684e-06,2.2267608728032684e-06,4.7048519702386216e-07,95a250f1908f8b35b67ed652e173f04121b8ad771900292f20d3e14536ddcafa,21939220e838e1974d25db88137affb27baefc2a453fba97bf5fb691127497f0
20261005,20261008,34,7.743397572580479e-06,20.0,0.0,0.005219482247060037,0.005219482247060037,-7.617733866149834e-06,7.617733866149834e-06,8.926193117986259e-14,de5b3a84e498e421986315680d6963e4728d8937ce4ffbf071aabba99a39fae8,7ee008415af335db5853bac6353ad383459a1e882b8733825eeac6c84ac8a0dc
20261005,20261008,35,2.9782356051819003e-16,20.0,0.0,0.0011024451807236657,0.0011024451807236657,0.0,0.0,-1.9603531820067133e-07,bfae1216e8d39cf3c52d7f446e602f3df89fbe198ff03f8d1b3015a11f7d827b,4ae675c252eb4d07e9ab8085b4e74715122160fb6f6cbd336e177d6a042d562a
20261005,20261008,36,3.9807499202342e-16,20.0,0.0,0.017544521896072807,0.017544521896072807,0.0,0.0,1.5682837857244891e-06,32df272dcb853b7df477ef3ac98cd57f1518ab4bfe4b82c3f102f9664dc6d166,373dfb1ea97fcfa6f69f24070fd69d6e2e2c6efb7dae1ed1ccf3047e4a6f1c94
20261005,20261008,37,6.429960516213151e-06,0.2,0.0,0.001483096906471637,0.001483096906471637,-6.30429680970046e-06,6.30429680970046e-06,-3.9207067659141615e-07,9f4d0aabd51a1e048f62557c45488a22cde995bb329a48d4f357f9a640d5409d,b938a3d2519fcaa649f1f98aef47f6bf3ca0a1b38eca9cb108720d3b71e59f26
20261005,20261008,38,2.9782356051819003e-16,20.0,0.0,0.0010511427213629743,0.0010511427213629743,0.0,0.0,-5.8810581737844814e-08,5b1b598e509ed831d48274fbcc915c49279fb5012fef1722eefd4e42e3c798d7,f4396d40f2ea2e54250631ab707488b7934dc5e4d14d4ea69677c063b16c24a9
20261005,20261008,39,2.5807738650122924e-16,0.2,0.0,0.0015935138409874927,0.0015935138409874927,0.0,0.0,0.0,074bbc74250e1c7730eec92046838a333aeb414c0ae5e8d066888bee9338201a,d93fa33406e78482c43e02d7a7c65998c5a94f1162fc22e43c666d9716f5872f
20261005,20261008,40,2.9783033678176807e-16,20.0,0.0,0.004190688564507217,0.004190688564507217,0.0,0.0,1.9603549938906895e-07,211d9fede6b6dacf19ba5ae8b4f81533fb275e3faacc51c2cfd302c9558e887e,3820d82201a3f38281322af68dabae1bf5ab2395a732cf6a27c6840ffeca1512
20261005,20261008,41,3.9807499202342e-16,20.0,0.0,0.001358947685465739,0.001358947685465739,0.0,0.0,1.0791367799356522e-13,7db39c587e3ccb6dd9890afb9e577d7bbbabdab1161ed2a37985182a0bc39f77,627f5f796d5974d54b5a065231128b55e77de8b934fb72bfc0959cb7a14b5612
20261005,20261008,42,3.6909926544727127e-16,0.2,0.0,0.0015911613870124297,0.0015911613870124297,0.0,0.0,3.441691376337985e-14,8924009c35296d2396632376ededce4db96be72e81a45d5ea60891c05e39351b,f37f776af9030ee8f9433ba7332c12823552003f6624f0d74c25e6d3c7453c1e
20261005,20261008,43,0.00011130888966344721,0.2,0.0,0.0023467798001561846,0.0023467798001561846,-0.00011118322595704555,0.00011118322595704555,-1.9603530110323675e-07,822e6ac4f9e359901c1d64b42ad8715ee6e88b00a3d46cb0743c84bc1b6f1707,faa84079b56d40065b54187f22e4d6fa5070781cd310b4084030923fa725e1b2
20261005,20261008,44,2.1563891976395072e-06,20.0,0.0,0.0031253931377214217,0.0031253931377214217,-2.03072549109784e-06,2.03072549109784e-06,1.9603542256163564e-07,3c2d1b283561122d1e38836d104d4e04d287d8a3caa71a54dacdd82f35db4e28,dbdcd4970cb80737a84b951fcca5d23b84e2a741ed2bed3ca355a7fbe8a7ddae
20261005,20261008,45,1.1762122905091274e-07,0.2,0.0,0.0011202844004477575,0.0011202844004477575,0.0,0.0,-1.176212116593689e-07,db738c3bfc523f1747d7a98f8f35f09efce7e07b0071dbf1eea87ac3196ac648,cb0c787f952267f7886d48294086f00ca6ee2a95c13e2ce0ef0a0fb7b526d17f
20261005,20261008,46,2.5484599629589324e-07,20.0,0.0,0.001467698313554644,0.001467698313554644,-1.2918228986524838e-07,1.2918228986524838e-07,-7.841408922182325e-08,29ccdf97ac1ef949cb7334e86a881743a25e24b050135fcf2648ecba961a2afe,cb4519c55089ab536f84e65e4391b0ac2ea764dc597f0d3c65ded736e42cd17d
20261005,20261008,47,9.311680627258348e-07,0.5,0.0,0.005232812653007679,0.005232812653007679,-8.055043562160691e-07,8.055043562160691e-07,-1.6663002693206863e-06,1e0e63d81840ee09a6876eaca9675ff509300c9485872029d6fb0f0743f78fc0,5c1557f147f256a1b19e021b69852ac42bdd9d7a074a1f38c06e3a0334b6e6fd
20261005,20261008,48,9.066636398265538e-05,0.2,0.0,0.002482377469043562,0.002482377469043562,-9.05407002761427e-05,9.05407002761427e-05,1.1762134977111316e-07,d90cce7e41beb61f1cdb49f022a6ba231a807906bf79c408d68cbf087b7da719,66452e41be5b30e2d027897d8962e169d61ec0672e3dee62bf19fc0743c3fe7a
20261005,20261008,49,1.509472438366865e-06,20.0,0.0,0.013581862424592472,0.013581862424592472,-1.3838087319362202e-06,1.3838087319362202e-06,4.704862845983371e-07,c7a8945fe4c418eb4ce56121f1aae42f64eaa0462d5c123fd82bc2b495d24c41,d6b6c88b8808da70b4bf992b9e8e1741f1cfa59f8a271adda0c27f8608ba60db
20261005,20261008,50,1.764318436803353e-07,20.0,0.0,0.0013660147512630783,0.0013660147512630783,-5.0768137138668123e-08,5.0768137138668123e-08,3.6415315207705135e-14,c4b0a0f13b3599d3e72dc6a23519e718bb0dc16e266e1545ebc9a8c91217f860,d6a9077ac2e0aeca8dde928ad248a116aa8c846c47ef09ecc064dd1b1f7ca4a3
20261005,20261008,51,5.881061450773274e-07,0.2,0.0,0.002048051249101235,0.002048051249101235,-4.624424385646364e-07,4.624424385646364e-07,1.9603538659040964e-07,29769f353e5049419b4b3b49c16ad19aa4eff5c86ec5631fac33f37201b3c86b,33e63be31759a2cc7ef0bd7678f6253743c1ce732cae7754887ef503bc804efb
20261005,20261008,52,3.98078380155209e-16,20.0,0.0,0.001773150833505821,0.001773150833505821,0.0,0.0,4.3520742565306136e-14,0f4fa892c5919de1079b3deb7d106cd07842fa7c5829241a2dbaa339ad2670a0,66c9cf46e282c00a9b8bcd93273c4f2e4ab78e9cc1e1841801cd3952906b69e1
20261005,20261008,53,0.00010194820019281516,20.0,0.0,0.0028656854203809035,0.0028656854203809035,-0.00010182253648627348,0.00010182253648627348,2.398081733190338e-14,103b3dcd31b37cf20d7d4ce785edd78d451429e2c96fc0ae8c8307b5809c148b,91e744181e93217cdaeee7418b9cb96128339ae11d1ae711be06e05304b4e0c5
20261005,20261008,54,2.9782356051819003e-16,20.0,0.0,0.0025703189886631117,0.0025703189886631117,0.0,0.0,2.7045032879868813e-13,b1da617ddd2a1545ebfeb64447075c6125abb78728f7724fcc567a51770158d8,cfdb9a2da85c980bc51b4194717aa685e170b2771b98d265a14a794dd6c54e92
20261005,20261008,55,0.0002049157843699437,0.5,0.0,0.002936091578494948,0.002936091578494948,-0.00020479012066343394,0.00020479012066343394,5.8810755376725865e-08,b8388b2566587f924711221750292fdce5cd2f62629b2f81a61ec7ae951f6909,214c31b5dd9bcd399e7751eade11f2b3de67ba64abc8207dc97bff2e3c71fb1b
20261005,20261008,56,3.98078380155209e-16,20.0,0.0,0.02456445138372121,0.02456445138372121,0.0,0.0,-0.12772123028710602,edfd143d5ea261f57b065dba5c45851724d8fa54b5fb99af3c3bf8618c025d8d,9c90d5b7b8aa41a8d5dd35dbe695fa81161a0163a8c73d7ca77a2bb9c4913a7a
20261005,20261008,57,0.00015271156225403872,20.0,0.0,0.010058547029077602,0.010058547029077602,-0.00015258589854760807,0.00015258589854760807,-4.704843323821706e-07,21ab7d6d438a0f32b5a85940679e1fec85fc37f9059eb3ef72666d7d4797eb5f,750992d87073d062100f949e906a91fec7145d8c5ea27e1dfd703b68e8dcca40
20261005,20261008,58,3.98078380155209e-16,20.0,0.0,0.002160810858126916,0.002160810858126916,0.0,0.0,1.0791367799356522e-13,5bc6cd5e74497e4817cd5e8c24a29626d4736a8ae8b0391a5c3a71d955ab6d6f,ee6ec4c9efda62a4693ac4b6614caff68d7d8d4f451b4ea163fa3d1100b15c00
20261005,20261008,59,2.9783033678176807e-16,20.0,0.0,0.002310474077799052,0.002310474077799052,0.0,0.0,0.0,cc846b4c35113129327a05eb9d0adcff1f106be3cb6bc067a0dc892828814b95,67caa9f0facd5b033a0fe92fc1c1da98c8709f491cd69db83e40b368a74b637a
20261005,20261008,60,5.48899068603015e-07,0.2,0.0,0.0022800003389473744,0.0022800003389473744,-4.23235362090324e-07,4.23235362090324e-07,0.0,8d5266de6ddf227072569bc213711b509543c961a9b478baee42007b21afc691,95e1566e6de534d7d19e1ea467be3d76857e8b90c8777c7d28c3ba43a5c3e35d
20261005,20261008,61,3.9807499202342e-16,20.0,0.0,0.0010347835687698481,0.0010347835687698481,0.0,0.0,-1.9603534751055918e-07,e234860273aa5ec15a799193cc6d184d9c60ae91b5188b455c3115bfc4b278c4,ff068f9d27a865c4e2d7b4b4c4e56deb7eccc578dfd9ea7ff0c4208b10d29ac5
20261005,20261008,62,6.371149904216384e-07,20.0,0.0,0.0031238640179270805,0.0031238640179270805,-5.114512839909935e-07,5.114512839909935e-07,1.7252865802674933e-13,6655410324be117cf365a78f5f20c4c5bef41e10595653c17577e5da66d1538e,01d0e75d941183f565d6deb7cf8527ec47f5183e1b96560fc4df62c584f1565f
20261005,20261008,63,4.163336342344337e-16,20.0,0.0,0.3213367317305791,0.3213367317305791,0.0,0.0,-7.566963335037258e-06,2491f9d37039fd68d7cea6609072b1192ff575fb30a91778ed1c76ad32a95813,ac7982422fbef190665bb6fd8e7d71ad37e698418e91cca6d46040d528e1f8d7
20261005,20261008,64,5.88106144884259e-07,20.0,0.0,0.0012962947756099963,0.0012962947756099963,-4.624424384536141e-07,4.624424384536141e-07,1.1762128915293601e-07,8e5d36c76f4e3e70410caa72161bc0cdb25158ae5a854ccbe3e2e4f6d5b234e3,d1720b53b171eace0218633a21b93a2a442cbaf178eaefeca6b1b1ccf11a28a8
20261005,20261008,65,9.703751388495562e-06,0.2,0.0,0.0010938196256474741,0.0010938196256474741,-9.578087681982872e-06,9.578087681982872e-06,6.483702463810914e-14,a297bb7a4bb3d4b29dbc0b31073d62a0f690bd903fc2fb2e01695af17c526daa,4109bad3f450ae8e6baec234ad5feacf6ce78b60746dd0994d6ecb07e0b35abf
20261005,20261008,66,3.9807499202342e-16,20.0,0.0,0.002718276651435869,0.002718276651435869,0.0,0.0,-2.7444932437781233e-07,aac09ad0e4d34ab125552f383772f2096b03d84b2f4c3aa5cef74e56d61dca9f,31b1458a5106886f38bb8470250af65337525763b48306e15274f43828a49b69
20261005,20261008,67,3.185574950926872e-06,20.0,0.0,0.008479991722410651,0.008479991722410651,-3.0599112444962273e-06,3.0599112444962273e-06,-4.957891979184836e-06,77bfe15a9304eba362dce68f88e7d1393a25409d2833acf3295d3a75f152dc1b,b262ed392ae3ee4d810f08290dad4b8f405531375b7271e5ffcb33418eaa88d6
20261005,20261008,68,4.214760704293358e-06,0.5,0.0,0.00293782644080387,0.00293782644080387,-4.089096997783592e-06,4.089096997783592e-06,1.3722479996758352e-07,8fe11ee302d0e44a5ab00c24f80ed23e44b5c1322037f5571da20138467dfec0,99f00d9bcadc564b67861f4cc203b6d9b28c6b978940cf9405f913b611ccccdf
20261005,20261008,69,2.8705268956090435e-16,20.0,0.0,0.0018822739286646906,0.0018822739286646906,0.0,0.0,2.744497065165774e-07,ce18cce0ee92b967717c60ca0546512c64fc7d07790cfa32f16b9b337c29ef6e,9111736d4955b75b42765a3e981dc152916945ae9cdbc7a53478faaf959726ec
20261005,20261008,70,2.9783033678176807e-16,20.0,0.0,0.0035514171851618315,0.0035514171851618315,0.0,0.0,1.1762128693248997e-07,4a6d8f0d04f2888e2f99ecfc026b47f67f21976ca7efebfd70c2fd7269fc6351,ffa2ba3175a4e1adbf843f086445838750609dd74465a80c59f1c267ee900f76
20261005,20261008,71,6.86123835707997e-07,0.2,0.0,0.0013223380682464425,0.0013223380682464425,-5.60460129195306e-07,5.60460129195306e-07,1.709743457922741e-14,fd9c6c9bfcf88fa568b26a3fee4040edbf5d7f63754741f33a7010c2b3467fef,d690e24583fd50530e51d8ccc7e87e4a21e8ba074c686bb67f283a282edcc80e
20261005,20261008,72,7.939432954478975e-06,0.2,0.0,0.002745858838288595,0.002745858838288595,-7.813769247855262e-06,7.813769247855262e-06,2.864375403532904e-14,b63686e0d6c092fdd9ead65256600b8adba22257f4c6ce0e628fdabfa252d0cd,c9297bb808de0aeb02504036447f8f5963035168eafb8b1bba6d873c2c081bd5
20261005,20261008,73,0.00020264177394317123,0.1,0.0,0.004639168508725922,0.004639168508725922,-0.00020251611023702765,0.00020251611023702765,9.801774458750856e-08,4bceda0927c440069f50e476f0cad0af5b62cd9b9fe05b7bafdcc2ca506033fb,6509fe88aaaef01b4b66dd87ee40662b76fcf48c5d98fb2183c69df00f629a40
20261005,20261008,74,2.8705607769269337e-16,20.0,0.0,0.013166071501421572,0.013166071501421572,0.0,0.0,1.9603553558233955e-07,99184534c1bf0ce86e645c5acd5540df19810890f0db970c041ad97929c6a2c9,118c1c120e5e9a7251bb13f673f531a07f2c3ce11e1d4ef72fbfa6cf0a82937d
20261005,20261008,75,1.754516665358652e-06,0.2,0.0,0.005468741234744168,0.005468741234744168,-1.6288529589569833e-06,1.6288529589569833e-06,-1.4114544080179314e-06,39fac1fcef144d4bff8d1e3f4fae565950c976ef5279900af26f264f61cae55d,33ff64f4e9b759f24e9b555be487b4b6e11bf5f0098ce33edb1d2b4c1d20421b
20261005,20261008,76,1.3134370566614368e-06,20.0,0.0,0.0018792353802500328,0.0018792353802500328,-1.1877733502307919e-06,1.1877733502307919e-06,7.841416982401483e-08,d54df5ea841a318afbdfbe54f43ad27678dd8dc16471b1d54ad5017ff198f367,1cc3c610b4b8ec2dcf831d17f275391b6866221c49da7f463aea7c9fb22f46dd
20261005,20261008,77,1.6270936674277593e-06,0.2,0.0,0.009770640334559433,0.009770640334559433,-1.501429960804046e-06,1.501429960804046e-06,-3.979517535723787e-06,7589686df74aa5a4bdc5e0710dcae151f0ff50e3540b4867dad2745a1cad24cd,2bf975d1f96e2a7031930e3ffdb8f617a942b8d80c2c6ea437da714f36abf9d6
20261005,20261008,78,2.9405307251918486e-07,0.2,0.0,0.0010544165122353677,0.0010544165122353677,-4.272566023200142e-08,3.1164605895916964e-08,4.04121180963557e-14,f09b4f6275e8b0fd5b56ba308c0a4ec220048caec62ab9acea2692ff4219b078,4c8e12aec4cdba123fa0da610ade369fdaa6c0add79c4834c17c53c981a4fca8
20261005,20261008,79,3.690996889637449e-16,0.2,0.0,0.0178676470463216,0.0178676470463216,0.0,0.0,-2.7444943222487694e-06,9b83f80fb5e5c54a703599647487c501c13d439ede9449e4723b4ac93fb289d4,1abb7346b7abfbdeda246a5a33d3957104b07f3d194f224fe373a18c145607d7
20261005,20261008,80,3.9806482762805295e-16,20.0,0.0,0.007846611206281495,0.007846611206281495,0.0,0.0,2.1563916829947516e-07,1b57bf182d2edf2798db8cb3800cfe1e2caa4b92a96cec868695f6cfa42305e4,2325242d03c6838cb9aa426813606aa70f6fa07b44163371f03368942d089e44
20261005,20261008,81,3.6908952456837785e-16,0.2,0.0,0.0024194991600648974,0.0024194991600648974,0.0,0.0,-1.1762119158653661e-06,4903f9d75bef7c35c28c548769ecace50acd71dca3172a83f54b51efb29eff17,41d60e32dc2a65dca17c5b8a7b2c594db701e87ed4654c94e024fe642750b76d
20261005,20261008,82,1.2291418425393063e-05,20.0,0.0,0.01073866310324112,0.01073866310324112,-1.2165754718962418e-05,1.2165754718962418e-05,-1.4266102783988543e-05,5c51cc3aafa9c38c4c1d71ae93da720b7aff7afb40a751128704ecc28b4c38f8,b2e242ad2fbf09c05d72438cde04b8ae642ea5fe99f47785ece1bf7f56fee344
20261005,20261008,83,1.1664105206044101e-06,20.0,0.0,0.002217886501936439,0.002217886501936439,-1.0407468139517206e-06,1.0407468139517206e-06,9.801770328721204e-08,0e8743fb42bfeba28215a03e01a9113018ac4ac8668497aced6b0484f4472567,a13dfe7f51d1a832215002d163be17876c20b075c394a4f27ed46c9e952aaf14
20261005,20261008,84,3.9806482762805295e-16,20.0,0.0,0.002390995545644148,0.002390995545644148,0.0,0.0,0.0,9171e7d5389255fff5308261881b7e5262f44bdb39d1b4223852bf5012a3990e,7012708b4ffc5f04154e59526a7eed2a671e0b6ace350256b8008d3e2a3ba8ed
20261005,20261008,85,3.9807499202342e-16,20.0,0.0,0.007476545414696334,0.007476545414696334,0.0,0.0,-2.4422536875068346e-06,1be01674bbf8029e529c47a6dfbc160df20403c5e19d0c691577bddd8384da61,f845f87875798182c7dc7f9b1ac0109922487eaf0e2fc271e615f8936fb1cafa
20261005,20261008,86,3.33260148882475e-07,0.2,0.0,0.001442194123172813,0.001442194123172813,-2.0759644236978403e-07,2.0759644236978403e-07,-3.9207069435498454e-07,d4ec6193a6a7664f15c7d6dab4e3b169daab2cf5f7ff3616e05b90dd162c38e9,601cd26ec6328cafe8bd8a5d14f0c412bb2a7b1eb8bf48e94134c739415e0698
20261005,20261008,87,2.580769629847556e-16,0.2,0.0,0.0028636956612578812,0.0028636956612578812,0.0,0.0,-2.9782296071534375e-06,35bd2d38d72eca2698628f4e1cd7639d390b58aeec4c2f265fe83a5641744127,8cf0053db60e73a93f2df320b11513f99a51a2a745a5f13f0fbd14044f0505c0
20261005,20261008,88,3.6909926544727127e-16,0.2,0.0,0.0018802645660034312,0.0018802645660034312,0.0,0.0,-1.3722466074561623e-07,dcd90d183458e38a3bd379d74f727f5b0816af327f395a5821eb082277f0f181,2af865c4f6338f9f63e36a1ad1f9df70fd7dbcd05ceabc6cc0be612f3e4526f7
20261005,20261008,89,0.0004512734484064429,20.0,0.0,0.009223279475224389,0.009223279475224389,-0.00045114778470001227,0.00045114778470001227,-3.058151311741142e-06,230c78f843e26309d1903d0607799abd6a10c4be00f846b7405ef67da976b729,28c456dd0aab03f3aac144923e5f632803d5432c9d1dca0496ba9bd237a88dd3
20261005,20261008,90,0.43876653015977385,50000.0,0.0,0.001707508385982548,0.001707508385982548,-1.2465839646091936e-06,0.4287829462078948,1.0909983857457546,14ce4d5963d2fd5dd84edd9bc84c1a44f32e6ec217ba37f0550f9e43ebf17100,e48d8b3fd1bf74361b8f66bdcb80497aa975a2813c665e8bca8a90c72870f109
20261005,20261008,91,3.9806482762805295e-16,20.0,0.0,0.0031966324094602205,0.0031966324094602205,0.0,0.0,-3.136564208361392e-07,53faff2374b1c95ae23d1d29acb5ee995a176b8b9d49ea81e7130d1f3dcd56f6,3d4cd5df47bcb8b2bce462f902c5259b3d1e560627a94e620076aab6ca170325
20261005,20261008,92,3.6617403716392855e-16,0.5,0.0,0.005430710370716629,0.005430710370716629,0.0,0.0,4.7048499030033497e-07,98eae503ff78d664db10c4de9fa93b90addd13a394634f1892aa840141bdf6ba,4fba984416624cfe3f43f1b61877559f086b37b68aebd2cf93e2ac48e1b52320
20261005,20261008,93,2.9783033678176807e-16,20.0,0.0,0.006518216650054032,0.006518216650054032,0.0,0.0,6.326050794314142e-13,df7ec0139d2d37870f8f2c7121465f1cba6c8424f22c4609e44a6c1db81dedbc,c6cf248b5b93f4095b9c043f3c1d05d68339f2cbd174a05e4eacbba07f4119e7
20261005,20261008,94,3.690996889637449e-16,0.2,0.0,0.035343841363225326,0.035343841363225326,0.0,0.0,-1.6819832930892176e-05,96084c63ff48d34a8ed2d237a84ab99070035e2c7d11b87977f32e19c7a0e41a,638ade4e3fc139c9d51a13b3b22c25e3d91c42f41e41e45df4fa8b76e880f6d3
20261005,20261008,95,4.801219914262606e-16,0.2,0.0,0.002651418748309542,0.002651418748309542,0.0,0.0,-2.3524230829963244e-07,e206d59c547b45eb5f72a43b711b4eec81353fa9b73766c44942a88a42708dbc,58cbe8dbf9585e9304ed23c68cdefdf6c85a9c2b6c608f968753b34a87b50ecd
20261005,20261008,96,3.9806482762805295e-16,20.0,0.0,0.00298346347763645,0.00298346347763645,0.0,0.0,6.039613253960852e-14,133c4efd155ff9f72b186fe03347576826d99d340e5e8fcead42c10c57f5fad4,3b8519b99039ffe669533410503f57ed40aa1fc81dc032124c64dbeff592aac1
20261005,20261008,97,3.2483062728477686e-05,0.2,0.0,0.004390448786155132,0.004390448786155132,-3.2357399022076017e-05,3.2357399022076017e-05,8.415490526658687e-14,3108f0eb59e0f487526b26ad11d44b3af2ee54356c2c832b6379292225f90038,a3b52808e99913f6a17bee007f727339b258147ae316335922c89f2909f07396
20261005,20261008,98,1.6663007434579825e-06,0.2,0.0,0.002002473073015043,0.002002473073015043,-1.5406370369452915e-06,1.5406370369452915e-06,2.8110846983508964e-13,67afc377dcc5c8be08d3a236cc2bba3872865c087642296fc37f46c71cb92c5f,02473002e9cd602599ec3f41a7994220cddac53dfe568f2f07626734232f0d8a
20261005,20261008,99,0.00018146015096342063,20.0,0.0,0.004050680157293041,0.004050680157293041,-0.00018133448725676793,0.00018133448725676793,9.80179177823004e-08,6045da27ee81bbfffce600c9f73033325cbe6a0e9cc6307bf2cd19c0f01cc104,0d890b8c8e5376d9b8ba0504725c788d0e38b21f3eb26c396a8faf073201407f
20261005,20261008,100,7.162152666183698e-05,20.0,0.0,0.005220589958868871,0.005220589958868871,-7.149586295529531e-05,7.149586295529531e-05,-1.9603513989885357e-07,3c2a53195007c690cf2e6ff12c65dbaabc5179a36f47d7055729d1123dab6299,9cd5e08236a86a8d0f8d269ba50edfdb54c866d09c559efd64c1d3d4bf025b44
20261005,20261008,101,3.6909926544727127e-16,0.2,0.0,0.003956720336586561,0.003956720336586561,0.0,0.0,5.881069009561202e-08,e9fcc9a5cfcf2c59ec6ff7eb3dea473f81e51e060de9983e342763fc8c0afbc9,b9959bd52f19236fdaf9735ac139b78d2faab447f99abab85ee64131ba97b6cb
20261005,20261008,102,0.014887530576162877,20000.0,0.0,0.02206735249155234,0.02206735249155234,0.0,0.008604345268983238,-0.19404539796454734,a98cd1eeee5564be0f281264dde9426e34490f3aaa290df1b656d1d82de0fb59,c85bca5b1019e64c1a0a41fae417edfd6b6b88cf3958372f41eaa8324b371995
20261005,20261008,103,2.8705268956090435e-16,20.0,0.0,0.0010310686982888395,0.0010310686982888395,0.0,0.0,0.0,be25d6f84861fa7456033a6314cc1108ccec50cbf62ac597abb95759bc68f588,632ebe3233880bfc6e3128cca32a37ca18c2a97590fbd410d1188be8d92a1c73
20261005,20261008,104,6.371149901481233e-05,0.2,0.0,0.0016100199907207458,0.0016100199907207458,-6.358583530841067e-05,6.358583530841067e-05,7.216449660063518e-14,e176b938ceeeff41dd7b92ba8fd4e2fc9add1280e99a5e80b2ad9dce4dd59a65,5e51e165b00fc565024cb6cb7e8251cafdcdd2ddc4937b1f209e523681e49c1f
20261005,20261008,105,1.1762122897784994e-06,20.0,0.0,0.006782707586887038,0.006782707586887038,-1.0505485833478545e-06,1.0505485833478545e-06,4.900885510750186e-07,43a8df2c82698b45ac767b2310d7d19583add6c3110935d433d43347147f8437,0282f824680072f659bf335a84bec31488beea7f3fc4fe39ae3d9c2780a604ad
20261005,20261008,106,1.176212289638501e-06,0.2,0.0,0.015659797374693585,0.015659797374693585,-1.05054858312581e-06,1.05054858312581e-06,3.9968028886505635e-13,f4b396671db0c3ea61d7a9ca525e260ce25f16eb98dfe30a97e254fa5b9453ca,0a8e999bf3dcebfbd4723c01735b52eba8413d414133c932c1a281c2f685195a
20261005,20261008,107,0.00014349789931925866,0.1,0.0,0.0023098271299877293,0.0023098271299877293,-0.00014337223561311507,0.00014337223561311507,9.801774414341935e-08,cc3d5bda4256f25b235bec7c1472b0ffae9ced0dca1e6b32bf83553c4322e1f5,1133da4e3f7af4987956295b9b5a1cfd0733d1931794d10e95eb551c8bf6f1e9
20261005,20261008,108,2.9993413385065554e-06,20.0,0.0,0.018054645185248352,0.018054645185248352,-2.8736776320759105e-06,2.8736776320759105e-06,-4.587227342200961e-06,7556d52526a547cb672c0ed0d9f8087042ba5e83519c978dc44d4c5fa06a43a8,e1d4a168a448e067fdcf077cf54c281798a62110cd174f7695d03303db372c14
20261005,20261008,109,2.8705607769269337e-16,20.0,0.0,0.0011691462193076374,0.0011691462193076374,0.0,0.0,-7.841408344866352e-08,24cb4b465fda743b6e7458094da8f17935a76b84947432b53f575bea622a0868,fc70836a0a41b15225152feecf775022b426af58e84a2efdb2cdae762e94079f
20261005,20261008,110,4.801389320852056e-16,0.2,0.0,0.0031200905016934843,0.0031200905016934843,0.0,0.0,1.438849039914203e-13,44e68c8ee7da0119f7a3dd158e7d5b88fc88174c8026eff5ba591ec57fcc3c44,797036a41c6f241e9e61054ffe423f5eaa81fc4d27159c3e3c8a8c94745924e8
20261005,20261008,111,4.801389320852056e-16,0.2,0.0,0.005172992752018324,0.005172992752018324,0.0,0.0,5.68502801501225e-07,36d04953018805092d36c2cda4b5ded29e9b0cbf4669491982193c12e9b2213e,e55118b11f6d2c4a57df0dad202cfd61684a5d89feba86c3b912b301c87d7302
20261005,20261008,112,2.6464776513984612e-05,0.2,0.0,0.001242679090939669,0.001242679090939669,-2.6339112807582943e-05,2.6339112807582943e-05,-5.881059921275522e-07,3bcd471b6d4fd123ac6bc9633a878c71ee130b332048b7e8fcd6fbbe6934dd11,17245dfcbf9d9cefcac5e641ed1d8b272a737d7788d2ae995c2925dde3fab25e
20261005,20261008,113,2.9783033678176807e-16,20.0,0.0,0.0019186385102156756,0.0019186385102156756,0.0,0.0,-6.665199554500845e-07,3c3e2c10117111098b133d62019076ef300ce1cae790a5236452223ea092fa36,a094d3a0ae24760926bd4dc6c81169d1a6cadb46c1a3bf50fb3d9ffa22b97984
20261005,20261008,114,2.9782356051819003e-16,20.0,0.0,0.003000567606513904,0.003000567606513904,0.0,0.0,8.637535131583718e-14,1d9d7e33f53a0b69acc74876621a45cd7be3acd0190b95b13e9ada91cca82d60,7a8b6c7a3f4a0afc853f7427d8e7f8d2bae5e3862366556b72e1354cecc19abd
20261005,20261008,115,0.00019197744918541095,20.0,0.0,0.004488858379896321,0.004488858379896321,-0.0001918517854789803,0.0001918517854789803,-7.841411697739886e-07,446fd7c22cb6fc618647c7f35ecff98caee1bd29e20659b1c1984e1669629155,1fa6361b6967948862723503793f335cc0567b02c47516b1379afe868de2d5d0
20261005,20261008,116,6.096700367263065e-05,20.0,0.0,0.002054589050827005,0.002054589050827005,-6.084133996608898e-05,6.084133996608898e-05,-1.9603516543398314e-07,b0afca9987b9d46255603f85f95ec17f3ebb1f3aa790b2c7df0a9d15d564f04d,e1fab2ff5eb111926ebacabfa0fc87cf9d28b4caf9f7607cd80bc5f299d9698e
20261005,20261008,117,1.372247671232907e-06,0.2,0.0,0.00287634008966009,0.00287634008966009,-1.2465839646091936e-06,1.2465839646091936e-06,-1.1762112128721469e-07,c0a9c728ae51aa4b2f9db558831ba733d81204b1f3601478bffff279b8983d21,12836cb722fa1cda4359087f6959a19eb31840c59c117e960685e9089fb26b2a
20261005,20261008,118,2.870425251655373e-16,20.0,0.0,0.0030514289869270073,0.0030514289869270073,0.0,0.0,1.9603538126133913e-07,a83370c131df85fcaa2827d89aac21498ea8f0a2c698038f2197dfd724f12ca9,65a8250f8da7017e92d19cf9ad1ed8ea2978324e50151a6b08a0450da8e3f8b5
20261005,20261008,119,3.9807499202342e-16,20.0,0.0,0.0011102375871414605,0.0011102375871414605,0.0,0.0,2.864375403532904e-14,2305c1753d6b008e05a2fb02328c6bd1215c23bc15a6b9a05360c6dd6f049236,ee125c6865fea1be0166c7f016b13b2cc5f3a904359a541bbc2beac53ea4c667
20261005,20261008,120,3.6909926544727127e-16,0.2,0.0,0.007378674750440628,0.007378674750440628,0.0,0.0,-7.057269888477435e-07,093d42717375bd066e51a6a335962763c8c4640a6c43c0ab6acfdc05de2da32b,0c2e9dbdb8a3b7a71f5ac2742bd5a009a79937b9feb6823c5ff1b55568f63b48
20261005,20261008,121,4.801118270308935e-16,0.2,0.0,0.0017523122876552666,0.0017523122876552666,0.0,0.0,0.0,aee0b343455a18e1b718717e808c749b2289c22e2ff4d7b4be188ed57d27f693,fa771104be70c6e23818684bf5503e534e269f35a1138486c2e4199d4247ad89
20261005,20261008,122,3.980919326823651e-16,20.0,0.0,0.004549011911241463,0.004549011911241463,0.0,0.0,1.9603559753278432e-07,7368fd9e1a264edf91b9da089440120f1832a94b4aa1765feb57d4bd53a0c3ae,b1c046098e70319abf76ebf8b00984db53cec621045ea9d731616e728bb0c9a2
20261005,20261008,123,3.0385484147588232e-06,20.0,0.0,0.0177593080729902,0.0177593080729902,-2.9128847083281784e-06,2.9128847083281784e-06,-2.8229092676745893e-06,5d5ac07162276f459e23ccdd19a90202a706fdbe88cf38ec1861b422628faf5b,e3884eb1cf86ec1941dd69adfc5fa1411384d5fc22e36f73e2a192f9f6c5a4bd
20261005,20261008,124,0.000309971145360871,0.2,0.0,0.003782689999329847,0.003782689999329847,-0.0003098454816542473,0.0003098454816542473,2.162714451969805e-13,a4242350c39f8679b3c3101adb76c558216e72c9f4a2a1a7cd30fa50810becd6,b75cef6bce83c002028b2784adf0200a0e10557e4a4034f561df7cff81e73603
20261005,20261008,125,3.6617403716392855e-16,0.5,0.0,0.006540074595100531,0.006540074595100531,0.0,0.0,6.905587213168474e-14,f07e4d0587ef9e5d20ceec6249163492fdcfba88bbe863a7c2e50eaaf5d35678,73695f546c1f772ebd8c8d81631db4d6270346b7594e7f32e86e5e3eb69c33bb
20261005,20261008,126,3.690624195140657e-16,0.2,0.0,0.02496509704826322,0.02496509704826322,0.0,0.0,-2.001489076275398e-05,9ca65ad7d98e712b4b47edf7f8e68768b90789a877c4ad20c80402e44da6fd13,e0801b8df7a2b22996616298b2b94226a92a1e21a9a9adef7699a1c54387659f
20261005,20261008,127,6.86123835707997e-07,0.2,0.0,0.004909648326466565,0.004909648326466565,-5.60460129195306e-07,5.60460129195306e-07,-2.940528740502657e-07,d745f95a61d6c7cbcc53f211d23b7e28d637ff7180d1a49bb1b19c9ffcb27867,10cce0505e08df67396abb4fc4dcea8467e50bf2d11ec73b0bde7c91147a5af2
20261005,20261008,128,0.000170482169594549,0.2,0.0,0.0024929830269863062,0.0024929830269863062,-0.00017035650588814732,0.00017035650588814732,5.417888360170764e-14,0f1a3f06f79618557fe28eca99905ec9dc3a4db0d2c6032e152a0851e2baf815,ae4d501fbfd778b72ff6a968ccee27f28db7c5af33260c0d396c6b75e6213f05
20261006,20261009,1,3.920707643242951e-08,0.5,0.0,0.0030099772629959,0.0030099772629959,0.0,0.0,1.1762127227754604e-07,31ea0cd77091119cc0100c057ff788afd9fc73e1a7790fd1a166e1ad6927ca08,ea8128c34b911fde1308a0bf0ded2facac46580f49a6181a91bd8f5c388e466d
20261006,20261009,2,3.9363904622074964e-05,0.2,0.0,0.0013774828309766063,0.0013774828309766063,-3.9238240915673295e-05,3.9238240915673295e-05,-1.9603525491795892e-07,1579ebe89f1843039871a7590e5439e70ef251fd4ff33d7a894ccc2183431333,71793e1e91cd323dbaf3e0c6cbfbbacc45bdb69a854fed8ca207136002dedcd9
20261006,20261009,3,2.9782356051819003e-16,20.0,0.0,0.0026066639500532673,0.0026066639500532673,0.0,0.0,-6.665200398270343e-07,3e6a6062808640641dbd6927120a5aca6104a5033c98dfdc4e6f3d6f757418d7,c9ba581c03c5eb03483d0a47354a26b1c756b391b9b87b26abf3fbfd8ae7562b
20261006,20261009,4,2.685684727822279e-06,20.0,0.0,0.0021929312291428804,0.0021929312291428804,-2.560021021391634e-06,2.560021021391634e-06,-1.2546260883539162e-06,11c6de49c35beee764e75a014b32d9f37fd935e99e555a22bb927f035781250c,fd5142cf1cfe069c752a0412863e690e72eb456e874198447d0f5631d84695ac
20261006,20261009,5,7.939432954285907e-06,20.0,0.0,0.06758177365913909,0.06758177365913909,-7.81376924774424e-06,7.81376924774424e-06,-2.9111249119306848e-05,47cb1d952609b2288020f84dc865a9fcbee79e99ab0003078546a96fc08655b8,5613fcf621d8a9fcb5621118f4debe23f2438f87c47bce822fce74169922c209
20261006,20261009,6,2.8705607769269337e-16,20.0,0.0,0.001668546353892797,0.001668546353892797,0.0,0.0,8.659739592076221e-15,7446b0bbd239269e78bb6147df1fffa37e9c4deda2f772c842c7c02d9a6643aa,47b8cff30c04fc6868117d642e1ea42eb9cca36eb44605aa96cb483cec85dc8e
20261006,20261009,7,4.665642081670429e-06,20.0,0.0,0.012190657244492309,0.012190657244492309,-4.5399783751287615e-06,4.5399783751287615e-06,-7.013894069762827e-06,200f1247eec3c7a5a79f1bf066c3392aa7269ffb1e712c594ada6daed37a7c20,b771f6294eab084fdcd44a0b904308b4dfc431f613dd8cb57b29dd9ffaa7d02b
20261006,20261009,8,2.1955962740848435e-06,0.2,0.0,0.0010504565985893777,0.0010504565985893777,-2.06993256746113e-06,2.06993256746113e-06,0.0,6951665480eed2c1c9b2cc64dc8e5ceca343486a8ddce8cc334bba5f76333978,942655ed73196026463bad254c33a06e4033fbe41e0b9d64ad26fcf45ae597ae
20261006,20261009,9,3.6617403716392855e-16,0.5,0.0,0.004489975781571398,0.004489975781571398,0.0,0.0,2.548460282802978e-07,a1efb55f6ad7d04a3e29eb702f2a8887797a39d0fba15726ca115f33b4be3b74,689b13c2d55dc92c39a044f83bfa3e7f373bc8bc689572a7a7e7f636d5b9bf77
20261006,20261009,10,2.8705268956090435e-16,20.0,0.0,0.016475294760314063,0.016475294760314063,0.0,0.0,-7.057267961130265e-07,d5f706a12c6391d97aa11c3bc26acde8cb545b64431a9fa81d77ab04bcd260b7,820a7bc327a9e71c748b9a19bae12dcc5d4c6bc84436a7615f1c78b943758eb9
20261006,20261009,11,2.8705607769269337e-16,20.0,0.0,0.0011182652384823522,0.0011182652384823522,0.0,0.0,-7.84141409582162e-08,5da0139f2775a0789b4cbea5f26ebd537021239624be6c718b109f6b2866393f,e8bdae133db55793ec9e0404f098f0ccc8460b55c459c9d985dcc2a33e9a04d2
20261006,20261009,12,4.800847219765814e-16,0.2,0.0,0.018941430943152815,0.018941430943152815,0.0,0.0,2.352426567764354e-06,f131be321f99f6da8a6488a361844ff76f9db7b91781475a319ab3f10a063307,0212cc5b3708b4dcc49afbee2a97626586018afc3f0a58c93347fb06e445b2c4
20261006,20261009,13,0.0013108820970408885,50000.0,0.0,0.005059419463995574,0.005059419463995574,0.0,0.0,1.9448136192877927,ed47e0510c2a882fcc277c93986ecafcad26c20d97d670ef27dc5e103a6904a4,d2a499de2641bb51cc731d1f484c58d494e061c27c248ee2640f236a4c454130
20261006,20261009,14,3.6909926544727127e-16,0.2,0.0,0.0038689945789168734,0.0038689945789168734,0.0,0.0,3.1365662023219443e-07,8f2f6bc8911db1f8653a8d0ae451ac5364d390e528710a67dc8c7d7c100638f2,29f65fbfe2790362be0dd307f73719a67f499026966b9bce4edce469a7d721fe
20261006,20261009,15,1.3849899709164366e-05,0.5,0.0,0.0028091685097413333,0.0028091685097413333,-1.37242360026546e-05,1.37242360026546e-05,-5.881058862122757e-07,1e2957ebc68ac87a9fe7bea734fbaba1d5181237105f8fc473c4ad27f4b2aaa6,3ecc27b758a8dc650744243191bda4ab939ffd829e15b1930e52c49b1a6b8854
20261006,20261009,16,2.9782356051819003e-16,20.0,0.0,0.004615634556021542,0.004615634556021542,0.0,0.0,-4.068924045030897e-06,bd1281d29bb72eb34eca7ba6205361af967fa1a941b69dbda8e096a082c024b8,6be9a28112c9fa7bf78b8c84a2840559bc6cb6341cce723b03018ed5ad6b5b2d
20261006,20261009,17,2.9782356051819003e-16,20.0,0.0,0.0023962786991780227,0.0023962786991780227,0.0,0.0,3.528637626537545e-07,016cecfc726daed190cd7eca06258879155118ccf74a2c0307ba473eabeccab0,84a3f1b4681cbf026d0f04425c4be424a91976ac595c417b51bc5ce2f8a5a968
20261006,20261009,18,2.8705268956090435e-16,20.0,0.0,0.0015597369153445007,0.0015597369153445007,0.0,0.0,1.9603538170542834e-07,df1964e43abfecd61ecbc874e2f4f7eb899ed83fd57a0d11db03b59ab385bd1d,cdd94536824de88df922bbda6abd7fc9c8426f7ecd99c19d3eb1f06c57f98de8
20261006,20261009,19,2.870425251655373e-16,20.0,0.0,0.004585601840708109,0.004585601840708109,0.0,0.0,1.96035429667063e-07,8a61612b88ee4ff75cb370c147003d3b2dcc2f6ad432791ce84636c981a9c722,61a42e4d959a80292e4705859e32280035d6068564435e54f7c811a0633da7f6
20261006,20261009,20,1.1762122896886664e-07,20.0,0.0,0.0019385361066026618,0.0019385361066026618,0.0,0.0,-2.744493905471046e-07,55c8b87f4116cf1022a66827080875058ab562b51e36ead48e540e0a2249e5e0,ac07ab9988f76e300e7eada6129762e080a0d82d07da9fde6904fdb8a3fa24b1
20261006,20261009,21,9.801769095375503e-08,20.0,0.0,0.001931204359908012,0.001931204359908012,0.0,0.0,2.886579864025407e-14,87bbee1d83ada37a0998d53a1dd1063ef6ae340998331621187e5e18413245d7,a7a59a38fff99671282c16948c0fefe49bafffcd70bb72ff8aea18f0b6fd87c6
20261006,20261009,22,0.0,0.0,0.0,1.3313281687143008,1.3313281687143008,0.0,0.0,-4.571543181342008e-06,9800c0a3c0dc112ab3aeb7e7792acf92f0e76aad85f380cbeb4318548dccc6c6,499bd4c0fb77ce018c71695367bbf2742789513bfd196e7d6c95e16f6b014ee7
20261006,20261009,23,4.440892098500626e-16,0.2,0.0,1.6678621368783453,1.6678621368783453,0.0,0.0,4.704851317427483e-07,5b162ebed0def8270b715cf6d4a36fd580fe7efbc046147b0dbcc93ab3864410,c843806741b15f892480d9c9580e8ddf3a2e0e8483837f9bc328ee31cb64eb3d
20261006,20261009,24,9.409698318208032e-07,20.0,0.0,0.0014338037862149378,0.0014338037862149378,-8.15306125279136e-07,8.15306125279136e-07,2.398081733190338e-14,13ce558fa8207c497746bcab61409a91c0e65c022fcd6d4e944f04dbe7fe393f,e3e12ad29a67dbc26ce7441a89742445a2dc097920763dc8ab26ac0c852c0e67
20261006,20261009,25,2.8705268956090435e-16,20.0,0.0,0.0025059703280414514,0.0025059703280414514,0.0,0.0,9.801785294527576e-08,79ddc471a5a3593d06c0657b34d1f94ba1209f493c1e04437d4009ab9364791b,4198faea9a516f4ea1ec45c3c2547b6158d0bd85a7b3127fb50146af5a970829
20261006,20261009,26,8.594191128662556e-05,20.0,0.0,0.0017892551792251243,0.0017892551792251243,-8.581624758008388e-05,8.581624758008388e-05,2.886579864025407e-14,142be66c418acb2a424044ba5ab59bf28658a6f25db33d0d2c83605985ae381d,cac5d6581c10288d526afca0aa9ab641dee41caf4d10e9893a6a100359eeec4c
20261006,20261009,27,1.538877745556066e-06,20.0,0.0,0.0018964864938296744,0.0018964864938296744,-1.4132140390143988e-06,1.4132140390143988e-06,9.801771216899624e-08,85fd969844e73ff5f80b1e9c67e313e0e6030757893bc9745fa9503d120528cd,3b16cd28783ce1275c5d6a845c33b0777fe0db5d834ec7a1fbcfc366394aa22e
20261006,20261009,28,2.058371506786793e-06,20.0,0.0,0.01571527641736825,0.01571527641736825,-1.932707800356148e-06,1.932707800356148e-06,-4.018725106691434e-06,fa680df64168c74108214104b64ebc88e1980b6415644debd6921608ca9c69bf,72e29904aa1dd7002cbaad768bc30b3ae66a05b8352bc0ac3256b7f2e3e0cd32
20261006,20261009,29,3.6617393128481014e-16,0.5,0.0,0.001494849204040305,0.001494849204040305,0.0,0.0,6.261657858885883e-14,b9ffd99636c80c5e1815d7dfde6317bf72c7044b1873a28a4b2a25aa28f9f970,2397e9512c218ada00e001e1306668776748f79ed6ce855c9212ea921627f449
20261006,20261009,30,8.135468335568436e-07,20.0,0.0,0.0024089229812900292,0.0024089229812900292,-6.878831271261987e-07,6.878831271261987e-07,2.7000623958883807e-13,5e518cee23fe120a8478bd32d2cdba3780a9161c0156a88f6cc8a728354fde63,b9ae2954b3bdcd7fb2dcf2515c07dfa93b45820df69a87e77a7f23cc791c3f55
20261006,20261009,31,2.8705268956090435e-16,20.0,0.0,0.0012710650141928292,0.0012710650141928292,0.0,0.0,1.3722477576472158e-07,340f95187b5688f61a649817c6969fc17cb5ccdda70ba8d6a4987c453a1c8a9b,e6cd71efbcc1235a5dc18ceef22d58d94830c1de350d6e79fb84c97e0958a7c2
20261006,20261009,32,0.002614992904352409,50000.0,0.0,0.9738700507436066,0.9738700507436066,0.0,0.0,1.9440709007372832,df8e3120d54944ad8b195c0e6fbe3c21a8d5c9716f6df1348e07ef0cd1fba97b,46f415bc4ece70f13f6f1cae4e64c1a3766c2c0e631f23797a65448e8458acc1
20261006,20261009,33,2.450442270107817e-07,20.0,0.0,0.0017030975898969514,0.0017030975898969514,-1.1938052058013682e-07,1.1938052058013682e-07,-7.841385052387295e-08,feac1e4272f5405372023d704018a1e0ebe869726a9e8637b3276869bd654bb7,06b5c82729c4f13aa9ca2253d4c27e70b1be235554cdf2634892a0b1cbcf4508
20261006,20261009,34,2.8705268956090435e-16,20.0,0.0,0.0030756883229028364,0.0030756883229028364,0.0,0.0,5.881069053970123e-08,23cb56e512c5355cfbfedfa4d8703af21e801cc5b193cb33e7978be038aed35a,d63890e72faf1355ffb8c66ce4d45758cf0ca71b7c8bd98b2bd20cc114ffe9bc
20261006,20261009,35,2.9782356051819003e-16,20.0,0.0,0.0018230222345808622,0.0018230222345808622,0.0,0.0,0.0,23c0e28f241727f16cb8b70e139bf6054c66d986af26191df34c678347210b8f,ae3d219572970309602cb15b55445aa277eca1eeb7a262829cc20a9dc05a73a4
20261006,20261009,36,2.9782356051819003e-16,20.0,0.0,0.011476637574148962,0.011476637574148962,0.0,0.0,-1.9603435785775503e-07,08aafa88cc7ce58cd5a5dfcbc6af7ce9ed98c9323a2427fdc6d800579a124318,1ce34a92d836e223960645977299051602e5d93ab668fc8fe947608ec09a95dd
20261006,20261009,37,8.135468337788882e-07,20.0,0.0,0.005755109720161911,0.005755109720161911,-6.87883127237221e-07,6.87883127237221e-07,1.0835776720341528e-13,2ab8aee3dc24495d6baf92efa4bcd944791706a834ce89c0cd5788aba78a61c5,c8bbfa4de7a15081816ac36800714f06ddbdf47da436322f7604faec3178c570
20261006,20261009,38,2.8705268956090435e-16,20.0,0.0,0.0031385667771097747,0.0031385667771097747,0.0,0.0,2.9405313739516714e-07,cf94ffa0eacf99dd494ba0f705b28d0e6bf6c366899353a4ab2d80606dc97314,2e567ebb105c447376e58523f32e668b0d5eb521f2f3ec11423b0a38a6b812a3
20261006,20261009,39,0.0002610211105792304,20.0,0.0,0.005799698096004335,0.005799698096004335,-0.0002608954468725777,0.0002608954468725777,-2.3524242052097577e-06,e63f90ddce6fc2ae5f5d463862cfb6d1d2fe9620ea4ae7148eca82d9c7aa0b48,5d27b40755de1668bc0a637ebb32e33622639f2d26dcf3067e062aac9f086541
20261006,20261009,40,9.801769092477883e-08,0.2,0.0,0.00179788071307041,0.00179788071307041,0.0,0.0,1.3722477909539066e-07,1bd902fe92118d5e081570520ca6bd97ec036f3f76ff2de208054afa01a33a01,edb2ef94c2bcbeb08c23650f3fe77765c18f7f54598b4912bdb410d7286bde85
20261006,20261009,41,3.9207076337189903e-07,0.2,0.0,0.004555020499378393,0.004555020499378393,-2.6640705685920807e-07,2.6640705685920807e-07,2.3524256143048206e-07,bc4aed94aef36f54fb7348ebf3c7ed75a26b86939cea04f98971930f4d4594a8,4913b71c51a69908b32e841c79bc21bed40b5147ab7596272003666ce0e59292
20261006,20261009,42,3.6909926544727127e-16,0.2,0.0,0.028296632103371633,0.028296632103371633,0.0,0.0,-1.823128370714855e-06,208952cb4c200d9c3e13bd2807ded598b3a6f45bb7a3227a55da4fae3ec0220f,581cc59500d1261cd31027eef2814ded340c387c7adb4096bafd77cf7de4fd8b
20261006,20261009,43,4.900884541425671e-07,20.0,0.0,0.0026167891404238475,0.0026167891404238475,-3.6442474771192224e-07,3.6442474771192224e-07,2.162714451969805e-13,98446b9b3fdbed0e86f18d3738193c02f14c96aca863492be69bf21749cc747f,bb0d15b8ef78d2c3251474041d6de4d7827bc8d04a08409aebaaf08083ef5d90
20261006,20261009,44,6.934751623551272e-05,0.2,0.0,0.0015925042584983284,0.0015925042584983284,-6.922185252911106e-05,6.922185252911106e-05,1.4432899320127035e-14,a157f9a22df862884b7eb81fd77d8acde56dc7e814a6dc65e0f3c28515e205a8,c33d590ece25a4d01e38a90a4d36a8e9844e437c3206bd93f2992bb197404143
20261006,20261009,45,0.00021302184739845466,20.0,0.0,0.002537777215559034,0.002537777215559034,-0.000212896183691913,0.000212896183691913,1.4077627952246985e-13,75c24d4b8e507cef9e585e828f138e731a2b99de48c47b2c95a70bf747df8aca,882d0fc56775882284c7f1fe89977a16cafa59d6069d28668f64ef96a55c3842
20261006,20261009,46,7.155291428151517e-07,20.0,0.0,0.005399785789271694,0.005399785789271694,-5.898654363845068e-07,5.898654363845068e-07,-9.801749634164025e-08,29b6a3c084651f25a75eda559d8673c6d8f34da4e35f606cbe25f2efe43b635e,06e71dbc6987e64857f1a5da0847ed26ced48a43c00aa2707dac8b9404da3a06
20261006,20261009,47,3.9207076328985293e-07,20.0,0.0,0.0021371199247238737,0.0021371199247238737,-2.6640705663716346e-07,2.6640705663716346e-07,-2.3524220060799905e-07,c85f12fc124e7b7b4a96c685ecc5cbdabf23ae49feff9221d0d7e070ee77e380,a7ce765f830a1b4f7b83b9f1e595f6a96b2f41677c0bfcf0685b298a0f1ae361
20261006,20261009,48,7.312119733112177e-05,0.2,0.0,0.0018208462577031792,0.0018208462577031792,-7.299553362460909e-05,7.299553362460909e-05,-1.9603531864476054e-07,0e0efb24b1fdd79ba167d319321969c4498834843f99906f1c315d10f60c44ed,e1d6d76b321acb6a1e65363bb18fc393069c114dd0c309f7a802f01b6cbbaad7
20261006,20261009,49,0.0,0.0,0.0,0.002451031453337582,0.002451031453337582,0.0,0.0,5.881063147583632e-08,a8ec9e437958e84b62e66c1646545cb939fc04b0bdbbe26032443cd2e414925f,1d13e2c49349e9f118a9ec735c65b382dd226d1478bb8a162e2f4342c92030cd
20261006,20261009,50,9.1156452452058e-07,20.0,0.0,0.0022741094493747838,0.0022741094493747838,-7.859008180899352e-07,7.859008180899352e-07,2.7444957728661734e-07,0595441c37329fbfc09b9726cfbc0a85d5722ff28c27857a0a5893a11753fba7,c244f248f87aebfff17c5df87195c55769b544e56c57ac9b054fa707a170e868
20261006,20261009,51,3.9806482762805295e-16,20.0,0.0,0.0023392324692282918,0.0023392324692282918,0.0,0.0,8.659739592076221e-15,67123b4eaae782f195d3e66e742b2592a439e580a0dee59459ce275314060665,1342acaccc0998a3d7d072d2959a95e66b7298660ff47e54433101b678588054
20261006,20261009,52,3.6909926544727127e-16,0.2,0.0,0.0031456729541281536,0.0031456729541281536,0.0,0.0,2.7045032879868813e-13,d354976142aed6ec3f6bc02dbbc0cd7744142e9085ad5508d1ba209b85a80b14,0e1a6db4327c17adb60a4e37c757ac2bed8e386f5ed895b6140defbd505a4c51
20261006,20261009,53,7.15529142926174e-07,20.0,0.0,0.0022999273091293126,0.0022999273091293126,-5.898654364955291e-07,5.898654364955291e-07,7.194245199571014e-14,0e373a891aa0be32e254a0381c1072c5b8eacfea4b5989d1ef0c5f3ec0d44add,24904c65878d8c11533c1e65c1c6041354a2637b5eca721899624906407b4e5d
20261006,20261009,54,0.00014219426403227044,20.0,0.0,0.0026065953390823626,0.0026065953390823626,-0.0001420686003258398,0.0001420686003258398,1.9603540613033488e-07,e00414df7763c39517bf7801d1beef110f41140fffeed55dcd4a43f607ed1781,b4df03e3d535273cdfb4043510190fc4de0adab507d9f819c65418ce2dd60b90
20261006,20261009,55,2.9405307254816107e-07,20.0,0.0,0.0026230426268252227,0.0026230426268252227,-1.683893661175162e-07,1.683893661175162e-07,2.398081733190338e-14,2b503676fa1a76b4ee4fc854f8a1f1e3f28f1d633b27650d94259792ab99e6ad,061a5dcbb7654d7b966088e3b2d21b66b416f1b0a5902436a4af3ae059d77917
20261006,20261009,56,1.8623361253034093e-06,20.0,0.0,0.00269640886838296,0.00269640886838296,-1.7366724188727645e-06,1.7366724188727645e-06,5.995204332975845e-14,d16614c7d474eb54025a5ca8757ea3975c628d926b63cc5c7d4277c37a3b7a7b,9c34d1f85851ad6c5ab3b530b92f780f9d354571ee4ec3d2d127fff55a4a7990
20261006,20261009,57,0.0003196846985181355,0.2,0.0,0.0034601629163444336,0.0034601629163444336,-0.00031955903481162284,0.00031955903481162284,6.039613253960852e-14,b83541c74a761e98fdb17a675f5ba2ab12443ad2b8a34a5fdee44db32b254e36,fca2389c447b0283936104dd29e8fccccca70caa4b686941b38d547993017540
20261006,20261009,58,2.5484599608283193e-06,20.0,0.0,0.0027341457146722314,0.0027341457146722314,-2.4227962543976744e-06,2.4227962543976744e-06,1.0080825063596421e-13,fc2f71a1d85c141f8d2658f2d9226273c703956e679f680b25dcb0c4a1dcbc2b,97cd03af5999fb3977b0dc6f03760346222739c582ae888918c13d3318c09129
20261006,20261009,59,3.690979948978504e-16,0.2,0.0,0.00798048431833387,0.00798048431833387,0.0,0.0,-4.900875767432922e-07,7dab7ade4913a8bcf8ff340239043ac9edec3ba1552ff2c019551de2471115ce,7910ab81a648077c9f3f33f7b0e007afeb181ec8fff674474919944c45f6856d
20261006,20261009,60,4.20495893515117e-06,20.0,0.0,0.02355649461566045,0.02355649461566045,-4.079295228720525e-06,4.079295228720525e-06,-6.312335609770514e-06,3a07ca131842f9ace1b7c41a2ee89bc7cdf94505b5270dc15d6a145ec4ff3bbf,eadfefe60967a79c8ca92d2577349a5f5309fc8eb72fc29324ad669e0c31258c
20261006,20261009,61,2.9782356051819003e-16,20.0,0.0,0.0028327515242619894,0.0028327515242619894,0.0,0.0,5.8810636360817625e-08,225403c736a38ab8b940f955b0bca0114d7f11c8cb8a1e4409b20b98c6e2c560,67164688fc7edf8583aca1bda855311b84f7c6ceb565e5cfe349dc37b25a4f5a
20261006,20261009,62,0.003368703813508178,50000.0,0.0,0.9766759582767557,0.9766759582767557,0.0,0.0,1.9508782569761354,df9ebb79e370faa1df40931b30ec7d463c4c8acfb093f9982c24cc8ca2270a9a,d361a63daaf9bb9d81d3d7e21a6d2d20fb0e3cf43c46e0eb227b3c990ab0f78a
20261006,20261009,63,4.802866848997455e-06,20.0,0.0,0.020185863217709765,0.020185863217709765,-4.67720314256681e-06,4.67720314256681e-06,2.3524378756079045e-07,361fe8136ece15e7dea66740c93a79a33023fd0233ad867fc97caec1ab4ea004,c7ce98ce85cfd022d4954255b91a00ca93199464821099b62d767711b53a3a66
20261006,20261009,64,3.6617403716392855e-16,0.5,0.0,0.0034985270340456287,0.0034985270340456287,0.0,0.0,-1.2235888235956338e-07,391db76bfd7debbc1a6f6ef951439c8d2dcc1abaf9a38c2d6eeaad7e4a58a22a,77a483db4b178ef09eac83befef66b3299a6bb506159ca401df8b052bf50b47c
20261006,20261009,65,2.9783033678176807e-16,20.0,0.0,0.002377429964811495,0.002377429964811495,0.0,0.0,-4.900881347413844e-07,598fa476b99989a1400cfb656525473e57ec6c146191b460794f3c3f418a4d9c,22bc75eea415f6d966a206b8612340b20f81e6538ab17ed1f8cd3a11f207e6b8
20261006,20261009,66,3.165971412879859e-06,0.5,0.0,0.0016793773087253605,0.0016793773087253605,-3.0403077063700934e-06,3.0403077063700934e-06,1.6209256159527285e-13,438ec910ebced050ab7658d0989c166c8de888257272220b1162923c03e0eca5,cc4ef0848c5ac235843e1402ce3a03b38b4d6ff89f5f583c12771630ccc91883
20261006,20261009,67,3.690624195140657e-16,0.2,0.0,0.01366156952313169,0.01366156952313169,0.0,0.0,-3.1365614705514133e-07,3030abb3bc51bec6af728065fa09e8839d55642d0046d5a3718adc010966c95b,849834e52bc95da459f46f2c02bfac1c6c2a0229a87883410e71361cba95df27
20261006,20261009,68,2.9091650627245402e-05,20.0,0.0,0.0015443285343519353,0.0015443285343519353,-2.8965986920814757e-05,2.8965986920814757e-05,7.841416760356879e-08,359a1b4ad9a141110c5b0c81b101299d105be80521094732cc7e34ba58b8df2b,793f4ac98758c57e43bf44f511a43f22ee0a46adca92d24760608c0abe7bb6f1
20261006,20261009,69,0.0018218062410884084,50000.0,0.0,0.9689294227120689,0.9689294227120689,0.0,0.0,1.9337522453617315,df2d9d920c7582d50c6e70cd343a541de361b4241faa458bdadf105bb13fd52a,2ddce63b5afe31b71c3332a7dece6f77d046d1d277ec8aca945b699b70acd082
20261006,20261009,70,3.9807499202342e-16,20.0,0.0,0.0029074409566581805,0.0029074409566581805,0.0,0.0,2.352426089480275e-07,1811deffbfdb99792097d732683b52529cd4cb42830efc6b13ff76b8d63cfc8a,d883a28872d8eb747023fd6c6ed642ee255b82ea70658362b31454cbbc1580e9
20261006,20261009,71,0.4872239383608339,7500.0,0.0,0.013970501680969805,0.013970501680969805,0.0,0.4840823457072442,-1.5682827649854403e-06,86fa4b9dab14e96b1bd65de8a0e46aac2ff5805168be5d6e5ef20ff6126f856a,cbf49f09701057b51399a6966162fe44dddc046a54ce2edbe55c1a2ce8a7fa7d
20261006,20261009,72,0.0003603718419660129,20.0,0.0,0.007527367587371936,0.007527367587371936,-0.00036024617825958227,0.00036024617825958227,-2.058370284663269e-06,a4497d2eecd4deda4ae2027097df7deefb9d0efe4d4609667855c95446945289,42e1ebf3798f4c19690fe78a15e56fddaea1029f554ff1e58f54cb297eb93c45
20261006,20261009,73,9.801769079620487e-07,20.0,0.0,0.0048225498064286,0.0048225498064286,-8.545132015314039e-07,8.545132015314039e-07,3.9207078517122795e-07,4b0295345fe2b95cc19f7641bc62ebae8dd94351d6f4ca9d6251bfc688b586d0,f819bbec499aed96ec9c55f38f56d04e11b542329f2c709e3c3116fbda67f867
20261006,20261009,74,3.9807499202342e-16,20.0,0.0,0.0012758384757345365,0.0012758384757345365,0.0,0.0,0.0,a040aec0b6c17c94db2d53d7e5f35136cc7a5be681494dbe3d20058026f7dbae,b8a09368ad1f9b4f43b6b7e7b274572082587af756b0ac30f4d418338feb453d
20261006,20261009,75,0.06797320292720488,15000.0,0.0,0.124483882655821,0.124483882655821,0.0,0.06169001762002546,-6.1555027901505355e-06,eda1a05ae7e0905c761cb7096db70b07c44f948ba812ffa4d7f9fd119ecb3c46,36988f32ae48684071586d30557eff87c63604120965ad7faa0dec7a364e71e9
20261006,20261009,76,0.0,0.0,0.0,0.007033985896198303,0.007033985896198303,0.0,0.0,1.9603545409196954e-07,6b109a85c2a4ff10dc4c91c7ff6da8f37991109a5298f5120839b37a5fcebb11,7deaa86b5a9eb20eec6158956529d27d30f3ac85ab8c56b3e853ea5f75f17ee6
20261006,20261009,77,3.6909926544727127e-16,0.2,0.0,0.0012249770959825712,0.0012249770959825712,0.0,0.0,2.398081733190338e-14,aac8ad0d1d004d9196928a0db7deb64a3c489a2623743ea8e9fd451228664501,d1a46bcf1990abcef61b822ac958cd2ecd2ceded6f5e8ad4ca44fffdb41e451e
20261006,20261009,78,2.580769629847556e-16,0.2,0.0,0.0010155917049126106,0.0010155917049126106,0.0,0.0,0.0,685f17f85ee3f507e5cb9f1f88d31d443efcf9774a66627597b41aa59d2b17ba,127853354790ec418168f4ff826d0370b172f05f57640ff60850a2e23ac7100e
20261006,20261009,79,3.9807499202342e-16,20.0,0.0,0.012854805513760836,0.012854805513760836,0.0,0.0,-1.5291952688567534e-06,e14ecb00d0281f0ec4d5034ea4cfe02d7c7aef12f2bd707ed4b51d12d267941e,f358f1cd28f9b7d5175f99f4b0504d71222f7bce17a133ea5efa94beb883743c
20261006,20261009,80,3.6266545621167437e-07,20.0,0.0,0.0010128570116558766,0.0010128570116558766,-2.370017497810295e-07,2.370017497810295e-07,-9.801763667383057e-08,dd111eaeefa1ef34c1bc9f44d9f794dfedb1cd96cb6b9af6a9ab680d3ee54a10,930ee43408f3737e92cabf06e8b8ae8077258eae3ed50ba8b1428ed534a620df
20261006,20261009,81,3.4306191808554045e-07,20.0,0.0,0.0035868702411702147,0.0035868702411702147,-2.173982116548956e-07,2.173982116548956e-07,4.704853480141935e-07,0a179e27d53e503d869f188cd14756847d7a98369239f5017e6eacc6f0f101c7,510bdcb10a213ae159c53bc3345edb8d8b06566f158d7c4e0cbe27b95d5c3913
20261006,20261009,82,2.8705268956090435e-16,20.0,0.0,0.014433734225570372,0.014433734225570372,0.0,0.0,-7.841410951670014e-07,84154764ac381534956410f97dc15605dad84c1a05a5efe0ad1806a4df5d9d80,3cb51cfcdffbaa8d6d86bdd9cb45c061dab5e564ba770bb8f338757047dfbbaf
20261006,20261009,83,2.450442272328263e-07,20.0,0.0,0.0016335932453561686,0.0016335932453561686,-1.1938052069115912e-07,1.1938052069115912e-07,4.04121180963557e-14,a1d25503d550d6f5a851bfb6fc3d38b2a190a99e2b58f8aada737b8cb825d273,17fef2a162098d969c5a3932cfafe9330f3d5e207e545e26fc730e36c9acdf98
20261006,20261009,84,2.3524245825180543e-07,0.2,0.0,0.0023144633326738218,0.0023144633326738218,-1.0957875173911447e-07,1.0957875173911447e-07,-5.881059550461032e-08,b698952629d942b9358214f6020295e7e0aa728208e6c627aa6373bcd53089fd,c4cea27e9674824f115d2acdaef998343fdeedbea6f6f9f885faed46a4e3d778
20261006,20261009,85,3.6909926544727127e-16,0.2,0.0,0.0025166052163941854,0.0025166052163941854,0.0,0.0,8.615330671091215e-14,1b939d21a997e315e596e544e4ba9c034f0402ea2fca12b56c2c05251e6deb2f,eeddc883772f68ffb71dc16535dce09a631e575d5d711ef2ec8cdaf78f8ae595
20261006,20261009,86,0.005882295935824233,50000.0,7.003582889553162e-05,0.9808072719718505,0.980877307800746,0.0,0.0,1.9597642909123367,4cda904d62fa1a30db139e38b7f65fde86b4a5a61066f234a978860bd3d27860,916ae82d238779b6dcda98ff9ccf93ad63a1533fea77ba6273239ab3e71a58ec
20261006,20261009,87,9.997804461702288e-07,0.2,0.0,0.0032872890920795372,0.0032872890920795372,-8.741167396575378e-07,8.741167396575378e-07,1.3233858453531866e-13,c18041fadb88bc73b137504820ba07256bf33a41c8986b265319f28423abfe6c,038d05e33a646257f0d45a7acea275342ba009aa1924888fd38b363fc3807b2b
20261006,20261009,88,0.00016845320339519245,20.0,0.0,0.0034996150312086582,0.0034996150312086582,-0.0001683275396887618,0.0001683275396887618,-1.0781944033144697e-06,880d60af6be0098554e40a184d91b50bb57ed505dc2954107b640fd6eec487c8,35ffc584b0e8948c1ce8152a2c540e251d52ab2c475ea015198ccf827f5bf430
20261006,20261009,89,1.2742299805201912e-06,20.0,0.0,0.0013248767264377737,0.0013248767264377737,-1.1485662740895464e-06,1.1485662740895464e-06,3.3306690738754696e-14,e3a23a531b04397926e09e80137df9af36dd2800ab0024e6604c3864590cc12d,b6ef36fce6a9eac7a9c9a23d61698ffaec7d7980ea702f096fecfcd496e6b684
20261006,20261009,90,3.6909926544727127e-16,0.2,0.0,0.0010256385192272122,0.0010256385192272122,0.0,0.0,0.0,d5ff2f28173e839ff1128eea3857fc2851a1aa4c9ea84dd96f22e09dfd90ce91,8c886199c448c807764bbb157ce36485b55b8b1e83b28f7b2efcee0f4d6a08eb
20261006,20261009,91,2.3524245814078313e-07,0.2,0.0,0.0034260134709349632,0.0034260134709349632,-1.0957875162809216e-07,1.0957875162809216e-07,2.3524250147843873e-07,a742d65a1a089d87236452304dbeb9ba51f61a7d519ca866b127501ccb38debf,0f48c3132ea13aa958e2563b9a8cfff5f7192fb5e0a9f9e6ed4c67713974902e
20261006,20261009,92,6.861238357369731e-07,20.0,0.0,0.005795708647687969,0.005795708647687969,-5.604601290842837e-07,5.604601290842837e-07,-2.0583710897970064e-06,05de2add0dc1ec38bf91e24c2f564ea9d5d9391426d3795d55eb90e341094fbf,3febdf3a49d04e02d2fc69a9d256afbedc64fe8dc95ce2e5f22b1e0098bbdc7f
20261006,20261009,93,2.6072705750824776e-05,20.0,0.0,0.0025608210377952023,0.0025608210377952023,-2.594704204439413e-05,2.594704204439413e-05,1.0835776720341528e-13,a583ca076919f33265f6609895857e04308ae59d37c627fd7f8e5de02d8f95d8,fccbf28b98e20394e34ffd3f13451b12c47fb37eeda7a1949b610a9aedd33538
20261006,20261009,94,3.9807499202342e-16,20.0,0.0,0.003918826697326461,0.003918826697326461,0.0,0.0,1.9603543544022273e-07,a8bd82962b6fb3124f23655252c440135c8cce2785ade4cd74afeacb94b45363,abad9d1e0b4600da650bb667bbe2751ef2bd3539f31719311783288a587cdc71
20261006,20261009,95,3.6909926544727127e-16,0.2,0.0,0.005055694685746626,0.005055694685746626,0.0,0.0,-2.5484594123881266e-07,17b764cd4f3d275dfa7382831f031c3c8af08afdb9d4693eef420073fc32ce1b,601f05e4703ff9e31a6940d200e8ecd82f6ca864a2abd5dee6165af6e0bc8e01
20261006,20261009,96,3.6909926544727127e-16,0.2,0.0,0.008787953505109747,0.008787953505109747,0.0,0.0,2.744502483054134e-07,3a3bd0af779ab69b198d7a2dbaa06676b2ee97e947dafb7781023cc33e25122c,73d21a078117342ae2d3b2e3abe37602ed1b066575ef70c5e691135429c67873
20261006,20261009,97,3.6909926544727127e-16,0.2,0.0,0.001584496184038664,0.001584496184038664,0.0,0.0,9.50350909079134e-14,1af540b541075f41e16bd80cd53ec5f9908ac1c14617e2d377761271dd2f2b50,a045b516e7f6de8b51490e0a1ee553b12ead4056e86fe8ecbab5156244a7f383
20261006,20261009,98,3.5822039778921066e-16,100.0,0.0,0.025311091391716944,0.025311091391716944,0.0,0.0,-0.16291652095693565,f5d373b9d4da527fb49cf42bfea7cc51d8b279a4bce5768790818f8076929e39,f538bb7163c43140cd1a3c2a66da126b6fb823d3032075061e1bd5def0df961b
20261006,20261009,99,3.9807499202342e-16,20.0,0.0,0.0020882679299331075,0.0020882679299331075,0.0,0.0,2.5934809855243657e-13,dd4c0bf0dc6966b4ff8e9a0bc5378e6184299add4a890058531992feb7f81b31,ae84dc0929c563b6fd3b6896729ac91703bccfca41a5863d4f9234b44b4c8046
20261006,20261009,100,3.9807499202342e-16,20.0,0.0,0.0032508952044694173,0.0032508952044694173,0.0,0.0,1.0791367799356522e-13,158f296aac7cf5d26ab94355e80c94ffe7e8a41be7591c65658b31aa4dbd8ea1,0d855045f87058da8b45c7874745d6e53dbf0c156c3ac8734012472094d5a4e5
20261006,20261009,101,0.00010233046918702294,0.2,0.0,0.0018510651129454159,0.0018510651129454159,-0.00010220480548051025,0.00010220480548051025,1.1762134932702395e-07,0932b2cbb1867405e7867f5e1cd8d16277cfc35691d99385104684710a3a741f,dcffca2be490035a2e9ba70e518410e980bb5b245e4a91c5de1e86bb48f8f998
20261006,20261009,102,2.048569737723726e-06,20.0,0.0,0.004627749447748575,0.004627749447748575,-1.9229060312930812e-06,1.9229060312930812e-06,5.551115123125783e-14,5545f416e0020e595df1293dd6b20272716f1407564f13449df3fc745bb1526c,b064e774cd525036c8f0f39b12e8f0579290f5e9299cd96cc3174d99602cee88
20261006,20261009,103,8.233486026990313e-07,0.5,0.0,0.0025008047646385423,0.0025008047646385423,-6.976848961892657e-07,6.976848961892657e-07,1.9603541279167302e-07,34b71b6762fe83f5b32cbd04f1907830cbfdb051507eba821d408119a0e515a9,c9df5db9ba1280a095e46a43f5aa9eae195f3cb5dc00971cf275544a22eb3ce9
20261006,20261009,104,2.8705268956090435e-16,20.0,0.0,0.0013151827768185242,0.0013151827768185242,0.0,0.0,5.1736392947532295e-14,f05b2d2cc1e3ae182cf4e19fb2f951def0d641a346c033d119a95700698984bc,9ce35626e2cf13b2ae0bb7f5d5c1bafd9831f4dde956750d63b27e7582d1f2a1
20261006,20261009,105,3.581119775719621e-16,100.0,0.0,0.0033078726893143173,0.0033078726893143173,0.0,0.0,1.9603541545620828e-07,3561f68857e1d5358efbb73f7532f15dcc4ff682dcd503c6397708b276b29f24,00e220f83a4e26a93d00d2b7d39da9fb757fd8574b3310f9ea6b7b9d46f744fc
20261006,20261009,106,3.0385484147588232e-06,20.0,0.0,0.007041435551814357,0.007041435551814357,-2.9128847083281784e-06,2.9128847083281784e-06,4.900886589886966e-07,c499b229458a01a505dfca07bd77f616ca46c0dff2b2b19758dc83a359bdbc42,a51f84a331eba641ba5bd7123c4cae19e1afa796a77770372673abd7ec4010b0
20261006,20261009,107,2.705288265948413e-06,20.0,0.0,0.0028751931363877326,0.0028751931363877326,-2.5796245594067457e-06,2.5796245594067457e-06,-5.096918858082944e-07,50bef78c632833222f52946f8f9fe834632577c21d781db4f1fbfa8bf6cc731e,c3b75d608299c0ddafcc7d271ab3a8fec5d5c1ca4861e798b3f9d53a8813e512
20261006,20261009,108,2.8705268956090435e-16,20.0,0.0,0.015486297278465733,0.015486297278465733,0.0,0.0,-1.1566085840852836e-05,0b2883304db4649315852615fd6fa2510378b065bae06ffd8e50db3864186ed0,dc23474d0df3d66554959c156c1077496a6da6e2eca195cc5dd2a8fe4bccc167
20261006,20261009,109,2.8705268956090435e-16,20.0,0.0,0.001702764329748252,0.001702764329748252,0.0,0.0,7.238654120556021e-14,ccf9093ef849b3de2c66d10361c158ed2c36ac906b2611664d1954a05f8a0d7d,ab4c0a5498aefab460e9e0ffa8af6c99834f76b0d4221107b487dd6379ce91c4
20261006,20261009,110,1.862336125192387e-06,20.0,0.0,0.0023162080475700453,0.0023162080475700453,-1.7366724186507199e-06,1.7366724186507199e-06,-5.881056530654405e-08,00af7ae18d163664d5e319f355072a2bdfc862c8abb36c7740a48dbb7e391553,08fe76fce6af2be795dd742d153b4bacc60a74ff2245dba2a4edaec132c26691
20261006,20261009,111,2.048569737723726e-06,20.0,0.0,0.013475023119969287,0.013475023119969287,-1.9229060312930812e-06,1.9229060312930812e-06,-1.2938319038369173e-06,879d7d819f4b7155242ff22f7ab5edc32770eb3ea8beaed0b4d79ac46211f2a0,53fd2362035ffa7809f2a3f77533f7dcedd901fb3aa2303ad06f26dd75166ff6
20261006,20261009,112,6.763220664719471e-06,20.0,0.0,0.021504807915540658,0.021504807915540658,-6.637556958288826e-06,6.637556958288826e-06,-4.077535568969282e-06,71e9209fa008dd630d0b0c8a41d5a0c6652c0372cda8f20f75fc771e461aa16a,1af8644a368d0d237b03cc3ccfa4218d04ff4ec7c4f97d7503677717c208f637
20261006,20261009,113,0.0004476958026926503,20.0,0.0,0.01742699795280611,0.01742699795280611,-0.00044757013898621967,0.00044757013898621967,-3.9206996893526025e-07,c4d37c0f2cf6333ddec24ad70d6b8e28846cda323e8bb4573fa981335b323f86,5fe52dc3550fbbf44003fb9290128a15244ee612517eeb15ea0e0c316be4fd6d
20261006,20261009,114,2.5876670371916094e-06,20.0,0.0,0.0032850051015889115,0.0032850051015889115,-2.4620033307609646e-06,2.4620033307609646e-06,-1.1762107954282897e-07,a1d5c542edc274b1142c04f48e22643d58b0583e1c7091c5b7bca9ed6fc3687d,e5a0c518129a7c6f6bbb8999f21b0a042d3534846afe944248258607df6eaecf
20261006,20261009,115,5.090972944859357e-16,20.0,0.0,0.009080271664358763,0.009080271664358763,0.0,0.0,-5.096918722191646e-06,60f72fa1dbe80209a504b125558af8e3e156fb7ed399a9b8a7f297657a71c565,1849f6a340b8e1fc708595c5e0f576728ed472292a2c73027993bb6513d417de
20261006,20261009,116,3.1365661055825612e-06,0.2,0.0,0.013610678738072535,0.013610678738072535,-3.0109023990698702e-06,3.0109023990698702e-06,1.9603591061567727e-07,b1542ce87b852fc14b3ea114eea118e7f83855c13fe2261cf5931385048ad630,5db86a7004f3b3565de757b3a52da5b3017b5bc2f256d9e7a0f0e22ca0d1cf9a
20261006,20261009,117,5.090972944859357e-16,20.0,0.0,0.005373958127748213,0.005373958127748213,0.0,0.0,1.1762144502824867e-07,b1cf3407f39f5d816d54405fbe37faf6cf5d411289b47411a1085a5f5f61e14a,c2e8b821309005af16f7ab18a90af914f88de7120d45585a9d0190e5ab3ef38e
20261006,20261009,118,2.8705268956090435e-16,20.0,0.0,0.0020622344089586964,0.0020622344089586964,0.0,0.0,2.398081733190338e-14,68fb8fc99328a9275ab601c4d1829be1afe59d33fcf8a32bc7837c23f6b7d490,3470c476567fdc5c21063b0d98a06f20748ac9da54afb1af64a73ffe9a75d36f
20261006,20261009,119,3.9806482762805295e-16,20.0,0.0,0.0022844405476241114,0.0022844405476241114,0.0,0.0,1.9603538126133913e-07,6cd3636e7c8d94b49a7440fe0048ed113eb0a0f0f6dbedd720218555e5720e77,e5684045f4a4fded6f747ddf203375817afa30d5bb28594c1d5abfa3aa84f523
20261006,20261009,120,4.4598049313460225e-06,20.0,0.0,0.016090153847884814,0.016090153847884814,-4.334141224915378e-06,4.334141224915378e-06,-1.1762113025781673e-06,f4b41a38930ad19acf59fef4b6649748e3fe535137560e31bd6459ac5ae23bad,3cc78b9e4ec6e062c3ea8daca1999898018bd53a3b9309eef021c50fcca24200
20261006,20261009,121,0.0001259527326679011,20.0,0.0,0.002284077848528243,0.002284077848528243,-0.00012582706896147045,0.00012582706896147045,1.960354030217104e-07,52cbf3f5710c41dce43833393b3daff91d53ab5780a4a193dadc1647be16d47f,1637caf515d53a10e7880e423537f22b70d383efa805dd8bb79ac321f2f34741
20261006,20261009,122,0.0021019999976175097,50000.0,0.0,0.00300996761878769,0.00300996761878769,-1.2759892719094168e-06,1.2759892719094168e-06,1.9541615164203145,3d2c6b72952c301e804a77f1bad5efa7e7b30ec62b9959b387eeca39f2705bff,8e2974250f6f97908baecb340aab74b6c31294a677195075794b1dee2686f6ed
20261006,20261009,123,2.9782356051819003e-16,20.0,0.0,0.0031028294214828778,0.0031028294214828778,0.0,0.0,1.9603552203761865e-07,385f39dce6c51829679dd54fc71f46323b1bbf8bb23114c84b4e64ed217b7f0f,2dfcb5ea29b2f63b126f9540e6b685c9eab460875e69a89e3e209b731d408c2a
20261006,20261009,124,7.057273737050552e-05,0.2,0.0,0.0023220303639019946,0.0023220303639019946,-7.044707366388181e-05,7.044707366388181e-05,-1.960353168684037e-07,63fc8bdf23f061b8b1c2b2212a5358aee6566ad3056021a7528478ee8ad0276a,a26f858a183b5d6a3433d7fb1e64f5508dee230c07ebd237ff632be319675c86
20261006,20261009,125,0.0028746342899930166,50000.0,0.0,0.9750064965404269,0.9750064965404269,0.0,0.0,1.9467212268045584,78785b4b835439f2c08661bbd2bf21baa2e014b36d90a2d770e4cadb66aeb385,856a13909538590bfb928e1545f6e179d8f8362c2ac3027c648c6b362d889f86
20261006,20261009,126,5.090972944859357e-16,20.0,0.0,0.0011436616227626928,0.0011436616227626928,0.0,0.0,1.709743457922741e-14,299ded0bace2ae3d234661113004fca1b8a3471bbf0495f4e9ad194813a723d5,a00047d9fc718e33f7e725ed1dee655e5c942efb2655a69f9b4f0101861a1e90
20261006,20261009,127,1.739814010341118e-05,0.1,0.0,0.002562516779611723,0.002562516779611723,-1.727247639726759e-05,1.727247639726759e-05,-1.3722460856513408e-07,276e832f374f8e3e779d44b0e33f9545490d0ae1e636d1216e72fe2ad597a385,4f30a4047a65fefcbee3d142ee7c7bfd75ce96ff6b4647feb1df93cec18b2d20
20261006,20261009,128,5.8810614561488703e-08,0.2,0.0,0.002831242213647722,0.002831242213647722,0.0,0.0,2.352425765295152e-07,8e7204061959837d00988f380a3fd86e1cbeef8fee8a677d987f15a9e89df07e,720ddc06dd1f0d020df71c1704d8a5aeed23f69b8c417ae99daf203645043dfb
