grain_id,H_A_per_m,B_raw_T
1,0.0,0.0
1,0.1,1.2566370614359172e-07
1,0.2,2.5132741228718345e-07
1,0.5,6.283185307179586e-07
1,1.0,1.2566370614359173e-06
1,2.0,2.5132741228718346e-06
1,5.0,6.283185307179587e-06
1,10.0,1.2566370614359173e-05
1,20.0,2.5132741228718347e-05
1,50.0,0.00011836867667447404
1,100.0,0.00018120052974626992
1,200.0,0.00030686424141335156
1,500.0,0.0008533181539595036
1,800.0,0.0014024773421994485
1,1000.0,0.001704744561813798
1,1500.0,0.0025722164299246675
1,2000.0,0.0034446578762492575
1,3000.0,0.005232433195679342
1,5000.0,0.009148722643898433
1,7500.0,0.01572114032133265
1,10000.0,1.4246773895295806
1,15000.0,1.9782052968566508
1,20000.0,1.984715794929303
1,30000.0,1.9975322577283632
1,40000.0,2.0102264139717803
1,50000.0,2.022866915340501
2,0.0,0.0
2,0.1,1.2566370614359172e-07
2,0.2,2.5132741228718345e-07
2,0.5,6.283185307179586e-07
2,1.0,1.2566370614359173e-06
2,2.0,2.5132741228718346e-06
2,5.0,6.283185307179587e-06
2,10.0,1.2566370614359173e-05
2,20.0,2.5132741228718347e-05
2,50.0,6.283185307179587e-05
2,100.0,0.00012566370614359174
2,200.0,0.00808799901005186
2,500.0,0.02045043675441416
2,800.0,0.028373027782382154
2,1000.0,0.04218471034787907
2,1500.0,0.06689522791629887
2,2000.0,0.09851067275642456
2,3000.0,1.8988080320595144
2,5000.0,1.9247094429587057
2,7500.0,1.9442155504325873
2,10000.0,1.956324614090228
2,15000.0,1.970966681058215
2,20000.0,1.980670271178206
2,30000.0,1.995818967419642
2,40000.0,2.009302038438386
2,50000.0,2.022291512096077
3,0.0,0.0
3,0.1,4.379631486917113e-06
3,0.2,4.505295193060705e-06
3,0.5,4.88228631149148e-06
3,1.0,5.510604842209439e-06
3,2.0,6.7672419036453555e-06
3,5.0,1.0537153087953109e-05
3,10.0,1.6820338395132694e-05
3,20.0,2.9386709009491867e-05
3,50.0,6.708582085256939e-05
3,100.0,0.00012991773746884316
3,200.0,0.0015553548370268455
3,500.0,0.0039709179488710555
3,800.0,0.005903646077799141
3,1000.0,0.007939679585174497
3,1500.0,0.011944599371893627
3,2000.0,0.01597711223059739
3,3000.0,0.02416308035360648
3,5000.0,0.04139920850372725
3,7500.0,0.06592861442848363
3,10000.0,0.09758668666616077
3,15000.0,1.9259570270242339
3,20000.0,1.9422423268758156
3,30000.0,1.9682330656321438
3,40000.0,1.9890362428535826
3,50000.0,2.0069465262329937
4,0.0,0.0
4,0.1,5.177344694073938e-07
4,0.2,6.433981755509855e-07
4,0.5,1.0203892939817608e-06
4,1.0,1.6487078246997193e-06
4,2.0,2.9053448861356366e-06
4,5.0,6.675256070443388e-06
4,10.0,1.2958441377622975e-05
4,20.0,2.5524811991982148e-05
4,50.0,6.322392835844681e-05
4,100.0,0.00021858447701428307
4,200.0,0.00034424819039413634
4,500.0,0.0009432493908902995
4,800.0,0.0015614914320096762
4,1000.0,0.0018128188838281156
4,1500.0,0.002845430939176108
4,2000.0,0.0038139003391559623
4,3000.0,0.0058054446324339315
4,5000.0,0.01021016600121527
4,7500.0,0.017711977627403064
4,10000.0,1.3912287588794303
4,15000.0,1.9777925051695133
4,20000.0,1.9844111657348131
4,30000.0,1.9973489058451153
4,40000.0,2.0101054307283794
4,50000.0,2.0227819339827353
5,0.0,0.0
5,0.1,1.2566370614359172e-07
5,0.2,2.5132741228718345e-07
5,0.5,6.283185307179586e-07
5,1.0,1.2566370614359173e-06
5,2.0,2.5132741228718346e-06
5,5.0,6.283185307179587e-06
5,10.0,1.2566370614359173e-05
5,20.0,2.5132741228718347e-05
5,50.0,0.0010073695286196838
5,100.0,0.0010702013816914796
5,200.0,0.0011958651814873988
5,500.0,0.00444625475189564
5,800.0,0.00652047148024848
5,1000.0,0.008936421538929706
5,1500.0,0.013514999599522959
5,2000.0,0.01818204976399307
5,3000.0,0.028144716034463335
5,5000.0,0.05291044503933251
5,7500.0,1.9323910552580124
5,10000.0,1.9418691320052632
5,15000.0,1.9569563365183549
5,20000.0,1.9688901911684404
5,30000.0,1.987923515361516
5,40000.0,2.003848627876023
5,50000.0,2.0183534937047236
6,0.0,0.0
6,0.1,1.2566370614359172e-07
6,0.2,2.5132741228718345e-07
6,0.5,6.283185307179586e-07
6,1.0,1.2566370614359173e-06
6,2.0,2.5132741228718346e-06
6,5.0,6.283185307179587e-06
6,10.0,1.2566370614359173e-05
6,20.0,2.5132741228718347e-05
6,50.0,0.00023348065274075847
6,100.0,0.00029631250581255435
6,200.0,0.00042197622901452014
6,500.0,0.001322342636053464
6,800.0,0.002238274181621147
6,1000.0,0.002489601680921827
6,1500.0,0.0040078227282145384
6,2000.0,0.005383820373929593
6,3000.0,0.008261709229970604
6,5000.0,0.014958985810652026
6,7500.0,0.02835081771241532
6,10000.0,1.2950624197382572
6,15000.0,1.976190043410014
6,20000.0,1.9832311012982105
6,30000.0,1.9966349646236958
6,40000.0,2.0096285648318055
6,50000.0,2.022441459656804
7,0.0,0.0
7,0.1,1.2566370614359172e-07
7,0.2,2.5132741228718345e-07
7,0.5,6.283185307179586e-07
7,1.0,1.2566370614359173e-06
7,2.0,2.5132741228718346e-06
7,5.0,6.283185307179587e-06
7,10.0,1.2566370614359173e-05
7,20.0,2.5132741228718347e-05
7,50.0,6.283185307179587e-05
7,100.0,0.0005453363009394474
7,200.0,0.001691697400534986
7,500.0,0.002745500786188848
7,800.0,0.004771492489646145
7,1000.0,0.0055257487900330915
7,1500.0,0.008352888134064429
7,2000.0,0.011258961878174212
7,3000.0,0.01746323787045445
7,5000.0,0.03298912406686183
7,7500.0,1.0534231774465272
7,10000.0,1.4613975956534986
7,15000.0,1.9701008220356582
7,20000.0,1.978799368430355
7,30000.0,1.9940154811769155
7,40000.0,2.007912892466544
7,50000.0,2.021235802571799
8,0.0,0.0
8,0.1,1.2566370614359172e-07
8,0.2,2.5132741228718345e-07
8,0.5,6.283185307179586e-07
8,1.0,1.2566370614359173e-06
8,2.0,2.5132741228718346e-06
8,5.0,6.283185307179587e-06
8,10.0,1.2566370614359173e-05
8,20.0,2.5132741228718347e-05
8,50.0,6.283185307179587e-05
8,100.0,0.00034379228589287436
8,200.0,0.0006875159593636715
8,500.0,0.0017175009807784969
8,800.0,0.0029316219209765126
8,1000.0,0.003182949468954255
8,1500.0,0.0051990023128857255
8,2000.0,0.006993692421500719
8,3000.0,0.010778695790358728
8,5000.0,0.019870044498137784
8,7500.0,0.04073535285065988
8,10000.0,1.9663132150477156
8,15000.0,1.9745535401086922
8,20000.0,1.9820319234100707
8,30000.0,1.9959165341928315
8,40000.0,2.009152620300861
8,50000.0,2.022104141499283
9,0.0,0.0
9,0.1,4.1293093838934425e-05
9,0.2,4.141875754507802e-05
9,0.5,4.1795748663508794e-05
9,1.0,4.242406719422675e-05
9,2.0,4.368070425566267e-05
9,5.0,4.7450615439970424e-05
9,10.0,5.3733800747150006e-05
9,20.0,6.630017136150918e-05
9,50.0,0.00010399962489326953
9,100.0,0.007155884560508863
9,200.0,0.0072815488086008795
9,500.0,0.024286408341548715
9,800.0,0.03526666094780517
9,1000.0,0.04889004182211576
9,1500.0,0.07419139036194333
9,2000.0,0.10061967661551197
9,3000.0,0.16007406252962153
9,5000.0,1.7869800804599079
9,7500.0,1.8505513442321568
9,10000.0,1.902050155491969
9,15000.0,1.9697324627148893
9,20000.0,1.9849968595830791
9,30000.0,1.997867791871958
9,40000.0,2.0104560988396063
9,50000.0,2.0230298207794144
10,0.0,0.0
10,0.1,1.2181839673774952e-05
10,0.2,1.2307503379918543e-05
10,0.5,1.268449449834932e-05
10,1.0,1.3312813029067277e-05
10,2.0,1.4569450090503195e-05
10,5.0,1.8339361274810945e-05
10,10.0,2.4622546581990533e-05
10,20.0,3.718891719634971e-05
10,50.0,7.488802903942723e-05
10,100.0,0.00013771999091816145
10,200.0,0.0024889733923698643
10,500.0,0.006455470461215751
10,800.0,0.009445476409938314
10,1000.0,0.012925829965979019
10,1500.0,0.019507850198373422
10,2000.0,0.02624418167836917
10,3000.0,0.040450023888153
10,5000.0,0.07480250969005475
10,7500.0,1.4661384906298927
10,10000.0,1.5345160607703128
10,15000.0,1.9432899951440166
10,20000.0,1.9593490016138349
10,30000.0,1.9829379144454387
10,40000.0,2.00100170378444
10,50000.0,2.01659587907995
11,0.0,0.0
11,0.1,1.208382198303326e-05
11,0.2,1.2209485689176851e-05
11,0.5,1.2586476807607627e-05
11,1.0,1.3214795338325585e-05
11,2.0,1.4471432399761503e-05
11,5.0,1.8241343584069253e-05
11,10.0,2.452452889124884e-05
11,20.0,3.709089950560802e-05
11,50.0,7.479001134868553e-05
11,100.0,0.00013762240888448574
11,200.0,0.01139999733992103
11,500.0,0.02871891626144285
11,800.0,0.050937775745482305
11,1000.0,0.05118910764109885
11,1500.0,0.09766941074457391
11,2000.0,0.1559702847368567
11,3000.0,1.9045276976681114
11,5000.0,1.933133984968229
11,7500.0,1.9519185941308659
11,10000.0,1.9623482914839983
11,15000.0,1.9744427116347771
11,20000.0,1.982801068121696
11,30000.0,1.9968095733464724
11,40000.0,2.0098604452758817
11,50000.0,2.0226459343766745
12,0.0,0.0
12,0.1,0.00043469689760178287
12,0.2,0.00043482256130792643
12,0.5,0.0004351995524263572
12,1.0,0.0004358278709570752
12,2.0,0.0004370845080185111
12,5.0,0.00044085441920281885
12,10.0,0.00044713760450999844
12,20.0,0.0004597039751243576
12,50.0,0.0004974030869674351
12,100.0,0.000560234940039231
12,200.0,0.0006858987123139482
12,500.0,0.003091905128653094
12,800.0,0.005380976194408915
12,1000.0,0.0056323039132636366
12,1500.0,0.009395953180701855
12,2000.0,0.01265967396043921
12,3000.0,0.019618421514002837
12,5000.0,0.03704388062231412
12,7500.0,1.3626966584779858
12,10000.0,1.452871634443267
12,15000.0,1.9672787359871664
12,20000.0,1.9766435182484479
12,30000.0,1.9926573481167558
12,40000.0,2.006987399575209
12,50000.0,2.020567851074138
13,0.0,0.0
13,0.1,3.6090616428730016e-07
13,0.2,4.865698704308919e-07
13,0.5,8.63560988861667e-07
13,1.0,1.4918795195796257e-06
13,2.0,2.748516581015543e-06
13,5.0,6.5184277653232955e-06
13,10.0,1.2801613072502881e-05
13,20.0,2.5367983686862055e-05
13,50.0,0.00011350699921119922
13,100.0,0.0001763388522829951
13,200.0,0.0003020025635158685
13,500.0,0.0008351358711194967
13,800.0,0.001369592396977093
13,1000.0,0.0016209198348489107
13,1500.0,0.002510896562284315
13,2000.0,0.0033594608937850268
13,3000.0,0.0050896802236714
13,5000.0,0.008793163478409749
13,7500.0,0.014481814451763442
13,10000.0,0.024575203183766825
13,15000.0,1.9781784988203603
13,20000.0,1.9846915355505204
13,30000.0,1.997513987231428
13,40000.0,2.0102124268467785
13,50000.0,2.0228561333927466
14,0.0,0.0
14,0.1,0.0001297050509332376
14,0.2,0.0001298307146393812
14,0.5,0.00013020770575781197
14,1.0,0.00013083602428852993
14,2.0,0.00013209266134996583
14,5.0,0.0001358625725342736
14,10.0,0.00014214575784145318
14,20.0,0.00015471212845581236
14,50.0,0.00019241124029888986
14,100.0,0.00025524311317570714
14,200.0,0.0007860139418434109
14,500.0,0.0019694946410820924
14,800.0,0.0029264565409425902
14,1000.0,0.0039564364726557555
14,1500.0,0.005976115970746876
14,2000.0,0.008056047424149226
14,3000.0,0.012482998055010963
14,5000.0,0.023436574937134247
14,7500.0,0.056964112351664875
14,10000.0,1.4364480729868476
14,15000.0,1.973743041659021
14,20000.0,1.9814513253922126
14,30000.0,1.995579294543302
14,40000.0,2.0089340800429003
14,50000.0,2.0219513906936815
15,0.0,0.0
15,0.1,1.2566370614359172e-07
15,0.2,2.5132741228718345e-07
15,0.5,6.283185307179586e-07
15,1.0,1.2566370614359173e-06
15,2.0,2.5132741228718346e-06
15,5.0,6.283185307179587e-06
15,10.0,1.2566370614359173e-05
15,20.0,2.5132741228718347e-05
15,50.0,9.472680965538771e-05
15,100.0,0.0001575586627271836
15,200.0,0.00028322237196753974
15,500.0,0.0007552220412703203
15,800.0,0.0012093334767588892
15,1000.0,0.0014822738016003756
15,1500.0,0.002273830976563862
15,2000.0,0.003040452501264057
15,3000.0,0.004606325573538794
15,5000.0,0.007966090216201094
15,7500.0,0.013360688108156715
15,10000.0,1.9722105923564999
15,15000.0,1.9786780361619285
15,20000.0,1.9850698152394788
15,30000.0,1.997753091575587
15,40000.0,2.010378174770912
15,50000.0,2.022978145838357
16,0.0,0.0
16,0.1,1.2566370614359172e-07
16,0.2,2.5132741228718345e-07
16,0.5,6.283185307179586e-07
16,1.0,1.2566370614359173e-06
16,2.0,2.5132741228718346e-06
16,5.0,6.283185307179587e-06
16,10.0,1.2566370614359173e-05
16,20.0,2.5132741228718347e-05
16,50.0,6.283185307179587e-05
16,100.0,0.00012566370614359174
16,200.0,0.0013090951405356765
16,500.0,0.0021861137459905366
16,800.0,0.0032444259532644626
16,1000.0,0.004394026673572582
16,1500.0,0.0066401858230343835
16,2000.0,0.00894781242122522
16,3000.0,0.013847776816249824
16,5000.0,0.025939799691380827
16,7500.0,0.06179288524710902
16,10000.0,1.4347773328398272
16,15000.0,1.9724764178990646
16,20000.0,1.9805087970395419
16,30000.0,1.9950061949349471
16,40000.0,2.008551458161743
16,50000.0,2.0216788230384513
17,0.0,0.0
17,0.1,5.177344695184161e-07
17,0.2,6.433981756620078e-07
17,0.5,1.020389294092783e-06
17,1.0,1.6487078248107416e-06
17,2.0,2.905344886246659e-06
17,5.0,6.6752560705544105e-06
17,10.0,1.2958441377733997e-05
17,20.0,2.552481199209317e-05
17,50.0,0.00010445996635111143
17,100.0,0.00016729181942290732
17,200.0,0.0002929555298412101
17,500.0,0.0008010943251571812
17,800.0,0.0013116149408953781
17,1000.0,0.001603962766381417
17,1500.0,0.0024125260088219136
17,2000.0,0.0032285092522587044
17,3000.0,0.004890939549151874
17,5000.0,0.008455218089238214
17,7500.0,0.01401720079722224
17,10000.0,0.025597850974540814
17,15000.0,1.9784036160430034
17,20000.0,1.984863478190235
17,30000.0,1.9976251294863032
17,40000.0,2.010291429109502
17,50000.0,2.022915855582376
18,0.0,0.0
18,0.1,1.2566370614359172e-07
18,0.2,2.5132741228718345e-07
18,0.5,6.283185307179586e-07
18,1.0,1.2566370614359173e-06
18,2.0,2.5132741228718346e-06
18,5.0,6.283185307179587e-06
18,10.0,1.2566370614359173e-05
18,20.0,2.5132741228718347e-05
18,50.0,6.283185307179587e-05
18,100.0,0.00012566370614359174
18,200.0,0.0009431852986809819
18,500.0,0.0018091867916557591
18,800.0,0.0037953832746445704
18,1000.0,0.004338705548151189
18,1500.0,0.0071909472200262226
18,2000.0,0.009693952531952044
18,3000.0,0.015034820103407176
18,5000.0,0.02840335668106453
18,7500.0,1.9569596201200352
18,10000.0,1.9624797730170922
18,15000.0,1.9719103069488662
18,20000.0,1.9801113646879815
18,30000.0,1.9947835085553485
18,40000.0,2.008411351664388
18,50000.0,2.0215836674394474
19,0.0,0.0
19,0.1,1.742955604400187e-06
19,0.2,1.8686193105437788e-06
19,0.5,2.245610428974554e-06
19,1.0,2.8739289596925124e-06
19,2.0,4.13056602112843e-06
19,5.0,7.900477205436182e-06
19,10.0,1.4183662512615768e-05
19,20.0,2.675003312697494e-05
19,50.0,6.444921971360262e-05
19,100.0,0.0016561217319388533
19,200.0,0.0017817855551172102
19,500.0,0.00574958637245504
19,800.0,0.010129433423058165
19,1000.0,0.010380761473984257
19,1500.0,0.01754057632634831
19,2000.0,0.02366243480737984
19,3000.0,0.03681891934869419
19,5000.0,0.07185726429003736
19,7500.0,1.4278923213838226
19,10000.0,1.5011085141918747
19,15000.0,1.95411182411277
19,20000.0,1.967329367104461
19,30000.0,1.9875190650222714
19,40000.0,2.003841472535826
19,50000.0,2.018484190417624
20,0.0,0.0
20,0.1,5.668187129326263e-05
20,0.2,5.680753499940623e-05
20,0.5,5.7184526117837e-05
20,1.0,5.781284464855496e-05
20,2.0,5.906948170999088e-05
20,5.0,6.283939289429862e-05
20,10.0,6.912257820147821e-05
20,20.0,8.168894881583739e-05
20,50.0,0.0001193880606589149
20,100.0,0.00018221991847255925
20,200.0,0.0004048819341795351
20,500.0,0.0010119107826844775
20,800.0,0.0016227230960599304
20,1000.0,0.0019385461844269036
20,1500.0,0.0030593153411526686
20,2000.0,0.004101425449370866
20,3000.0,0.00625707095897754
20,5000.0,0.011092570246660771
20,7500.0,0.019660971179561337
20,10000.0,1.3165303486912459
20,15000.0,1.9775323956338335
20,20000.0,1.9842217955475199
20,30000.0,1.9972359306602891
20,40000.0,2.0100305060008674
20,50000.0,2.0227290436246363
21,0.0,0.0
21,0.1,1.2566370614359172e-07
21,0.2,2.5132741228718345e-07
21,0.5,6.283185307179586e-07
21,1.0,1.2566370614359173e-06
21,2.0,2.5132741228718346e-06
21,5.0,6.283185307179587e-06
21,10.0,1.2566370614359173e-05
21,20.0,2.5132741228718347e-05
21,50.0,6.283185307179587e-05
21,100.0,0.00012870227148520375
21,200.0,0.0006006036689404359
21,500.0,0.0015079293434854257
21,800.0,0.0025672804035226093
21,1000.0,0.003028208894286899
21,1500.0,0.004571620485335437
21,2000.0,0.0061441828512354135
21,3000.0,0.009459348224925002
21,5000.0,0.01729667828862913
21,7500.0,0.034065650915949264
21,10000.0,1.9675714475676944
21,15000.0,1.9754294653663802
21,20000.0,1.9826739491152394
21,30000.0,1.9963014496455347
21,40000.0,2.0094077407623874
21,50000.0,2.022285023386801
22,0.0,0.0
22,0.1,1.2566370614359172e-07
22,0.2,2.5132741228718345e-07
22,0.5,6.283185307179586e-07
22,1.0,1.2566370614359173e-06
22,2.0,2.5132741228718346e-06
22,5.0,6.283185307179587e-06
22,10.0,1.2566370614359173e-05
22,20.0,2.5132741228718347e-05
22,50.0,6.283185307179587e-05
22,100.0,0.00012566370614359174
22,200.0,0.007526200422869778
22,500.0,0.007903192478844301
22,800.0,0.019786342157036896
22,1000.0,0.020037670821027587
22,1500.0,0.03346743161776833
22,2000.0,0.04475096153508906
22,3000.0,0.06762608583755525
22,5000.0,0.1156554691602113
22,7500.0,0.1846122075657487
22,10000.0,0.286736571668053
22,15000.0,1.7581645171120455
22,20000.0,1.8101643663087321
22,30000.0,1.8899103195194615
22,40000.0,1.9449696020505702
22,50000.0,1.9828265767317061
23,0.0,0.0
23,0.1,0.00010613179629781477
23,0.2,0.00010625746000395836
23,0.5,0.00010663445112238914
23,1.0,0.00010726276965310709
23,2.0,0.00010851940671454301
23,5.0,0.00011228931789885077
23,10.0,0.00011857250320603035
23,20.0,0.00013113887382038952
23,50.0,0.0001688379961625186
23,100.0,0.0004464265992603078
23,200.0,0.0005720903300845404
23,500.0,0.0017063171473592487
23,800.0,0.0027375763342507575
23,1000.0,0.003171638226058704
23,1500.0,0.005173596127608482
23,2000.0,0.006969119385474287
23,3000.0,0.010744458210391605
23,5000.0,0.01981871263410162
23,7500.0,0.04080627845019014
23,10000.0,1.279023102367954
23,15000.0,1.9746018334232056
23,20000.0,1.9820683565871942
23,30000.0,1.9959394703314217
23,40000.0,2.0091683619428853
23,50000.0,2.0221154135361887
24,0.0,0.0
24,0.1,1.2566370614359172e-07
24,0.2,2.5132741228718345e-07
24,0.5,6.283185307179586e-07
24,1.0,1.2566370614359173e-06
24,2.0,2.5132741228718346e-06
24,5.0,6.283185307179587e-06
24,10.0,1.2566370614359173e-05
24,20.0,5.355786975358434e-05
24,50.0,0.0001671226980444196
24,100.0,0.0006793362634146538
24,200.0,0.0013632891595559693
24,500.0,0.003399504226468064
24,800.0,0.0054501376976132665
24,1000.0,0.006829433153466735
24,1500.0,0.010342353195505805
24,2000.0,0.013947077593490231
24,3000.0,0.02167401920084988
24,5000.0,0.04151010562306767
24,7500.0,1.0259901571474195
24,10000.0,1.2345980826520309
24,15000.0,1.9669845555189647
24,20000.0,1.976534600967698
24,30000.0,1.9926893508980181
24,40000.0,2.0070549827686426
24,50000.0,2.020640246937904
25,0.0,0.0
25,0.1,4.095003192117197e-05
25,0.2,4.1075695627315565e-05
25,0.5,4.145268674574634e-05
25,1.0,4.2081005276464296e-05
25,2.0,4.333764233790022e-05
25,5.0,4.710755352220797e-05
25,10.0,5.339073882938755e-05
25,20.0,6.595710944374673e-05
25,50.0,0.00010365622354835402
25,100.0,0.0002127524378383594
25,200.0,0.0006130421144027176
25,500.0,0.0015357271618061663
25,800.0,0.002609957307830091
25,1000.0,0.003079766202106815
25,1500.0,0.0046483683369111795
25,2000.0,0.006253139321993673
25,3000.0,0.009626331168159918
25,5000.0,0.017618725207768637
25,7500.0,0.034890557993606186
25,10000.0,1.9674134627743294
25,15000.0,1.9753186465695411
25,20000.0,1.982592927688373
25,30000.0,1.9962526662432185
25,40000.0,2.009375257697658
25,50000.0,2.022262087241892
26,0.0,0.0
26,0.1,1.2566370614359172e-07
26,0.2,2.5132741228718345e-07
26,0.5,6.283185307179586e-07
26,1.0,1.2566370614359173e-06
26,2.0,2.5132741228718346e-06
26,5.0,6.283185307179587e-06
26,10.0,1.2566370614359173e-05
26,20.0,2.5132741228718347e-05
26,50.0,6.283185307179587e-05
26,100.0,0.00016036198090352283
26,200.0,0.0005359708002729002
26,500.0,0.001340221063958591
26,800.0,0.002269708487956379
26,1000.0,0.002689263702351674
26,1500.0,0.004057008007332996
26,2000.0,0.00545278562570406
26,3000.0,0.008377036849236963
26,5000.0,0.015201912850798083
26,7500.0,0.029113062080143637
26,10000.0,1.9686370657579233
26,15000.0,1.9761757132246034
26,20000.0,1.983223475521044
26,30000.0,1.9966333375303005
26,40000.0,2.009628790272267
26,50000.0,2.0224424986438776
27,0.0,0.0
27,0.1,1.2566370614359172e-07
27,0.2,2.5132741228718345e-07
27,0.5,6.283185307179586e-07
27,1.0,1.2566370614359173e-06
27,2.0,2.5132741228718346e-06
27,5.0,6.283185307179587e-06
27,10.0,1.2566370614359173e-05
27,20.0,2.5132741228718347e-05
27,50.0,6.283185307179587e-05
27,100.0,0.00012566370614359174
27,200.0,0.0008671235846364755
27,500.0,0.0021629815706879496
27,800.0,0.0032179121652617937
27,1000.0,0.0043539962466633275
27,1500.0,0.006579806925760767
27,2000.0,0.008865614779902997
27,3000.0,0.013706013820932617
27,5000.0,0.02552601801974852
27,7500.0,0.05702522640720231
27,10000.0,1.2573116984251473
27,15000.0,1.9724506000403321
27,20000.0,1.9804899482367468
27,30000.0,1.9949932075915036
27,40000.0,2.008542469939006
27,50000.0,2.021672314662415
28,0.0,0.0
28,0.1,1.2566370614359172e-07
28,0.2,2.5132741228718345e-07
28,0.5,6.283185307179586e-07
28,1.0,1.2566370614359173e-06
28,2.0,2.5132741228718346e-06
28,5.0,6.283185307179587e-06
28,10.0,1.2566370614359173e-05
28,20.0,2.5132741228718347e-05
28,50.0,6.31749150579175e-05
28,100.0,0.0001274084215940885
28,200.0,0.00026441277463751245
28,500.0,0.0006607133796650011
28,800.0,0.0010639732370876231
28,1000.0,0.0013153006535651102
28,1500.0,0.001986472513972104
28,2000.0,0.0026504694923107364
28,3000.0,0.003985216850850404
28,5000.0,0.006705641546842611
28,7500.0,0.010330490822960003
28,10000.0,0.014936761656295205
28,15000.0,1.9789520348036165
28,20000.0,1.9852677815789046
28,30000.0,1.9978703599350225
28,40000.0,2.0104557067692066
28,50000.0,2.023033545449395
29,0.0,0.0
29,0.1,5.667433149447731e-07
29,0.2,6.924070210883649e-07
29,0.5,1.0693981395191401e-06
29,1.0,1.6977166702370987e-06
29,2.0,2.954353731673016e-06
29,5.0,6.724264915980768e-06
29,10.0,1.3007450223160354e-05
29,20.0,2.5573820837519528e-05
29,50.0,0.00027126647254094305
29,100.0,0.00033409832561273893
29,200.0,0.00045976205237663326
29,500.0,0.001469408389052962
29,800.0,0.002504813688191887
29,1000.0,0.0027561412023199283
29,1500.0,0.004426005402315858
29,2000.0,0.0059128218664608045
29,3000.0,0.008947460588136003
29,5000.0,0.015342048759215077
29,7500.0,0.02447516886637302
29,10000.0,0.03628501382653071
29,15000.0,1.969504227486758
29,20000.0,1.9777110094574737
29,30000.0,1.9927281756527604
29,40000.0,2.0067353079159003
29,50000.0,2.0202178887648934
30,0.0,0.0
30,0.1,3.5072740387498413e-06
30,0.2,3.632937744893433e-06
30,0.5,4.009928863324208e-06
30,1.0,4.638247394042167e-06
30,2.0,5.894884455478084e-06
30,5.0,9.664795639796608e-06
30,10.0,2.17898349593737e-05
30,20.0,0.0002309502762873894
30,50.0,0.0002686494001967743
30,100.0,0.0003314812532685702
30,200.0,0.0004571449873302935
30,500.0,0.0016907029429924503
30,800.0,0.0028910328447689926
30,1000.0,0.003395736046168163
30,1500.0,0.005128223741905691
30,2000.0,0.006897017568689767
30,3000.0,0.0106371974473497
30,5000.0,0.019591968314405128
30,7500.0,0.040012442981316565
30,10000.0,1.4206135599464917
30,15000.0,1.9746526653954524
30,20000.0,1.9821042016585566
30,30000.0,1.9959596031640667
30,40000.0,2.0091813786930963
30,50000.0,2.022124529183583
31,0.0,0.0
31,0.1,5.177344695184161e-07
31,0.2,6.433981756620078e-07
31,0.5,1.020389294092783e-06
31,1.0,1.6487078248107416e-06
31,2.0,2.905344886246659e-06
31,5.0,6.6752560705544105e-06
31,10.0,1.2958441377733997e-05
31,20.0,2.552481199209317e-05
31,50.0,0.00013062088868054378
31,100.0,0.00020689096650272631
31,200.0,0.0003325546788846001
31,500.0,0.0009009351516460207
31,800.0,0.001493045691372319
31,1000.0,0.001810044972039293
31,1500.0,0.002728731077942026
31,2000.0,0.0036572876654366038
31,3000.0,0.005573436754305994
31,5000.0,0.009858223685086931
31,7500.0,0.017532409215719746
31,10000.0,1.9714221876694866
31,15000.0,1.9781338027570712
31,20000.0,1.984672147648175
31,30000.0,1.9975141832677583
31,40000.0,2.010219092048958
31,50000.0,2.0228647589484554
32,0.0,0.0
32,0.1,1.2566370614359172e-07
32,0.2,2.5132741228718345e-07
32,0.5,6.283185307179586e-07
32,1.0,1.2566370614359173e-06
32,2.0,2.5132741228718346e-06
32,5.0,6.283185307179587e-06
32,10.0,1.2566370614359173e-05
32,20.0,2.5132741228718347e-05
32,50.0,0.00041383320379784205
32,100.0,0.00047666505686963794
32,200.0,0.0006023287985496006
32,500.0,0.0020696295574027523
32,800.0,0.003559317411039431
32,1000.0,0.003810645004889923
32,1500.0,0.006295849672296794
32,2000.0,0.00848833487324685
32,3000.0,0.013195488684870305
32,5000.0,0.025207107653910765
32,7500.0,1.3360741814860664
32,10000.0,1.4488447022663984
32,15000.0,1.9736222054561263
32,20000.0,1.9813735385475155
32,30000.0,1.995541146060369
32,40000.0,2.0089117712145317
32,50000.0,2.021937070304652
33,0.0,0.0
33,0.1,1.2566370614359172e-07
33,0.2,2.5132741228718345e-07
33,0.5,6.283185307179586e-07
33,1.0,1.2566370614359173e-06
33,2.0,2.5132741228718346e-06
33,5.0,6.283185307179587e-06
33,10.0,1.2566370614359173e-05
33,20.0,2.5132741228718347e-05
33,50.0,0.000673678102087405
33,100.0,0.0007365099551592009
33,200.0,0.0008621737221933268
33,500.0,0.0031073821224613107
33,800.0,0.005401755944856701
33,1000.0,0.0056530836655189765
33,1500.0,0.009435219067402523
33,2000.0,0.012739264333294975
33,3000.0,0.019779141140991552
33,5000.0,0.0377828359718394
33,7500.0,1.0748088632499466
33,10000.0,1.956706384244161
33,15000.0,1.9677888200338907
33,20000.0,1.977043440242171
33,30000.0,1.9929147425610807
33,40000.0,2.007165056649557
33,50000.0,2.0206968423820513
34,0.0,0.0
34,0.1,1.2566370614359172e-07
34,0.2,2.5132741228718345e-07
34,0.5,6.283185307179586e-07
34,1.0,1.2566370614359173e-06
34,2.0,2.5132741228718346e-06
34,5.0,6.283185307179587e-06
34,10.0,1.2566370614359173e-05
34,20.0,2.5132741228718347e-05
34,50.0,6.283185307179587e-05
34,100.0,0.0008269802837603812
34,200.0,0.0009526440444405093
34,500.0,0.003002895257738669
34,800.0,0.005219482247060037
34,1000.0,0.0054708099550137
34,1500.0,0.009122973913238241
34,2000.0,0.01231419098862696
34,3000.0,0.01909828082712861
34,5000.0,0.036257906174977705
34,7500.0,1.9515068569403748
34,10000.0,1.9580248786498733
34,15000.0,1.96880741984568
34,20000.0,1.9778512138596365
34,30000.0,1.9934514188003534
34,40000.0,2.0075440910792013
34,50000.0,2.0209778493538284
35,0.0,0.0
35,0.1,6.006725153717696e-06
35,0.2,6.132388859861288e-06
35,0.5,6.509379978292063e-06
35,1.0,7.137698509010022e-06
35,2.0,8.394335570445939e-06
35,5.0,1.2164246754764463e-05
35,10.0,1.844743206194405e-05
35,20.0,3.101380267630322e-05
35,50.0,6.871291451938074e-05
35,100.0,0.00013154476838350693
35,200.0,0.0002734206008531137
35,500.0,0.0006829731985649179
35,800.0,0.0011024451807236657
35,1000.0,0.0013537725998692407
35,1500.0,0.0020522325823837395
35,2000.0,0.0027388814542249618
35,3000.0,0.004122921908599753
35,5000.0,0.006961271680072878
35,7500.0,0.010825999652225304
35,10000.0,0.015925965932934383
35,15000.0,1.9788504100655242
35,20000.0,1.9851915238123543
35,30000.0,1.9978225469075932
35,40000.0,2.010422478770238
35,50000.0,2.0230091782465784
36,0.0,0.0
36,0.1,2.899564355729467e-06
36,0.2,3.0252280618730588e-06
36,0.5,3.402219180303834e-06
36,1.0,4.030537711021792e-06
36,2.0,5.28717477245771e-06
36,5.0,9.057085956765462e-06
36,10.0,1.5340271263945048e-05
36,20.0,2.790664187830422e-05
36,50.0,6.560575372138174e-05
36,100.0,0.00012843782122773373
36,200.0,0.004640246171102591
36,500.0,0.011821204122112405
36,800.0,0.017544521896072807
36,1000.0,0.023705923937243467
36,1500.0,0.03559075946738077
36,2000.0,0.04758854442462801
36,3000.0,0.07196111436128116
36,5000.0,0.12336113959910888
36,7500.0,0.19861975884983385
36,10000.0,0.47987034296851483
36,15000.0,1.696202314943799
36,20000.0,1.7790494797305736
36,30000.0,1.9162054180370545
36,40000.0,1.9741847938166592
36,50000.0,2.007318063698838
37,0.0,0.0
37,0.1,1.2566370614359172e-07
37,0.2,2.5132741228718345e-07
37,0.5,6.283185307179586e-07
37,1.0,1.2566370614359173e-06
37,2.0,2.5132741228718346e-06
37,5.0,6.283185307179587e-06
37,10.0,2.0505802836856546e-05
37,20.0,3.307217418269115e-05
37,50.0,7.077128684240819e-05
37,100.0,0.00015030535823046254
37,200.0,0.00037050712837116695
37,500.0,0.000926978449156679
37,800.0,0.001483096906471637
37,1000.0,0.001854888067641114
37,1500.0,0.0027946871818119723
37,2000.0,0.0037394264943186872
37,3000.0,0.005696468560068002
37,5000.0,0.009989596795747402
37,7500.0,0.017204245992686662
37,10000.0,1.3890844652659435
37,15000.0,1.9778626858334807
37,20000.0,1.9844633503556
37,30000.0,1.997380967430257
37,40000.0,2.0101271514499284
37,50000.0,2.022797969680083
38,0.0,0.0
38,0.1,2.628884733235637e-07
38,0.2,3.8855217946715544e-07
38,0.5,7.655432978979306e-07
38,1.0,1.3938618286158892e-06
38,2.0,2.6504988900518065e-06
38,5.0,6.420410074370331e-06
38,10.0,1.2703595381549917e-05
38,20.0,2.526996599590909e-05
38,50.0,6.296907818859054e-05
38,100.0,0.00013295622247255778
38,200.0,0.00026136442433843943
38,500.0,0.0006541265903348137
38,800.0,0.0010511427213629743
38,1000.0,0.0013024701368322678
38,1500.0,0.001963330537304797
38,2000.0,0.0026197703498217484
38,3000.0,0.003936796109821339
38,5000.0,0.006604222644137403
38,7500.0,0.010089396710663223
38,10000.0,0.014147435061413804
38,15000.0,1.9789686193961513
38,20000.0,1.985279269252891
38,30000.0,1.9978764370314748
38,40000.0,2.010459215802852
38,50000.0,2.0230356724340472
39,0.0,0.0
39,0.1,1.7768848048715924e-05
39,0.2,1.7894511754859516e-05
39,0.5,1.827150287329029e-05
39,1.0,1.889982140400825e-05
39,2.0,2.015645913489017e-05
39,5.0,4.447087658898674e-05
39,10.0,5.0754062946745115e-05
39,20.0,6.332043356110429e-05
39,50.0,0.00010101954540420177
39,100.0,0.00016385140022023847
39,200.0,0.00032519355361826374
39,500.0,0.0009951987653863403
39,800.0,0.0015935138409874927
39,1000.0,0.0019951611917248258
39,1500.0,0.003004415633932389
39,2000.0,0.004026049840894386
39,3000.0,0.006138155892266184
39,5000.0,0.01084718296243381
39,7500.0,0.019074472529198028
39,10000.0,1.9706559346550738
39,15000.0,1.9775815220983481
39,20000.0,1.9842565330189026
39,30000.0,1.9972558870611108
39,40000.0,2.010043483543985
39,50000.0,2.0227381200649535
40,0.0,0.0
40,0.1,0.00033360145131877683
40,0.2,0.0003337271150249204
40,0.5,0.00033410410614335116
40,1.0,0.00033473242467406915
40,2.0,0.0003359890617355051
40,5.0,0.0003397589729198236
40,10.0,0.0003460421582270032
40,20.0,0.00035860852884136236
40,50.0,0.0003963076406844399
40,100.0,0.0004591394937562358
40,200.0,0.0005848032474966569
40,500.0,0.0024221404032889193
40,800.0,0.004190688564507217
40,1000.0,0.004442016202429788
40,1500.0,0.007377955171243067
40,2000.0,0.00997144063777955
40,3000.0,0.01554953064263409
40,5000.0,0.030150443559764928
40,7500.0,1.3493115391363384
40,10000.0,1.4598397781956243
40,15000.0,1.972354033021381
40,20000.0,1.9804616799263388
40,30000.0,1.9950101352478333
40,40000.0,2.0085671017837567
40,50000.0,2.0216962897899453
41,0.0,0.0
41,0.1,4.687256242030813e-07
41,0.2,5.94389330346673e-07
41,0.5,9.713804487774483e-07
41,1.0,1.5996989794954068e-06
41,2.0,2.856336040931324e-06
41,5.0,6.626247225239076e-06
41,10.0,1.2909432532418662e-05
41,20.0,2.5475803146777836e-05
41,50.0,6.317491789153973e-05
41,100.0,0.00018536628160481516
41,200.0,0.00031102999237231366
41,500.0,0.0008298821224538289
41,800.0,0.001358947685465739
41,1000.0,0.0016599210687449073
41,1500.0,0.0024959978739569344
41,2000.0,0.003345218924009963
41,3000.0,0.005082564142823598
41,5000.0,0.00889049504150874
41,7500.0,0.015354720789196086
41,10000.0,1.9718155225452643
41,15000.0,1.978404978489709
41,20000.0,1.9848703198243798
41,30000.0,1.9976329807031905
41,40000.0,2.0102982903479787
41,50000.0,2.022921413186163
42,0.0,0.0
42,0.1,7.137698511128221e-07
42,0.2,8.394335572564138e-07
42,0.5,1.216424675687189e-06
42,1.0,1.8447432064051476e-06
42,2.0,3.101380267841065e-06
42,5.0,6.8712914521488166e-06
42,10.0,1.3154476759328403e-05
42,20.0,2.5720847373687577e-05
42,50.0,0.0001446276160377291
42,100.0,0.000207459469109525
42,200.0,0.0003331231833501036
42,500.0,0.0009585401518253933
42,800.0,0.0015911613870124297
42,1000.0,0.0018424888405434992
42,1500.0,0.002892616655304714
42,2000.0,0.0038802779235752594
42,3000.0,0.005914930397683205
42,5000.0,0.010457817493667698
42,7500.0,0.018316060651303534
42,10000.0,0.03972229702923602
42,15000.0,1.9778966195575414
42,20000.0,1.9844939318755386
42,30000.0,1.9974004631475162
42,40000.0,2.0101368355989835
42,50000.0,2.0228006553686697
43,0.0,0.0
43,0.1,1.2566370614359172e-07
43,0.2,2.5132741228718345e-07
43,0.5,6.283185307179586e-07
43,1.0,1.2566370614359173e-06
43,2.0,4.0446120459280976e-05
43,5.0,4.4216031643729004e-05
43,10.0,5.049921695090859e-05
43,20.0,6.306558756526777e-05
43,50.0,0.00010076470129627424
43,100.0,0.00020221553382981927
43,200.0,0.0005565153090223429
43,500.0,0.0013840741815257518
43,800.0,0.0023467798001561846
43,1000.0,0.0027762053985571633
43,1500.0,0.004189694554787016
43,2000.0,0.005627551178270074
43,3000.0,0.008652888044701101
43,5000.0,0.015724249115925515
43,7500.0,0.03023041473889687
43,10000.0,1.410109994091561
43,15000.0,1.9759553596622346
43,20000.0,1.9830597173580906
43,30000.0,1.9965329086091366
43,40000.0,2.009561236475738
43,50000.0,2.022394313136406
44,0.0,0.0
44,0.1,1.2566370614359172e-07
44,0.2,2.5132741228718345e-07
44,0.5,6.283185307179586e-07
44,1.0,1.2566370614359173e-06
44,2.0,2.5132741228718346e-06
44,5.0,6.283185307179587e-06
44,10.0,1.2566370614359173e-05
44,20.0,2.5132741228718347e-05
44,50.0,0.0003892405651780839
44,100.0,0.0004520724182498798
44,200.0,0.0005777361567819161
44,500.0,0.0019484502607932663
44,800.0,0.0031253931377214217
44,1000.0,0.0036007891123547298
44,1500.0,0.005916736849965187
44,2000.0,0.007967909908110915
44,3000.0,0.012308154084832879
44,5000.0,0.0228639556022181
44,7500.0,0.049299501487516606
44,10000.0,1.2687763450747216
44,15000.0,1.9735342345788633
44,20000.0,1.9812870869440502
44,30000.0,1.9954731707942641
44,40000.0,2.0088605667708035
44,50000.0,2.0218979122305396
45,0.0,0.0
45,0.1,1.2566370614359172e-07
45,0.2,2.5132741228718345e-07
45,0.5,6.283185307179586e-07
45,1.0,1.2566370614359173e-06
45,2.0,2.5132741228718346e-06
45,5.0,6.283185307179587e-06
45,10.0,1.2566370614359173e-05
45,20.0,2.5132741228718347e-05
45,50.0,7.885774551619207e-05
45,100.0,0.00014168959858798795
45,200.0,0.0002673533063234368
45,500.0,0.000693176840798615
45,800.0,0.0011202844004477575
45,1000.0,0.001371611821000318
45,1500.0,0.0020844607989364272
45,2000.0,0.0027825287342214677
45,3000.0,0.004189956209370238
45,5000.0,0.0070890475395460895
45,7500.0,0.011069269757559619
45,10000.0,0.01637739618409373
45,15000.0,1.978800813115766
45,20000.0,1.98515408105298
45,30000.0,1.9977986109885513
45,40000.0,2.010405698140696
45,50000.0,2.0229962007022215
46,0.0,0.0
46,0.1,1.2566370614359172e-07
46,0.2,2.5132741228718345e-07
46,0.5,6.283185307179586e-07
46,1.0,1.2566370614359173e-06
46,2.0,2.5132741228718346e-06
46,5.0,6.283185307179587e-06
46,10.0,1.2566370614359173e-05
46,20.0,2.5132741228718347e-05
46,50.0,0.0001333457798274873
46,100.0,0.00019617763289928318
46,200.0,0.0003218413461516523
46,500.0,0.0009169316354146195
46,800.0,0.001467698313554644
46,1000.0,0.0017694656558775446
46,1500.0,0.0027681929992551257
46,2000.0,0.003709197836458178
46,3000.0,0.005645577774589516
46,5000.0,0.009926208755573818
46,7500.0,0.01723384733414446
46,10000.0,1.4050626897496576
46,15000.0,1.9779571356771424
46,20000.0,1.984536079484834
46,30000.0,1.9974275748401364
46,40000.0,2.0101594972896404
46,50000.0,2.0228216311554283
47,0.0,0.0
47,0.1,1.2566370614359172e-07
47,0.2,2.5132741228718345e-07
47,0.5,6.283185307179586e-07
47,1.0,1.2566370614359173e-06
47,2.0,2.5132741228718346e-06
47,5.0,6.283185307179587e-06
47,10.0,1.2566370614359173e-05
47,20.0,2.5132741228718347e-05
47,50.0,6.283185307179587e-05
47,100.0,0.0008339885486516874
47,200.0,0.0009596523094429488
47,500.0,0.0030133145385071725
47,800.0,0.005232812653007679
47,1000.0,0.005484140360539902
47,1500.0,0.009131991540844875
47,2000.0,0.012311907171319358
47,3000.0,0.019043714362018682
47,5000.0,0.03570711538343707
47,7500.0,1.359347629251209
47,10000.0,1.4508795423325802
47,15000.0,1.9671559688283182
47,20000.0,1.9765130370994122
47,30000.0,1.9925415892271578
47,40000.0,2.006893645651265
47,50000.0,2.0204924362527317
48,0.0,0.0
48,0.1,1.2566370614359172e-07
48,0.2,2.5132741228718345e-07
48,0.5,6.283185307179586e-07
48,1.0,1.2566370614359173e-06
48,2.0,2.5132741228718346e-06
48,5.0,6.283185307179587e-06
48,10.0,1.2566370614359173e-05
48,20.0,2.5132741228718347e-05
48,50.0,0.00019736113368384878
48,100.0,0.0002601929912582346
48,200.0,0.0004779541377981644
48,500.0,0.0015492927987109661
48,800.0,0.002482377469043562
48,1000.0,0.0028885141061313346
48,1500.0,0.004685164175186718
48,2000.0,0.006306460948548476
48,3000.0,0.00970792109653884
48,5000.0,0.017776739524272056
48,7500.0,0.03530591775689296
48,10000.0,1.4159674233778472
48,15000.0,1.9752672362925607
48,20000.0,1.9825540636724341
48,30000.0,1.9962295046640388
48,40000.0,2.0093599669369278
48,50000.0,2.0222510308440356
49,0.0,0.0
49,0.1,1.2566370614359172e-07
49,0.2,2.5132741228718345e-07
49,0.5,6.283185307179586e-07
49,1.0,1.2566370614359173e-06
49,2.0,2.5132741228718346e-06
49,5.0,6.283185307179587e-06
49,10.0,1.2566370614359173e-05
49,20.0,2.5132741228718347e-05
49,50.0,6.283185307179587e-05
49,100.0,0.00012566370614359174
49,200.0,0.0035894768700470703
49,500.0,0.009168012152211191
49,800.0,0.013581862424592472
49,1000.0,0.018372094999053457
49,1500.0,0.02761460911925373
49,2000.0,0.03692483665024482
49,3000.0,0.055900856539174315
49,5000.0,0.09611522131338024
49,7500.0,0.15556320455468675
49,10000.0,0.25492852770944197
49,15000.0,1.8238526289764083
49,20000.0,1.8615263241661588
49,30000.0,1.9179581676887012
49,40000.0,1.9575619856926734
49,50000.0,1.9868745160368337
50,0.0,0.0
50,0.1,1.2566370614359172e-07
50,0.2,2.5132741228718345e-07
50,0.5,6.283185307179586e-07
50,1.0,1.2566370614359173e-06
50,2.0,2.5132741228718346e-06
50,5.0,6.283185307179587e-06
50,10.0,1.2566370614359173e-05
50,20.0,2.5132741228718347e-05
50,50.0,0.00011228177807631745
50,100.0,0.00017511363114811333
50,200.0,0.00030077734229438935
50,500.0,0.0008312543705890629
50,800.0,0.0013660147512630783
50,1000.0,0.0016173421888915351
50,1500.0,0.0025048292672552597
50,2000.0,0.0033516586855407704
50,3000.0,0.0050812899102333775
50,5000.0,0.008811414371451165
50,7500.0,0.014713008776375491
50,10000.0,0.02773359746952686
50,15000.0,1.9782435825650277
50,20000.0,1.9847428576151085
50,30000.0,1.9975487737085975
50,40000.0,2.01023840153592
50,50000.0,2.0228766190931484
51,0.0,0.0
51,0.1,1.2566370614359172e-07
51,0.2,2.5132741228718345e-07
51,0.5,6.283185307179586e-07
51,1.0,1.2566370614359173e-06
51,2.0,2.5132741228718346e-06
51,5.0,6.283185307179587e-06
51,10.0,1.2566370614359173e-05
51,20.0,2.5132741228718347e-05
51,50.0,0.00020676103023065107
51,100.0,0.00026959288330244695
51,200.0,0.0003952566039102656
51,500.0,0.0012160326417831602
51,800.0,0.002048051249101235
51,1000.0,0.0022993787349046
51,1500.0,0.0036795614834757018
51,2000.0,0.0049420546182668
51,3000.0,0.0075820251373377445
51,5000.0,0.013701752119269273
51,7500.0,0.02590302193513383
51,10000.0,1.3384189517508762
51,15000.0,1.9767516847572772
51,20000.0,1.983649734873138
51,30000.0,1.9968918297719094
51,40000.0,2.0098017326964017
51,50000.0,2.022566059772115
52,0.0,0.0
52,0.1,3.997965678237403e-05
52,0.2,4.0105320488517625e-05
52,0.5,4.04823116069484e-05
52,1.0,4.1110630137666355e-05
52,2.0,4.236726719910228e-05
52,5.0,4.613717838341003e-05
52,10.0,5.242036369058961e-05
52,20.0,6.498673430494879e-05
52,50.0,0.0001026858461480263
52,100.0,0.00016551770564021684
52,200.0,0.0004225153177286334
52,500.0,0.0010594787764071079
52,800.0,0.001773150833505821
52,1000.0,0.0020244782997109745
52,1500.0,0.0032042246944830044
52,2000.0,0.004294500707394344
52,3000.0,0.006559592768600853
52,5000.0,0.011656318985603265
52,7500.0,0.020839300643511915
52,10000.0,1.3052830848459114
52,15000.0,1.9773100621141437
52,20000.0,1.9840562828678734
52,30000.0,1.9971345215622547
52,40000.0,2.0099622268733945
52,50000.0,2.022679956354506
53,0.0,0.0
53,0.1,1.2566370614359172e-07
53,0.2,2.5132741228718345e-07
53,0.5,6.283185307179586e-07
53,1.0,1.2566370614359173e-06
53,2.0,2.5132741228718346e-06
53,5.0,6.283185307179587e-06
53,10.0,1.2566370614359173e-05
53,20.0,2.5132741228718347e-05
53,50.0,0.00022034628217448837
53,100.0,0.0002831781403089817
53,200.0,0.0005123975572303152
53,500.0,0.0016723344271692975
53,800.0,0.0028656854203809035
53,1000.0,0.0031170129639019883
53,1500.0,0.005087487586641015
53,2000.0,0.006843147043877229
53,3000.0,0.010563350918427195
53,5000.0,0.019497861530223926
53,7500.0,0.04055882298710012
53,10000.0,1.4237985954760286
53,15000.0,1.9748124734330377
53,20000.0,1.9822266355607123
53,30000.0,1.9960369979290702
53,40000.0,2.0092339161784123
53,50000.0,2.0221627952979366
54,0.0,0.0
54,0.1,3.8050970230241177e-07
54,0.2,5.061734084460035e-07
54,0.5,8.831645268767787e-07
54,1.0,1.5114830575947373e-06
54,2.0,2.7681201190306546e-06
54,5.0,6.538031303349179e-06
54,10.0,1.2821216610528765e-05
54,20.0,2.5387587224887937e-05
54,50.0,0.0003014657230738793
54,100.0,0.00036429758346789853
54,200.0,0.0006397323330440408
54,500.0,0.0016065547361714394
54,800.0,0.0025703189886631117
54,1000.0,0.0032190493477153304
54,1500.0,0.004859174983604331
54,2000.0,0.006539301986121293
54,3000.0,0.010074703307069277
54,5000.0,0.018488936052809657
54,7500.0,0.03713976012522102
54,10000.0,1.4178282794324482
54,15000.0,1.9750228585955185
54,20000.0,1.9823754166211278
54,30000.0,1.996122175297903
54,40000.0,2.0092886492606867
54,50000.0,2.022200620334135
55,0.0,0.0
55,0.1,1.2566370614359172e-07
55,0.2,2.5132741228718345e-07
55,0.5,6.283185307179586e-07
55,1.0,1.2566370614359173e-06
55,2.0,2.5132741228718346e-06
55,5.0,6.283185307179587e-06
55,10.0,1.9819666710718664e-05
55,20.0,3.238605034727726e-05
55,50.0,0.00033692852360267533
55,100.0,0.0003997603766744712
55,200.0,0.0005254241093086698
55,500.0,0.0017151877638286184
55,800.0,0.002936091578494948
55,1000.0,0.003447283551293978
55,1500.0,0.005195503084668873
55,2000.0,0.007000524255136198
55,3000.0,0.010791536108851085
55,5000.0,0.019912652787225982
55,7500.0,0.040965419972145756
55,10000.0,1.4248848176401903
55,15000.0,1.9745831022433449
55,20000.0,1.9820554182512984
55,30000.0,1.9959327365164652
55,40000.0,2.0091643628207656
55,50000.0,2.022112933687774
56,0.0,0.0
56,0.1,1.3554087344824772e-05
56,0.2,1.3679751050968363e-05
56,0.5,1.405674216939914e-05
56,1.0,1.4685060700117097e-05
56,2.0,1.5941697761553013e-05
56,5.0,1.9711608945860765e-05
56,10.0,2.5994794253040353e-05
56,20.0,3.856116486739953e-05
56,50.0,7.626027671047705e-05
56,100.0,0.00013909243505161317
56,200.0,0.006508875126986724
56,500.0,0.01660726111896993
56,800.0,0.02456445138372121
56,1000.0,0.03323569439807872
56,1500.0,0.049963965765177254
56,2000.0,0.06685032529140222
56,3000.0,0.10135662058619244
56,5000.0,0.17530517292195769
56,7500.0,0.2928533781430283
56,10000.0,1.6890810725768466
56,15000.0,1.7183710145274227
56,20000.0,1.796105391706365
56,30000.0,1.9104712369457229
56,40000.0,1.974222422099646
56,50000.0,2.0064346307595375
57,0.0,0.0
57,0.1,1.2566370614359172e-07
57,0.2,2.5132741228718345e-07
57,0.5,6.283185307179586e-07
57,1.0,1.2566370614359173e-06
57,2.0,2.5132741228718346e-06
57,5.0,6.283185307179587e-06
57,10.0,1.2566370614359173e-05
57,20.0,2.5132741228718347e-05
57,50.0,0.0007989447109196801
57,100.0,0.0008617766269392035
57,200.0,0.0022750007564191765
57,500.0,0.005721386679336082
57,800.0,0.010058547029077602
57,1000.0,0.010309875072504138
57,1500.0,0.017392991090280585
57,2000.0,0.02349797092645811
57,3000.0,0.03667959702702095
57,5000.0,0.07243395134736841
57,7500.0,1.432609501115636
57,10000.0,1.5084459417710763
57,15000.0,1.9562085792781259
57,20000.0,1.9689557354984375
57,30000.0,1.9885341949886706
57,40000.0,2.0045153049948397
57,50000.0,2.0189563025383066
58,0.0,0.0
58,0.1,5.575070323082798e-05
58,0.2,5.5876366936971576e-05
58,0.5,5.625335805540235e-05
58,1.0,5.6881676586120307e-05
58,2.0,5.813831364755623e-05
58,5.0,6.190822483186397e-05
58,10.0,6.819141013904356e-05
58,20.0,8.075778075340274e-05
58,50.0,0.00011845689259648025
58,100.0,0.00018128875693790292
58,200.0,0.0005374704711629263
58,500.0,0.0013484937475141123
58,800.0,0.002160810858126916
58,1000.0,0.0027063677898615524
58,1500.0,0.004078885555858003
58,2000.0,0.005480524633616479
58,3000.0,0.00841928247455348
58,5000.0,0.015261605623846042
58,7500.0,0.029134763197359304
58,10000.0,1.4087455584634232
58,15000.0,1.9761110117492349
58,20000.0,1.9831746137002397
58,30000.0,1.996602461959101
58,40000.0,2.009607461621579
58,50000.0,2.0224271098631483
59,0.0,0.0
59,0.1,4.02148992402207e-05
59,0.2,4.03405629463643e-05
59,0.5,4.071755406479507e-05
59,1.0,4.134587259551303e-05
59,2.0,4.260250965694895e-05
59,5.0,4.637242084126747e-05
59,10.0,5.265560614844706e-05
59,20.0,6.522197676280623e-05
59,50.0,0.00010292108860588375
59,100.0,0.00016575295566823023
59,200.0,0.0005775891136651223
59,500.0,0.0014395815923400335
59,800.0,0.002310474077799052
59,1000.0,0.002894904827928424
59,1500.0,0.004367939724748471
59,2000.0,0.0058707722888896585
59,3000.0,0.009025874775357212
59,5000.0,0.016451540368517037
59,7500.0,0.031986685907889334
59,10000.0,1.2857326172335684
59,15000.0,1.975714765447886
59,20000.0,1.9828836873792715
59,30000.0,1.9964275003896632
59,40000.0,2.009491310650771
59,50000.0,2.0223443829136922
60,0.0,0.0
60,0.1,1.2566370614359172e-07
60,0.2,2.5132741228718345e-07
60,0.5,6.283185307179586e-07
60,1.0,1.2566370614359173e-06
60,2.0,2.5132741228718346e-06
60,5.0,6.283185307179587e-06
60,10.0,1.2566370614359173e-05
60,20.0,2.5132741228718347e-05
60,50.0,0.0002589652523463659
60,100.0,0.0003217971054181618
60,200.0,0.00044746083100788425
60,500.0,0.001421085653111498
60,800.0,0.0022800003389473744
60,1000.0,0.002666102148171312
60,1500.0,0.004301326900060909
60,2000.0,0.005788633458901571
60,3000.0,0.008891531723275059
60,5000.0,0.016165681580687097
60,7500.0,0.031090069088996475
60,10000.0,1.6756090299926774
60,15000.0,1.9757034934127478
60,20000.0,1.9828676614874108
60,30000.0,1.9964108765896151
60,40000.0,2.009476804032274
60,50000.0,2.022331934665827
61,0.0,0.0
61,0.1,1.997801600484017e-06
61,0.2,2.123465306627609e-06
61,0.5,2.500456425058384e-06
61,1.0,3.1287749557763424e-06
61,2.0,4.38541201721226e-06
61,5.0,8.155323201520012e-06
61,10.0,1.4438508508699598e-05
61,20.0,2.700487912305877e-05
61,50.0,6.470399096613629e-05
61,100.0,0.00012753584427771525
61,200.0,0.00025811023681321377
61,500.0,0.0006450109445012009
61,800.0,0.0010347835687698481
61,1000.0,0.0012861109831493467
61,1500.0,0.001935826773407756
61,2000.0,0.002582562832420199
61,3000.0,0.0038793675431245678
61,5000.0,0.0064972559400054974
61,7500.0,0.009883598768310131
61,10000.0,0.013743955063303503
61,15000.0,1.9790094143574775
61,20000.0,1.9853092822711351
61,30000.0,1.9978945703033686
61,40000.0,2.0104711935654223
61,50000.0,2.0230440529485936
62,0.0,0.0
62,0.1,1.2566370614359172e-07
62,0.2,2.5132741228718345e-07
62,0.5,6.283185307179586e-07
62,1.0,1.2566370614359173e-06
62,2.0,2.5132741228718346e-06
62,5.0,6.283185307179587e-06
62,10.0,1.2566370614359173e-05
62,20.0,2.5132741228718347e-05
62,50.0,0.0003554734707003071
62,100.0,0.000418305323772103
62,200.0,0.0005439690593096458
62,500.0,0.001822811194849061
62,800.0,0.0031238640179270805
62,1000.0,0.0033751915788624576
62,1500.0,0.005523764326132219
62,2000.0,0.007434448594082932
62,3000.0,0.01144851930058055
62,5000.0,0.021036415793148078
62,7500.0,0.041824682260007795
62,10000.0,1.4531439222417868
62,15000.0,1.9739607193358437
62,20000.0,1.9815947644900305
62,30000.0,1.995653454723546
62,40000.0,2.008976815759943
62,50000.0,2.0219778358756386
63,0.0,0.0
63,0.1,0.23168203213587613
63,0.2,0.2316821577995823
63,0.5,0.2316825347907007
63,1.0,0.23168316310923143
63,2.0,0.23168441974629286
63,5.0,0.23168818965747717
63,10.0,0.23169447284278435
63,20.0,0.23170703921339872
63,50.0,0.2317447389042787
63,100.0,0.2436514503486903
63,200.0,0.25849300016078025
63,500.0,0.2839779012926637
63,800.0,0.3213367317305791
63,1000.0,0.3361080104080624
63,1500.0,0.3925923213890492
63,2000.0,0.45887915200050117
63,3000.0,1.6503950858970386
63,5000.0,1.7306567220093312
63,7500.0,1.8064413444552727
63,10000.0,1.8622632059857747
63,15000.0,1.9305333381528733
63,20000.0,1.9629798787239883
63,30000.0,1.990909830212105
63,40000.0,2.0072676221025025
63,50000.0,2.0212295682943457
64,0.0,0.0
64,0.1,1.2566370614359172e-07
64,0.2,2.5132741228718345e-07
64,0.5,6.283185307179586e-07
64,1.0,1.2566370614359173e-06
64,2.0,2.5132741228718346e-06
64,5.0,6.283185307179587e-06
64,10.0,1.2566370614359173e-05
64,20.0,2.5132741228718347e-05
64,50.0,0.00010268584614780973
64,100.0,0.0001655177004559194
64,200.0,0.00031646997284440204
64,500.0,0.0007933803322720534
64,800.0,0.0012962947756099963
64,1000.0,0.0015875448022413252
64,1500.0,0.0023865709244192956
64,2000.0,0.0031940462299203665
64,3000.0,0.0048334031625558715
64,5000.0,0.008335048402640433
64,7500.0,0.01369766312773002
64,10000.0,0.02386876027138285
64,15000.0,1.9784107419287416
64,20000.0,1.9848679968061007
64,30000.0,1.9976268055886561
64,40000.0,2.01029201721578
64,50000.0,2.0229161006267917
65,0.0,0.0
65,0.1,1.2566370614359172e-07
65,0.2,2.5132741228718345e-07
65,0.5,6.283185307179586e-07
65,1.0,1.2566370614359173e-06
65,2.0,2.5132741228718346e-06
65,5.0,6.283185307179587e-06
65,10.0,1.2566370614359173e-05
65,20.0,2.5132741228718347e-05
65,50.0,7.626027671003843e-05
65,100.0,0.00013909212978183432
65,200.0,0.0002647558372834702
65,500.0,0.0006834044756662827
65,800.0,0.0010938196256474741
65,1000.0,0.0013539098246564407
65,1500.0,0.0020525756442991705
65,2000.0,0.0027394989656885915
65,3000.0,0.0041236570411494755
65,5000.0,0.006958086105267047
65,7500.0,0.010791634650222814
65,10000.0,0.01567179628592341
65,15000.0,1.9788366287786041
65,20000.0,1.9851805066235702
65,30000.0,1.9978148427174016
65,40000.0,2.010416852554531
65,50000.0,2.0230045322074948
66,0.0,0.0
66,0.1,4.242406719590086e-06
66,0.2,4.368070425733678e-06
66,0.5,4.745061544164453e-06
66,1.0,5.373380074882412e-06
66,2.0,6.630017136318329e-06
66,5.0,1.0399928320626082e-05
66,10.0,1.6683113627805667e-05
66,20.0,2.924948424216484e-05
66,50.0,6.694861146727682e-05
66,100.0,0.0004444172420045023
66,200.0,0.0006806449188609953
66,500.0,0.001699024630186008
66,800.0,0.002718276651435869
66,1000.0,0.003154906605130625
66,1500.0,0.005145514059338274
66,2000.0,0.006922845231447039
66,3000.0,0.010675639987347663
66,5000.0,0.019680174432511133
66,7500.0,0.04048129099692854
66,10000.0,1.4214329681949425
66,15000.0,1.9746464706777895
66,20000.0,1.9821007024266641
66,30000.0,1.9959580936917662
66,40000.0,2.009180810190374
66,50000.0,2.0221242351303594
67,0.0,0.0
67,0.1,1.2566370614359172e-07
67,0.2,2.5132741228718345e-07
67,0.5,6.283185307179586e-07
67,1.0,1.2566370614359173e-06
67,2.0,2.5132741228718346e-06
67,5.0,6.283185307179587e-06
67,10.0,1.2566370614359173e-05
67,20.0,2.5132741228718347e-05
67,50.0,0.0010976536236082524
67,100.0,0.0011604854766800482
67,200.0,0.00128614928619053
67,500.0,0.004834600970835878
67,800.0,0.008479991722410651
67,1000.0,0.008731319657703573
67,1500.0,0.014708531597524721
67,2000.0,0.01984609620958122
67,3000.0,0.030923654937020872
67,5000.0,0.059977275342848246
67,7500.0,0.9690037786947983
67,10000.0,1.944129379832668
67,15000.0,1.9591553241723658
67,20000.0,1.9708721481099722
67,30000.0,1.9894307333384287
67,40000.0,2.0049849666144395
67,50000.0,2.0192256552630394
68,0.0,0.0
68,0.1,1.2566370614359172e-07
68,0.2,2.5132741228718345e-07
68,0.5,6.283185307179586e-07
68,1.0,1.2566370614359173e-06
68,2.0,2.5132741228718346e-06
68,5.0,6.283185307179587e-06
68,10.0,1.2566370614359173e-05
68,20.0,2.5132741228718347e-05
68,50.0,6.283185307179587e-05
68,100.0,0.0004449073250529789
68,200.0,0.0005705710562877719
68,500.0,0.0017173931618330585
68,800.0,0.00293782644080387
68,1000.0,0.003189153989203275
68,1500.0,0.005209519611053981
68,2000.0,0.007008659724413113
68,3000.0,0.010809296915126998
68,5000.0,0.019951418783158426
68,7500.0,0.04129699421290067
68,10000.0,1.2836491447949485
68,15000.0,1.974561910819073
68,20000.0,1.982037481013484
68,30000.0,1.9959210724117153
68,40000.0,2.00915579607421
68,50000.0,2.0221064253119705
69,0.0,0.0
69,0.1,3.2169908781298773e-07
69,0.2,4.473627939565795e-07
69,0.5,8.243539123873546e-07
69,1.0,1.4526724431053133e-06
69,2.0,2.7093095045412306e-06
69,5.0,6.479220688848983e-06
69,10.0,1.2762405996028569e-05
69,20.0,2.5328776610387742e-05
69,50.0,0.0001865301788512852
69,100.0,0.0002493620319230811
69,200.0,0.00037502575000392113
69,500.0,0.0011182697914453588
69,800.0,0.0018822739286646906
69,1000.0,0.00213360140019081
69,1500.0,0.003367767210890049
69,2000.0,0.0044997791595403624
69,3000.0,0.006788601289567597
69,5000.0,0.01153357144441558
69,7500.0,0.018013146796895807
69,10000.0,0.02565780887915392
69,15000.0,0.053296194752160186
69,20000.0,1.9806299661508011
69,30000.0,1.9946893919425317
69,40000.0,2.008139156558918
69,50000.0,2.0212699520411896
70,0.0,0.0
70,0.1,0.00020837404956286498
70,0.2,0.0002084997132690086
70,0.5,0.00020887670438743936
70,1.0,0.00020950502291815733
70,2.0,0.00021076165997959323
70,5.0,0.00021453157116391175
70,10.0,0.00022081475647109134
70,20.0,0.00023338112708545051
70,50.0,0.00027108023892852804
70,100.0,0.00033391210983302333
70,200.0,0.0008243388457553902
70,500.0,0.0016032026113612652
70,800.0,0.0035514171851618315
70,1000.0,0.0038027447757260635
70,1500.0,0.006254339180666313
70,2000.0,0.008426250457798656
70,3000.0,0.01303010340955757
70,5000.0,0.024277400083208
70,7500.0,0.05399267669760388
70,10000.0,1.4325225822089702
70,15000.0,1.9730326290657076
70,20000.0,1.980918246357303
70,30000.0,1.9952530524770373
70,40000.0,2.0087153437509326
70,50000.0,2.021795522927123
71,0.0,0.0
71,0.1,1.2566370614359172e-07
71,0.2,2.5132741228718345e-07
71,0.5,6.283185307179586e-07
71,1.0,1.2566370614359173e-06
71,2.0,2.5132741228718346e-06
71,5.0,6.283185307179587e-06
71,10.0,1.2566370614359173e-05
71,20.0,2.5132741228718347e-05
71,50.0,0.00010654774316498639
71,100.0,0.00016937959623678227
71,200.0,0.00029504330681795476
71,500.0,0.0008081810044977544
71,800.0,0.0013223380682464425
71,1000.0,0.0015736655028347757
71,1500.0,0.002430061373107417
71,2000.0,0.003251739446142876
71,3000.0,0.004926098495702469
71,5000.0,0.00851611647957673
71,7500.0,0.014139860134708027
71,10000.0,0.026115737197094036
71,15000.0,1.9783537838506322
71,20000.0,1.984824741597472
71,30000.0,1.9975989097549922
71,40000.0,2.010271864777603
71,50000.0,2.0229006922431836
72,0.0,0.0
72,0.1,1.2566370614359172e-07
72,0.2,2.5132741228718345e-07
72,0.5,6.283185307179586e-07
72,1.0,1.2566370614359173e-06
72,2.0,2.5132741228718346e-06
72,5.0,6.283185307179587e-06
72,10.0,1.2566370614359173e-05
72,20.0,2.772040761933603e-05
72,50.0,0.00014252023568550598
72,100.0,0.000205352093460065
72,200.0,0.00042721038287996116
72,500.0,0.0016091522190693208
72,800.0,0.002745858838288595
72,1000.0,0.003226792746225282
72,1500.0,0.004876504511216684
72,2000.0,0.006557337242527828
72,3000.0,0.010106039563868685
72,5000.0,0.01855166737375713
72,7500.0,0.03727483830399814
72,10000.0,1.4179540165273425
72,15000.0,1.9749960017493904
72,20000.0,1.9823563913863835
72,30000.0,1.9961104719862268
72,40000.0,2.0092810626909143
72,50000.0,2.022194954910548
73,0.0,0.0
73,0.1,1.2566370614359172e-07
73,0.2,2.5132741228718345e-07
73,0.5,6.283185307179586e-07
73,1.0,0.00020155578819502917
73,2.0,0.00020281242525646507
73,5.0,0.00020658233644077484
73,10.0,0.00021286552174795443
73,20.0,0.0002254318923623136
73,50.0,0.00026313100420539113
73,100.0,0.000325962857277187
73,200.0,0.0004516266236834765
73,500.0,0.0026775745212226365
73,800.0,0.004639168508725922
73,1000.0,0.004890496176939596
73,1500.0,0.008136229825110752
73,2000.0,0.010970731043638104
73,3000.0,0.01704212446110498
73,5000.0,0.03243685319470735
73,7500.0,1.3579749306750477
73,10000.0,1.4505394404223155
73,15000.0,1.9705835983502231
73,20000.0,1.979148085985342
73,30000.0,1.9942184267951182
73,40000.0,2.008043687281994
73,50000.0,2.021326812019635
74,0.0,0.0
74,0.1,1.2750342280321014e-05
74,0.2,1.2876005986464605e-05
74,0.5,1.3252997104895381e-05
74,1.0,1.3881315635613339e-05
74,2.0,1.5137952697049257e-05
74,5.0,1.8907863881357007e-05
74,10.0,2.5191049188536595e-05
74,20.0,3.775741980289577e-05
74,50.0,7.545653164597329e-05
74,100.0,0.00013828854035013993
74,200.0,0.003447331620180183
74,500.0,0.009189085920134898
74,800.0,0.013166071501421572
74,1000.0,0.0185759130437535
74,1500.0,0.02841638402069624
74,2000.0,0.03902971822355206
74,3000.0,0.06488250489616565
74,5000.0,1.3662537495920728
74,7500.0,1.4690123462079416
74,10000.0,1.6107375192519282
74,15000.0,1.95298632630471
74,20000.0,1.96707814765564
74,30000.0,1.987758424229689
74,40000.0,2.004125174934611
74,50000.0,2.0187313812521617
75,0.0,0.0
75,0.1,1.2566370614359172e-07
75,0.2,2.5132741228718345e-07
75,0.5,6.283185307179586e-07
75,1.0,1.2566370614359173e-06
75,2.0,0.0005017761839408719
75,5.0,0.0005055460951254309
75,10.0,0.0005118292804326105
75,20.0,0.0005243956510469697
75,50.0,0.0005620947628900472
75,100.0,0.0006249266159618431
75,200.0,0.0007505903876028341
75,500.0,0.003137150098187158
75,800.0,0.005468741234744168
75,1000.0,0.005720068956455715
75,1500.0,0.00951293729429703
75,2000.0,0.012795301033198259
75,3000.0,0.01969278750237813
75,5000.0,0.0361157511452288
75,7500.0,0.07547197928429916
75,10000.0,1.457452822737464
75,15000.0,1.963145898582162
75,20000.0,1.9732817269985534
75,30000.0,1.9903525210234059
75,40000.0,2.005330361424006
75,50000.0,2.0193258686852804
76,0.0,0.0
76,0.1,1.2566370614359172e-07
76,0.2,2.5132741228718345e-07
76,0.5,6.283185307179586e-07
76,1.0,1.2566370614359173e-06
76,2.0,2.5132741228718346e-06
76,5.0,6.283185307179587e-06
76,10.0,1.2566370614359173e-05
76,20.0,2.5132741228718347e-05
76,50.0,6.283185307179587e-05
76,100.0,0.0002710239415879556
76,200.0,0.00039668765904965486
76,500.0,0.0011209260704017066
76,800.0,0.0018792353802500328
76,1000.0,0.002130562852931117
76,1500.0,0.0033765397940681563
76,2000.0,0.0045259988988723965
76,3000.0,0.0068868738409929575
76,5000.0,0.012068189319187184
76,7500.0,0.020464873074505507
76,10000.0,0.037046777328272995
76,15000.0,1.9764201203201974
76,20000.0,1.983356093470408
76,30000.0,1.996668957154002
76,40000.0,2.0096294175897835
76,50000.0,2.0224289133997697
77,0.0,0.0
77,0.1,1.2566370614359172e-07
77,0.2,2.5132741228718345e-07
77,0.5,6.283185307179586e-07
77,1.0,1.2566370614359173e-06
77,2.0,2.5132741228718346e-06
77,5.0,6.283185307179587e-06
77,10.0,1.2566370614359173e-05
77,20.0,2.5132741228718347e-05
77,50.0,6.283185307179587e-05
77,100.0,0.00012566370614359174
77,200.0,0.0025643882089019243
77,500.0,0.006691555878515776
77,800.0,0.009770640334559433
77,1000.0,0.013441158004525278
77,1500.0,0.020321887116670934
77,2000.0,0.027394409565285494
77,3000.0,0.04249248727934929
77,5000.0,0.08148887451184395
77,7500.0,1.4336580944717077
77,10000.0,1.509534977121426
77,15000.0,1.9412848080513219
77,20000.0,1.9574454980461722
77,30000.0,1.9813621820965124
77,40000.0,1.9997549187171857
77,50000.0,2.0156181132589053
78,0.0,0.0
78,0.1,1.2566370614359172e-07
78,0.2,2.5132741228718345e-07
78,0.5,6.283185307179586e-07
78,1.0,1.2566370614359173e-06
78,2.0,2.7975254259793303e-06
78,5.0,6.56743661053838e-06
78,10.0,1.3193683814360924e-05
78,20.0,2.576005444965279e-05
78,50.0,6.414529022069626e-05
78,100.0,0.00012886888472396496
78,200.0,0.00025640472942800585
78,500.0,0.0006566456450499691
78,800.0,0.0010544165122353677
78,1000.0,0.0013057439279635652
78,1500.0,0.001969250805795575
78,2000.0,0.0026279548273796527
78,3000.0,0.003948832682472703
78,5000.0,0.0066228754104509235
78,7500.0,0.01010822590906213
78,10000.0,0.01408207687552776
78,15000.0,1.9789470064959254
78,20000.0,1.9852617044822043
78,30000.0,1.9978636359214657
78,40000.0,2.0104491983945114
78,50000.0,2.023027272317054
79,0.0,0.0
79,0.1,5.124565936709402e-06
79,0.2,5.250229642852994e-06
79,0.5,5.627220761283769e-06
79,1.0,6.255539292001728e-06
79,2.0,7.512176353437645e-06
79,5.0,1.1282087537745398e-05
79,10.0,1.7565272844924983e-05
79,20.0,3.0131643459284157e-05
79,50.0,6.783075530236168e-05
79,100.0,0.00013066282749429892
79,200.0,0.004738312876210293
79,500.0,0.01208710651835554
79,800.0,0.0178676470463216
79,1000.0,0.024186465500473098
79,1500.0,0.036402179312932215
79,2000.0,0.048691763011906475
79,3000.0,0.07380178865956855
79,5000.0,0.12767325138238428
79,7500.0,0.21198747021757947
79,10000.0,1.708769481712099
79,15000.0,1.7729186791272484
79,20000.0,1.8255996040649074
79,30000.0,1.9047587545050777
79,40000.0,1.9574678282901852
79,50000.0,1.9923449096973447
80,0.0,0.0
80,0.1,0.00037382791161999496
80,0.2,0.0003739535753261385
80,0.5,0.0003743305664445693
80,1.0,0.0003749588849752873
80,2.0,0.0003762155220367232
80,5.0,0.00037998543322103094
80,10.0,0.0003862686185282105
80,20.0,0.0003988349891425697
80,50.0,0.00043653410098564723
80,100.0,0.00049936601095113
80,200.0,0.0017887643734462166
80,500.0,0.004490784293250449
80,800.0,0.007846611206281495
80,1000.0,0.008097939096306517
80,1500.0,0.013612184128259264
80,2000.0,0.018366558291026402
80,3000.0,0.028593970379510614
80,5000.0,0.05518027984484131
80,7500.0,0.9754895136843813
80,10000.0,1.9472151731915357
80,15000.0,1.961337462531211
80,20000.0,1.9724682682587646
80,30000.0,1.9903641851641103
80,40000.0,2.00558407038514
80,50000.0,2.0196376335223754
81,0.0,0.0
81,0.1,6.867923664621856e-05
81,0.2,6.880490035236214e-05
81,0.5,6.918189147079292e-05
81,1.0,6.981021000151087e-05
81,2.0,7.106684706294679e-05
81,5.0,7.483675824725455e-05
81,10.0,8.111994355443414e-05
81,20.0,9.36863141687933e-05
81,50.0,0.00013138543130730707
81,100.0,0.00030253663758761373
81,200.0,0.0006002214000931927
81,500.0,0.0015120460741215869
81,800.0,0.0024194991600648974
81,1000.0,0.0030284637403298342
81,1500.0,0.004572355618010393
81,2000.0,0.006143457520701223
81,3000.0,0.009462484791088466
81,5000.0,0.01730154976779752
81,7500.0,0.03409469355742911
81,10000.0,1.414731733956574
81,15000.0,1.975429102701091
81,20000.0,1.9826747234548572
81,30000.0,1.996301351627853
81,40000.0,2.0094077015553036
81,50000.0,2.022285023386779
82,0.0,0.0
82,0.1,1.2566370614359172e-07
82,0.2,2.5132741228718345e-07
82,0.5,6.283185307179586e-07
82,1.0,1.2566370614359173e-06
82,2.0,2.5132741228718346e-06
82,5.0,6.283185307179587e-06
82,10.0,1.2566370614359173e-05
82,20.0,2.5132741228718347e-05
82,50.0,6.283185307179587e-05
82,100.0,0.00012566370614359174
82,200.0,0.00282458598335944
82,500.0,0.007334689181350829
82,800.0,0.01073866310324112
82,1000.0,0.014687462802284723
82,1500.0,0.02215697431632624
82,2000.0,0.029770084024529186
82,3000.0,0.04572704162936336
82,5000.0,0.0835067157482694
82,7500.0,1.884698333580986
82,10000.0,1.9014442536006038
82,15000.0,1.9276491559276447
82,20000.0,1.947332777212252
82,30000.0,1.9756460455527916
82,40000.0,1.9963383549940454
82,50000.0,2.013445952328958
83,0.0,0.0
83,0.1,1.2566370614359172e-07
83,0.2,2.5132741228718345e-07
83,0.5,6.283185307179586e-07
83,1.0,1.2566370614359173e-06
83,2.0,2.5132741228718346e-06
83,5.0,6.283185307179587e-06
83,10.0,1.2566370614359173e-05
83,20.0,2.5132741228718347e-05
83,50.0,0.00023039309548067433
83,100.0,0.000293224953631932
83,200.0,0.0005227874203613814
83,500.0,0.0013116979140396223
83,800.0,0.002217886501936439
83,1000.0,0.002469213999564457
83,1500.0,0.003970330961699964
83,2000.0,0.0053336843222793195
83,3000.0,0.008182834391988636
83,5000.0,0.014814478331541148
83,7500.0,0.028052745916634536
83,10000.0,1.4123982263366652
83,15000.0,1.976280925409755
83,20000.0,1.9833004292135534
83,30000.0,1.9966792098072608
83,40000.0,2.009658773885831
83,50000.0,2.022463670469947
84,0.0,0.0
84,0.1,7.667748021500387e-05
84,0.2,7.680314392114745e-05
84,0.5,7.718013503957824e-05
84,1.0,7.780845357029619e-05
84,2.0,7.90650906317321e-05
84,5.0,8.283500181603986e-05
84,10.0,8.911818712321945e-05
84,20.0,0.00010168455773757861
84,50.0,0.00013938366958065614
84,100.0,0.00020221553413379834
84,200.0,0.0005627296315052766
84,500.0,0.001417488413196888
84,800.0,0.002390995545644148
84,1000.0,0.002642323055912499
84,1500.0,0.004272715536179139
84,2000.0,0.00574736800914688
84,3000.0,0.008830515709718934
84,5000.0,0.016073721384328832
84,7500.0,0.031071984824122656
84,10000.0,1.9681693256353445
84,15000.0,1.9758464620121234
84,20000.0,1.9829805386638206
84,30000.0,1.9964859189305286
84,40000.0,2.009530321694088
84,50000.0,2.022372180736983
85,0.0,0.0
85,0.1,7.137698510017998e-07
85,0.2,8.394335571453915e-07
85,0.5,1.2164246755761668e-06
85,1.0,1.8447432062941253e-06
85,2.0,3.1013802677300426e-06
85,5.0,6.871291452037794e-06
85,10.0,1.3154476759217381e-05
85,20.0,2.5720847373576554e-05
85,50.0,0.0009609679537987414
85,100.0,0.0010237998068705373
85,200.0,0.0011494636027477023
85,500.0,0.004279624769029322
85,800.0,0.007476545414696334
85,1000.0,0.007727873283957631
85,1500.0,0.013029763012225026
85,2000.0,0.017627798932587813
85,3000.0,0.027620605741069948
85,5000.0,0.05539842797346317
85,7500.0,1.0315235901372852
85,10000.0,1.9514161295656454
85,15000.0,1.9643912721856513
85,20000.0,1.9747409359386632
85,30000.0,1.9917178878181583
85,40000.0,2.0064608974984273
85,50000.0,2.0202446768337277
86,0.0,0.0
86,0.1,1.2566370614359172e-07
86,0.2,2.5132741228718345e-07
86,0.5,6.283185307179586e-07
86,1.0,1.2566370614359173e-06
86,2.0,5.59329156044619e-05
86,5.0,5.9702826788909924e-05
86,10.0,6.598601209608951e-05
86,20.0,7.855238271044869e-05
86,50.0,0.0001162514945535262
86,100.0,0.00017908334762532208
86,200.0,0.0003047470610255676
86,500.0,0.0009043853699371995
86,800.0,0.001442194123172813
86,1000.0,0.0018092216227705293
86,1500.0,0.0027210954999141723
86,2000.0,0.003645035451946499
86,3000.0,0.005539287386280067
86,5000.0,0.00968831982488172
86,7500.0,0.01651488757819264
86,10000.0,0.03448939758687175
86,15000.0,1.9779465889733974
86,20000.0,1.9845240625161233
86,30000.0,1.9974169203174308
86,40000.0,2.0101507737149227
86,50000.0,2.0228145150701904
87,0.0,0.0
87,0.1,1.1254441523167458e-06
87,0.2,1.2511078584603375e-06
87,0.5,1.6280989768911128e-06
87,1.0,2.256417507609071e-06
87,2.0,3.5130545690449886e-06
87,5.0,7.28296575335274e-06
87,10.0,1.3566151060532327e-05
87,20.0,0.0002526023823496981
87,50.0,0.00029030150809272737
87,100.0,0.00035313336116452325
87,200.0,0.0004787970940092201
87,500.0,0.0016750201115159902
87,800.0,0.0028636956612578812
87,1000.0,0.0031150232045459303
87,1500.0,0.005083115997661314
87,2000.0,0.006834776331530956
87,3000.0,0.010539101339110624
87,5000.0,0.01939565848691438
87,7500.0,0.03944622419153754
87,10000.0,1.9665393514761385
87,15000.0,1.9747086236928713
87,20000.0,1.9821447907862
87,30000.0,1.9959844016385286
87,40000.0,2.009197257560099
87,50000.0,2.0221357032029275
88,0.0,0.0
88,0.1,3.90311471476501e-07
88,0.2,5.159751776200928e-07
88,0.5,8.929662960508679e-07
88,1.0,1.5212848267688266e-06
88,2.0,2.777921888204744e-06
88,5.0,6.5478330725124955e-06
88,10.0,1.2831018379692082e-05
88,20.0,2.5397388994051255e-05
88,50.0,6.309650801683553e-05
88,100.0,0.0002727882600223053
88,200.0,0.0003984519774337114
88,500.0,0.0011211515111559933
88,800.0,0.0018802645660034312
88,1000.0,0.0021315920401671073
88,1500.0,0.0033927323163976952
88,2000.0,0.004552336256611111
88,3000.0,0.0069563977976937474
88,5000.0,0.012394745048337041
88,7500.0,0.022198247306210783
88,10000.0,1.4382882722237995
88,15000.0,1.9770359360487961
88,20000.0,1.9838536802922266
88,30000.0,1.9970103135502812
88,40000.0,2.0098775493854673
88,50000.0,2.0226176759014285
89,0.0,0.0
89,0.1,1.2566370614359172e-07
89,0.2,2.5132741228718345e-07
89,0.5,6.283185307179586e-07
89,1.0,1.2566370614359173e-06
89,2.0,2.5132741228718346e-06
89,5.0,6.283185307179587e-06
89,10.0,1.2566370614359173e-05
89,20.0,2.5132741228718347e-05
89,50.0,6.283185307179587e-05
89,100.0,0.00012566370614359174
89,200.0,0.0034033803127766493
89,500.0,0.0037803718439878287
89,800.0,0.009223279475224389
89,1000.0,0.009474607458006323
89,1500.0,0.01593749700214797
89,2000.0,0.02150812345423525
89,3000.0,0.03332724478879401
89,5000.0,0.06351879169390429
89,7500.0,0.9321084575696265
89,10000.0,1.9388532306825133
89,15000.0,1.9554131461117878
89,20000.0,1.968146511246721
89,30000.0,1.98787334013638
89,40000.0,2.004008318272099
89,50000.0,2.0185679171749245
90,0.0,0.0
90,0.1,1.2566370614359172e-07
90,0.2,2.5132741228718345e-07
90,0.5,6.283185307179586e-07
90,1.0,1.2566370614359173e-06
90,2.0,2.5132741228718346e-06
90,5.0,6.283185307179587e-06
90,10.0,1.2566370614359173e-05
90,20.0,2.5132741228718347e-05
90,50.0,0.00015885978474072804
90,100.0,0.00022169163781252392
90,200.0,0.0003473553537216567
90,500.0,0.0010239669645780713
90,800.0,0.001707508385982548
90,1000.0,0.001958835848283047
90,1500.0,0.0030986498402295615
90,2000.0,0.004159020649174505
90,3000.0,0.006362675226038728
90,5000.0,0.011406903171552574
90,7500.0,0.021206847372739368
90,10000.0,1.4251944824672673
90,15000.0,1.4314776677744467
90,20000.0,1.4377608530816264
90,30000.0,1.4503272236959857
90,40000.0,1.4628935943103447
90,50000.0,1.475459964924704
91,0.0,0.0
91,0.1,0.00011627662729496446
91,0.2,0.00011640229100110805
91,0.5,0.00011677928211953883
91,1.0,0.00011740760065025678
91,2.0,0.0001186642377116927
91,5.0,0.00012243414889600044
91,10.0,0.00012871733420318003
91,20.0,0.0001412837048175392
91,50.0,0.00017898282876205318
91,100.0,0.0004893485460580882
91,200.0,0.0006150122806684033
91,500.0,0.001865399883957064
91,800.0,0.0031966324094602205
91,1000.0,0.003743983117514338
91,1500.0,0.005657813322990424
91,2000.0,0.00761604598229948
91,3000.0,0.011757814138583567
91,5000.0,0.021784192740006203
91,7500.0,0.04613720576434521
91,10000.0,1.426439898153875
91,15000.0,1.9738937144454025
91,20000.0,1.9815481080667157
91,30000.0,1.9956274310282396
91,40000.0,2.008961691628916
91,50000.0,2.021969171108211
92,0.0,0.0
92,0.1,7.137698511128221e-07
92,0.2,8.394335572564138e-07
92,0.5,1.216424675687189e-06
92,1.0,1.8447432064051476e-06
92,2.0,3.101380267841065e-06
92,5.0,6.8712914521488166e-06
92,10.0,1.3154476759328403e-05
92,20.0,2.5720847373687577e-05
92,50.0,6.341999532522014e-05
92,100.0,0.0008648347159441183
92,200.0,0.0009904984792740157
92,500.0,0.0031220553719363275
92,800.0,0.005430710370716629
92,1000.0,0.005682038094075859
92,1500.0,0.009491755671106605
92,2000.0,0.012796310629281438
92,3000.0,0.01983562872140776
92,5000.0,0.03739850862252414
92,7500.0,1.386816037984486
92,10000.0,1.4751975161658823
92,15000.0,1.9680838140747197
92,20000.0,1.9773290343889856
92,30000.0,1.9931514650789015
92,40000.0,2.007352613506923
92,50000.0,2.0208453980157186
93,0.0,0.0
93,0.1,0.0006036793965271681
93,0.2,0.0006038050602333117
93,0.5,0.0006041820513517425
93,1.0,0.0006048103698824604
93,2.0,0.0006060670069438964
93,5.0,0.0006098369181282148
93,10.0,0.0006161201034353944
93,20.0,0.0006286864740497536
93,50.0,0.0006663855858928311
93,100.0,0.000729217438964627
93,200.0,0.0008548812266483408
93,500.0,0.0037336563959490254
93,800.0,0.006518216650054032
93,1000.0,0.006769544449554132
93,1500.0,0.011357973286985956
93,2000.0,0.015310219496616151
93,3000.0,0.02380944248304462
93,5000.0,0.04569743109968982
93,7500.0,1.0091839578908113
93,10000.0,1.2110673489162787
93,15000.0,1.9652129152345212
93,20000.0,1.9752491969109647
93,30000.0,1.9919417602079843
93,40000.0,2.0065760682984513
93,50000.0,2.0203097998150827
94,0.0,0.0
94,0.1,7.084919752653462e-06
94,0.2,7.210583458797055e-06
94,0.5,7.587574577227829e-06
94,1.0,8.215893107945789e-06
94,2.0,9.472530169381705e-06
94,5.0,1.3242441353689459e-05
94,10.0,1.9525626660869044e-05
94,20.0,3.209199727522822e-05
94,50.0,6.979110911830574e-05
94,100.0,0.00013262346624409727
94,200.0,0.01056843484543879
94,500.0,0.027600748868912173
94,800.0,0.035343841363225326
94,1000.0,0.05554173830300846
94,1500.0,0.0843697139598204
94,2000.0,0.1146563303614142
94,3000.0,0.18362944833906436
94,5000.0,1.51234573509731
94,7500.0,1.6067766027908554
94,10000.0,1.6918495863735146
94,15000.0,1.8396049003024046
94,20000.0,1.9118269502699525
94,30000.0,1.9808769953518013
94,40000.0,2.004892721126959
94,50000.0,2.020436075008433
95,0.0,0.0
95,0.1,4.438442101295514e-06
95,0.2,4.564105807439107e-06
95,0.5,4.941096925869881e-06
95,1.0,5.569415456587841e-06
95,2.0,6.826052518023757e-06
95,5.0,1.059596370233151e-05
95,10.0,1.6879149009511096e-05
95,20.0,2.944551962387027e-05
95,50.0,0.0002945456741038077
95,100.0,0.0003573775271756036
95,200.0,0.00048304125600640013
95,500.0,0.0015561050414398814
95,800.0,0.002651418748309542
95,1000.0,0.0029027462765826018
95,1500.0,0.004717274770466795
95,2000.0,0.006340923970293955
95,3000.0,0.009759390186023786
95,5000.0,0.01782970828432051
95,7500.0,0.03505075810807101
95,10000.0,1.4152283308416032
95,15000.0,1.9750822181053072
95,20000.0,1.9824091739169794
95,30000.0,1.9961327023966895
95,40000.0,2.0092909624791986
95,50000.0,2.022199355907896
96,0.0,0.0
96,0.1,0.00010762166519784344
96,0.2,0.00010774732890398702
96,0.5,0.00010812432002241781
96,1.0,0.00010875263855313576
96,2.0,0.00011000927561457168
96,5.0,0.00011377918679887943
96,10.0,0.00012006237210605902
96,20.0,0.00013262874272041819
96,50.0,0.00017032785456349572
96,100.0,0.0002331597242714034
96,200.0,0.0006991114526335718
96,500.0,0.0017428777630809078
96,800.0,0.00298346347763645
96,1000.0,0.003234791028435824
96,1500.0,0.005279700277354582
96,2000.0,0.007104070147137542
96,3000.0,0.010930348760419872
96,5000.0,0.019987949979638264
96,7500.0,0.039529637252756045
96,10000.0,1.9654540801436111
96,15000.0,1.9738836970320297
96,20000.0,1.9815014516503962
96,30000.0,1.995561759175962
96,40000.0,2.0088997934567177
96,50000.0,2.021914673268051
97,0.0,0.0
97,0.1,1.2566370614359172e-07
97,0.2,2.5132741228718345e-07
97,0.5,6.283185307179586e-07
97,1.0,1.2566370614359173e-06
97,2.0,2.5132741228718346e-06
97,5.0,6.283185307179587e-06
97,10.0,1.2566370614359173e-05
97,20.0,2.5132741228718347e-05
97,50.0,0.00012744511974882577
97,100.0,0.00029064709308623815
97,200.0,0.0006167962310182906
97,500.0,0.0027378553758818924
97,800.0,0.004390448786155132
97,1000.0,0.005499911325719697
97,1500.0,0.008316611786832628
97,2000.0,0.011211266469902004
97,3000.0,0.017416228587357474
97,5000.0,0.032984056550698915
97,7500.0,1.0582159248890255
97,10000.0,1.2548178693079832
97,15000.0,1.9700976756663378
97,20000.0,1.9787863614839978
97,30000.0,1.9939988573768372
97,40000.0,2.0078981800109217
97,50000.0,2.021223824808477
98,0.0,0.0
98,0.1,1.2566370614359172e-07
98,0.2,2.5132741228718345e-07
98,0.5,6.283185307179586e-07
98,1.0,1.2566370614359173e-06
98,2.0,2.5132741228718346e-06
98,5.0,6.283185307179587e-06
98,10.0,1.2566370614359173e-05
98,20.0,0.00015451608503069814
98,50.0,0.0001922152049171899
98,100.0,0.0002550470637345814
98,200.0,0.0004982339875270192
98,500.0,0.001247535521322951
98,800.0,0.002002473073015043
98,1000.0,0.002510155966660488
98,1500.0,0.0037827153026093185
98,2000.0,0.0050746725603525444
98,3000.0,0.007780550171666345
98,5000.0,0.014001588231660311
98,7500.0,0.025943405226980243
98,10000.0,1.9691077070551717
98,15000.0,1.976499455842553
98,20000.0,1.9834588062057192
98,30000.0,1.996772718679476
98,40000.0,2.0097195546599083
98,50000.0,2.022506327778972
99,0.0,0.0
99,0.1,1.2566370614359172e-07
99,0.2,2.5132741228718345e-07
99,0.5,6.283185307179586e-07
99,1.0,1.2566370614359173e-06
99,2.0,2.5132741228718346e-06
99,5.0,6.283185307179587e-06
99,10.0,1.2566370614359173e-05
99,20.0,2.5132741228718347e-05
99,50.0,6.283185307179587e-05
99,100.0,0.0005031690848990023
99,200.0,0.001537809623761599
99,500.0,0.0025231966228531633
99,800.0,0.004050680157293041
99,1000.0,0.0046206534558204115
99,1500.0,0.00767852641853406
99,2000.0,0.010368608341111196
99,3000.0,0.01615372150281047
99,5000.0,0.031123249523723917
99,7500.0,1.9567512737530541
99,10000.0,1.962367219290997
99,15000.0,1.97189543767084
99,20000.0,1.9801351339732558
99,30000.0,1.9948251072628462
99,40000.0,2.008449715788961
99,50000.0,2.021616356342455
100,0.0,0.0
100,0.1,1.2566370614359172e-07
100,0.2,2.5132741228718345e-07
100,0.5,6.283185307179586e-07
100,1.0,1.2566370614359173e-06
100,2.0,2.5132741228718346e-06
100,5.0,6.283185307179587e-06
100,10.0,1.2566370614359173e-05
100,20.0,2.5132741228718347e-05
100,50.0,6.669376684931283e-05
100,100.0,0.00047235230803654993
100,200.0,0.0012026871657980776
100,500.0,0.0030120109023299424
100,800.0,0.005220589958868871
100,1000.0,0.0060441447808184945
100,1500.0,0.009154829669507425
100,2000.0,0.012382185881609109
100,3000.0,0.019379817097435303
100,5000.0,0.038239990450061656
100,7500.0,1.3817374768507138
100,10000.0,1.4875638473708535
100,15000.0,1.9705541930555674
100,20000.0,1.9792044657505552
100,30000.0,1.9943138470162203
100,40000.0,2.008133079416736
100,50000.0,2.021402138622763
101,0.0,0.0
101,0.1,5.177344694073938e-07
101,0.2,6.433981755509855e-07
101,0.5,1.0203892939817608e-06
101,1.0,1.6487078246997193e-06
101,2.0,2.9053448861356366e-06
101,5.0,6.675256070443388e-06
101,10.0,1.2958441377622975e-05
101,20.0,2.5524811991982148e-05
101,50.0,0.0004685858858742842
101,100.0,0.0005314177389460801
101,200.0,0.0006570814861026619
101,500.0,0.002292413981031971
101,800.0,0.003956720336586561
101,1000.0,0.0042080479574735374
101,1500.0,0.0069697605001153295
101,2000.0,0.009406466632329802
101,3000.0,0.01461919568500214
101,5000.0,0.027864327998649796
101,7500.0,1.098974912770872
101,10000.0,1.9638291947013626
101,15000.0,1.9729210261352332
101,20000.0,1.9808902426927815
101,30000.0,1.9952779195665986
101,40000.0,2.0087498067698366
101,50000.0,2.0218283490526714
102,0.0,0.0
102,0.1,0.001414658166602245
102,0.2,0.0014147838303083886
102,0.5,0.0014151608214268195
102,1.0,0.0014157891399575375
102,2.0,0.0014170457770189733
102,5.0,0.001420815688203281
102,10.0,0.0014270988735104607
102,20.0,0.0014396652441248199
102,50.0,0.0014773643559678974
102,100.0,0.0015401962090396933
102,200.0,0.001665860332392577
102,500.0,0.014843530731102228
102,800.0,0.02206735249155234
102,1000.0,0.029707939512801262
102,1500.0,0.04463640043826589
102,2000.0,0.05962942041307617
102,3000.0,0.08996000529412196
102,5000.0,0.15299802300315934
102,7500.0,0.24073324577642807
102,10000.0,0.3572051830841538
102,15000.0,1.7620856569346715
102,20000.0,1.768368842241851
102,30000.0,1.903493292454695
102,40000.0,1.9913046090372672
102,50000.0,2.017887844203696
103,0.0,0.0
103,0.1,1.25663706329604e-07
103,0.2,2.5132741247319575e-07
103,0.5,6.283185309039709e-07
103,1.0,1.2566370616219295e-06
103,2.0,2.513274123057847e-06
103,5.0,6.283185307365599e-06
103,10.0,1.2566370614545185e-05
103,20.0,2.513274122890436e-05
103,50.0,6.665454301257867e-05
103,100.0,0.00012948639608437455
103,200.0,0.00025515010257959325
103,500.0,0.0006429231675548763
103,800.0,0.0010310686982888395
103,1000.0,0.0012823961123654692
103,1500.0,0.001929014543936347
103,2000.0,0.0025728688820552126
103,3000.0,0.0038620478164002048
103,5000.0,0.006457235317693599
103,7500.0,0.009762105841590873
103,10000.0,0.01326111996281798
103,15000.0,1.9789897716124296
103,20000.0,1.9852909137557242
103,30000.0,1.9978782405562856
103,40000.0,2.010456245867407
103,50000.0,2.023030212850043
104,0.0,0.0
104,0.1,1.2566370614359172e-07
104,0.2,2.5132741228718345e-07
104,0.5,6.283185307179586e-07
104,1.0,1.2566370614359173e-06
104,2.0,2.5132741228718346e-06
104,5.0,6.283185307179587e-06
104,10.0,1.2566370614359173e-05
104,20.0,2.5132741228718347e-05
104,50.0,6.283185307179587e-05
104,100.0,0.0001945309373251325
104,200.0,0.0003535598715846966
104,500.0,0.0009699102045674923
104,800.0,0.0016100199907207458
104,1000.0,0.0018613474460423829
104,1500.0,0.002929784963424442
104,2000.0,0.003926365844099333
104,3000.0,0.005984679787239489
104,5000.0,0.010551071523818956
104,7500.0,0.018426957866445104
104,10000.0,1.311013629327885
104,15000.0,1.9776796868118853
104,20000.0,1.9843288504743417
104,30000.0,1.9972996617597012
104,40000.0,2.0100728202406115
104,50000.0,2.022759037044811
105,0.0,0.0
105,0.1,1.2566370614359172e-07
105,0.2,2.5132741228718345e-07
105,0.5,6.283185307179586e-07
105,1.0,1.2566370614359173e-06
105,2.0,2.5132741228718346e-06
105,5.0,6.283185307179587e-06
105,10.0,1.2566370614359173e-05
105,20.0,2.5132741228718347e-05
105,50.0,0.0008659888114214143
105,100.0,0.0009288206644932101
105,200.0,0.0010544844504841722
105,500.0,0.003881320056646431
105,800.0,0.006782707586887038
105,1000.0,0.007034035400176886
105,1500.0,0.011763492075569593
105,2000.0,0.01585290425504038
105,3000.0,0.02447061098981218
105,5000.0,0.04562225155804733
105,7500.0,1.3941337055301823
105,10000.0,1.4751445189052443
105,15000.0,1.9614981820983817
105,20000.0,1.972353391558987
105,30000.0,1.9900872263768186
105,40000.0,2.005305817764679
105,50000.0,2.0193928245194144
106,0.0,0.0
106,0.1,1.2566370614359172e-07
106,0.2,2.5132741228718345e-07
106,0.5,6.283185307179586e-07
106,1.0,1.2566370614359173e-06
106,2.0,2.5132741228718346e-06
106,5.0,6.283185307179587e-06
106,10.0,1.2566370614359173e-05
106,20.0,2.5132741228718347e-05
106,50.0,6.283185307179587e-05
106,100.0,0.002593847177976838
106,200.0,0.0027195110731652594
106,500.0,0.008896699375520178
106,800.0,0.015659797374693585
106,1000.0,0.015911125837112516
106,1500.0,0.027279368986661834
106,2000.0,0.03709342740217958
106,3000.0,0.059380782345323846
106,5000.0,1.3795788128803248
106,7500.0,1.461852908887605
106,10000.0,1.5504044907288104
106,15000.0,1.9465461330041105
106,20000.0,1.9624261788222959
106,30000.0,1.9851890866507462
106,40000.0,2.0025771128061844
106,50000.0,2.0177231415817487
107,0.0,0.0
107,0.1,1.2566370614359172e-07
107,0.2,2.5132741228718345e-07
107,0.5,6.283185307179586e-07
107,1.0,1.2566370614359173e-06
107,2.0,2.5132741228718346e-06
107,5.0,6.283185307179587e-06
107,10.0,1.2566370614359173e-05
107,20.0,2.5132741228718347e-05
107,50.0,0.00013714887318705404
107,100.0,0.00034228280650761
107,200.0,0.0005439102338224977
107,500.0,0.0013664309956096243
107,800.0,0.0023098271299877293
107,1000.0,0.0027354692437633332
107,1500.0,0.004123385587285422
107,2000.0,0.005544520387255392
107,3000.0,0.008517241358208416
107,5000.0,0.015463228009976904
107,7500.0,0.02960265064102996
107,10000.0,1.9684628884028652
107,15000.0,1.9760514464008219
107,20000.0,1.9831306037551646
107,30000.0,1.9965761344086852
107,40000.0,2.009590210506885
107,50000.0,2.0224149066578616
108,0.0,0.0
108,0.1,1.2566370614359172e-07
108,0.2,2.5132741228718345e-07
108,0.5,6.283185307179586e-07
108,1.0,1.2566370614359173e-06
108,2.0,2.5132741228718346e-06
108,5.0,6.283185307179587e-06
108,10.0,1.2566370614359173e-05
108,20.0,2.5132741228718347e-05
108,50.0,6.283185307179587e-05
108,100.0,0.00012566370614359174
108,200.0,0.0047806761234241435
108,500.0,0.012167931914833674
108,800.0,0.018054645185248352
108,1000.0,0.024314319777254623
108,1500.0,0.036539364872848146
108,2000.0,0.04884085769634905
108,3000.0,0.07369498850814316
108,5000.0,0.12531459296140757
108,7500.0,0.1969817362550117
108,10000.0,0.2891655982926443
108,15000.0,1.733748007882578
108,20000.0,1.795304589158472
108,30000.0,1.89004929990507
108,40000.0,1.9526210483052266
108,50000.0,1.9916101962253743
109,0.0,0.0
109,0.1,1.3652105035566464e-05
109,0.2,1.3777768741710055e-05
109,0.5,1.4154759860140831e-05
109,1.0,1.4783078390858789e-05
109,2.0,1.6039715452294705e-05
109,5.0,1.9809626636602457e-05
109,10.0,2.6092811943782045e-05
109,20.0,3.865918255814122e-05
109,50.0,7.635829440121874e-05
109,100.0,0.00013919014747301462
109,200.0,0.00026485385619279267
109,500.0,0.0007208864437089346
109,800.0,0.0011691462193076374
109,1000.0,0.001420473643279685
109,1500.0,0.002168295329434189
109,2000.0,0.0028960332271029676
109,3000.0,0.00437448432078269
109,5000.0,0.007474129633953663
109,7500.0,0.012049133001441725
109,10000.0,0.020482014025432815
109,15000.0,1.9787488049315707
109,20000.0,1.985119382788315
109,30000.0,1.997781418686774
109,40000.0,2.0103966020979964
109,50000.0,2.0229913978330054
110,0.0,0.0
110,0.1,0.00014346673472054317
110,0.2,0.00014359239842668677
110,0.5,0.00014396938954511755
110,1.0,0.0001445977080758355
110,2.0,0.0001458543451372714
110,5.0,0.00014962425632157917
110,10.0,0.00015590744162875876
110,20.0,0.00016847381224311794
110,50.0,0.00020617292408619544
110,100.0,0.0002690047771579913
110,200.0,0.00039466852667768837
110,500.0,0.002102514454194737
110,800.0,0.0031200905016934843
110,1000.0,0.0042144582553678145
110,1500.0,0.006371911404444375
110,2000.0,0.00857982458435258
110,3000.0,0.013271844448212833
110,5000.0,0.024753305368661827
110,7500.0,0.055678590765885105
110,10000.0,1.4341865109270155
110,15000.0,1.9728784864514737
110,20000.0,1.9808070942906673
110,30000.0,1.995187576662961
110,40000.0,2.0086728628809203
110,50000.0,2.0217654118856916
111,0.0,0.0
111,0.1,0.00013730142196977102
111,0.2,0.00013742708567591463
111,0.5,0.0001378040767943454
111,1.0,0.00013843239532506337
111,2.0,0.00013968903238649927
111,5.0,0.00014345894357080703
111,10.0,0.00014974212887798662
111,20.0,0.0001623084994923458
111,50.0,0.0002000076113354233
111,100.0,0.00026283951879557677
111,200.0,0.0015009942109884822
111,500.0,0.003464764377097529
111,800.0,0.005172992752018324
111,1000.0,0.006936419459242726
111,1500.0,0.01041125963260836
111,2000.0,0.013918750419350867
111,3000.0,0.021016712396864534
111,5000.0,0.0357988600114969
111,7500.0,0.05627066675765191
111,10000.0,0.08102094303404805
111,15000.0,1.9277679037507256
111,20000.0,1.9432971345463144
111,30000.0,1.968529314257907
111,40000.0,1.9890400851829555
111,50000.0,2.0068418041920064
112,0.0,0.0
112,0.1,1.2566370614359172e-07
112,0.2,2.5132741228718345e-07
112,0.5,6.283185307179586e-07
112,1.0,1.2566370614359173e-06
112,2.0,2.6112918135590135e-06
112,5.0,6.381202998007041e-06
112,10.0,1.2664388305186627e-05
112,20.0,2.52307589195458e-05
112,50.0,6.292987270806183e-05
112,100.0,0.0001655569062958273
112,200.0,0.0002912206154848107
112,500.0,0.000761642202211088
112,800.0,0.001242679090939669
112,1000.0,0.0014940065200143016
112,1500.0,0.0022940128189923303
112,2000.0,0.0030687796150595803
112,3000.0,0.0046464834223008955
112,5000.0,0.008031428807953267
112,7500.0,0.013379027218690775
112,10000.0,0.02715655742914813
112,15000.0,1.9786322815054795
112,20000.0,1.985035058164974
112,30000.0,1.9977313708562576
112,40000.0,2.0103629330191986
112,50000.0,2.022967167854638
113,0.0,0.0
113,0.1,0.0001004957790772254
113,0.2,0.00010062144278336898
113,0.5,0.00010099843390179977
113,1.0,0.00010162675243251772
113,2.0,0.00010288338949395363
113,5.0,0.00010665330067827217
113,10.0,0.00011293648598545176
113,20.0,0.00012550285659981093
113,50.0,0.00020305596151881655
113,100.0,0.00026588781459061244
113,200.0,0.00039155153477954396
113,500.0,0.0011994676428443984
113,800.0,0.0019186385102156756
113,1000.0,0.002263376834819808
113,1500.0,0.0036204764197548256
113,2000.0,0.0048600138054086806
113,3000.0,0.007442046066728603
113,5000.0,0.01337130508533646
113,7500.0,0.024697178908634876
113,10000.0,1.4031001708999051
113,15000.0,1.9767448333202036
113,20000.0,1.9836395606372417
113,30000.0,1.996882988576433
113,40000.0,2.0097944793870886
113,50000.0,2.0225603159346024
114,0.0,0.0
114,0.1,1.7467255164493878e-07
114,0.2,3.0033625778853053e-07
114,0.5,6.773273762193057e-07
114,1.0,1.3056459069372643e-06
114,2.0,2.5622829683731816e-06
114,5.0,6.332194152691706e-06
114,10.0,1.2615379459871292e-05
114,20.0,2.5181750074230464e-05
114,50.0,0.00036943118986898504
114,100.0,0.00043226304294078093
114,200.0,0.0005579267795553511
114,500.0,0.0018698106637076162
114,800.0,0.003000567606513904
114,1000.0,0.003465818741350213
114,1500.0,0.0056714769854427916
114,2000.0,0.007621564376317558
114,3000.0,0.011743150682519743
114,5000.0,0.021485689674951014
114,7500.0,0.0425837704607086
114,10000.0,1.9644227973132105
114,15000.0,1.9731479370651313
114,20000.0,1.9809515723822357
114,30000.0,1.9952252840631814
114,40000.0,2.008673568612836
114,50000.0,2.0217527480074122
115,0.0,0.0
115,0.1,1.2566370614359172e-07
115,0.2,2.5132741228718345e-07
115,0.5,6.283185307179586e-07
115,1.0,1.2566370614359173e-06
115,2.0,2.5132741228718346e-06
115,5.0,6.283185307179587e-06
115,10.0,1.2566370614359173e-05
115,20.0,2.5132741228718347e-05
115,50.0,6.283185307179587e-05
115,100.0,0.0005154212881172127
115,200.0,0.0013837552262904174
115,500.0,0.00258840782292713
115,800.0,0.004488858379896321
115,1000.0,0.004740186036232719
115,1500.0,0.00786444637359951
115,2000.0,0.010594382293761417
115,3000.0,0.01641713422717861
115,5000.0,0.03085406355917164
115,7500.0,1.36107803348224
115,10000.0,1.4515952284282272
115,15000.0,1.970607808716732
115,20000.0,1.9791510461222126
115,30000.0,1.9942082525585378
115,40000.0,2.008031631106257
115,50000.0,2.021315785028853
116,0.0,0.0
116,0.1,1.2566370614359172e-07
116,0.2,2.5132741228718345e-07
116,0.5,6.283185307179586e-07
116,1.0,1.2566370614359173e-06
116,2.0,2.5132741228718346e-06
116,5.0,6.283185307179587e-06
116,10.0,1.2566370614359173e-05
116,20.0,2.5132741228718347e-05
116,50.0,0.0001614670553157227
116,100.0,0.00022429891148556536
116,200.0,0.0004133310676445179
116,500.0,0.0012817240933321594
116,800.0,0.002054589050827005
116,1000.0,0.0024171371966074107
116,1500.0,0.003878988276141415
116,2000.0,0.005209995791849553
116,3000.0,0.007993493612803992
116,5000.0,0.01444979371765609
116,7500.0,0.027162617867806715
116,10000.0,1.406228081961832
116,15000.0,1.976383246072975
116,20000.0,1.9833741287187734
116,30000.0,1.9967222787784826
116,40000.0,2.0096874440621546
116,50000.0,2.0224839601365607
117,0.0,0.0
117,0.1,1.2566370614359172e-07
117,0.2,2.5132741228718345e-07
117,0.5,6.283185307179586e-07
117,1.0,1.2566370614359173e-06
117,2.0,2.5132741228718346e-06
117,5.0,6.283185307179587e-06
117,10.0,1.2566370614359173e-05
117,20.0,2.5132741228718347e-05
117,50.0,0.0003816441941419946
117,100.0,0.00044447604721379046
117,200.0,0.0005701397854012136
117,500.0,0.001930287563876143
117,800.0,0.00287634008966009
117,1000.0,0.00387573850398637
117,1500.0,0.005856142317707591
117,2000.0,0.007874087369269533
117,3000.0,0.012160990317512277
117,5000.0,0.022527029598898074
117,7500.0,0.04770045069746587
117,10000.0,1.2670246317342413
117,15000.0,1.9735152583536961
117,20000.0,1.981266542436253
117,30000.0,1.9954540867503574
117,40000.0,2.008844825129252
117,50000.0,2.021885111118501
118,0.0,0.0
118,0.1,0.00012117751183449155
118,0.2,0.00012130317554063513
118,0.5,0.00012168016665906592
118,1.0,0.00012230848518978387
118,2.0,0.0001235651222512198
118,5.0,0.00012733503343552753
118,10.0,0.00013361821874270711
118,20.0,0.0001461845893570663
118,50.0,0.00018388370120014382
118,100.0,0.0002467155732321924
118,200.0,0.0007602058825154634
118,500.0,0.0019024995650677168
118,800.0,0.0030514289869270073
118,1000.0,0.003520061735753033
118,1500.0,0.0057698867464465176
118,2000.0,0.00777509929718756
118,3000.0,0.01199909449445824
118,5000.0,0.02227054671089579
118,7500.0,0.04776890624865715
118,10000.0,1.2670786002765695
118,15000.0,1.9737365332827723
118,20000.0,1.9814340448746481
118,30000.0,1.9955594557631224
118,40000.0,2.0089172209997184
118,50000.0,2.021937805439933
119,0.0,0.0
119,0.1,9.588140781335852e-07
119,0.2,1.084477784277177e-06
119,0.5,1.4614689027079522e-06
119,1.0,2.0897874334259105e-06
119,2.0,3.346424494861828e-06
119,5.0,7.11633567916958e-06
119,10.0,1.3399520986349166e-05
119,20.0,2.596589160070834e-05
119,50.0,6.366500426535637e-05
119,100.0,0.00014330689048602796
119,200.0,0.000268970597985696
119,500.0,0.0006875604267552182
119,800.0,0.0011102375871414605
119,1000.0,0.0013615650068037333
119,1500.0,0.002065308142269351
119,2000.0,0.0027558189118674914
119,3000.0,0.004146750009239031
119,5000.0,0.0069853252213847306
119,7500.0,0.01077212913033887
119,10000.0,0.015304347609393476
119,15000.0,1.978737973975063
119,20000.0,1.9850971327739066
119,30000.0,1.9977507587528325
119,40000.0,2.0103641582425635
119,50000.0,2.022959022589699
120,0.0,0.0
120,0.1,7.137698511128221e-07
120,0.2,8.394335572564138e-07
120,0.5,1.216424675687189e-06
120,1.0,1.8447432064051476e-06
120,2.0,3.101380267841065e-06
120,5.0,6.8712914521488166e-06
120,10.0,1.3154476759328403e-05
120,20.0,2.5720847373687577e-05
120,50.0,0.0009452361144266508
120,100.0,0.0010080679674984467
120,200.0,0.0011337317617569065
120,500.0,0.004214227363086964
120,800.0,0.007378674750440628
120,1000.0,0.00763000260820601
120,1500.0,0.012814320129332257
120,2000.0,0.017297028394273495
120,3000.0,0.026891305014963618
120,5000.0,0.05175458121883425
120,7500.0,1.3992616970718894
120,10000.0,1.4789644351060536
120,15000.0,1.9627069558484342
120,20000.0,1.9734508074405328
120,30000.0,1.9909197886120782
120,40000.0,2.0059316019351545
120,50000.0,2.0198724937734003
121,0.0,0.0
121,0.1,6.766965443116835e-05
121,0.2,6.779531813731193e-05
121,0.5,6.817230925574272e-05
121,1.0,6.880062778646067e-05
121,2.0,7.005726484789658e-05
121,5.0,7.382717603220434e-05
121,10.0,8.011036133938393e-05
121,20.0,9.267673195374309e-05
121,50.0,0.00013037584379682062
121,100.0,0.00019320770258168807
121,200.0,0.00043573790491080455
121,500.0,0.001094000602593237
121,800.0,0.0017523122876552666
121,1000.0,0.002081426582608681
121,1500.0,0.0033076823665331156
121,2000.0,0.004444026704922721
121,3000.0,0.0068136938441824
121,5000.0,0.012326936407080935
121,7500.0,0.023646125408586904
121,10000.0,1.438479269650363
121,15000.0,1.97743758312675
121,20000.0,1.9841625732543742
121,30000.0,1.9972087013476676
121,40000.0,2.010016097398747
121,50000.0,2.022720672910513
122,0.0,0.0
122,0.1,0.00017149979428709994
122,0.2,0.00017162545799324355
122,0.5,0.00017200244911167432
122,1.0,0.00017263076764239228
122,2.0,0.00017388740470382819
122,5.0,0.00017765731588813594
122,10.0,0.00018394050119531553
122,20.0,0.0001965068718096747
122,50.0,0.0002342059836527522
122,100.0,0.00029703784739265604
122,200.0,0.0006409183871333157
122,500.0,0.0028359514857533297
122,800.0,0.004549011911241463
122,1000.0,0.0051813342887634395
122,1500.0,0.008628602088749271
122,2000.0,0.011636369216095344
122,3000.0,0.018058440519129526
122,5000.0,0.03427324400671561
122,7500.0,1.9530752771734452
122,10000.0,1.9593179084570682
122,15000.0,1.9697191509646386
122,20000.0,1.9785210275811291
122,30000.0,1.993851027103732
122,40000.0,2.0078058963482226
122,50000.0,2.021161309108878
123,0.0,0.0
123,0.1,1.2566370614359172e-07
123,0.2,2.5132741228718345e-07
123,0.5,6.283185307179586e-07
123,1.0,1.2566370614359173e-06
123,2.0,2.5132741228718346e-06
123,5.0,6.283185307179587e-06
123,10.0,1.2566370614359173e-05
123,20.0,2.5132741228718347e-05
123,50.0,6.283185307179587e-05
123,100.0,0.00012566370614359174
123,200.0,0.004691578038783062
123,500.0,0.011964966674984145
123,800.0,0.0177593080729902
123,1000.0,0.023977393751558385
123,1500.0,0.03604526749729742
123,2000.0,0.048148058826363416
123,3000.0,0.0726984524376274
123,5000.0,0.12401987729474839
123,7500.0,0.19637244847872004
123,10000.0,0.29584106282449885
123,15000.0,1.7772583934987924
123,20000.0,1.8348161089137465
123,30000.0,1.9201557653958872
123,40000.0,1.9725269232830307
123,50000.0,2.0035793368591186
124,0.0,0.0
124,0.1,1.2566370614359172e-07
124,0.2,2.5132741228718345e-07
124,0.5,6.283185307179586e-07
124,1.0,1.2566370614359173e-06
124,2.0,2.5132741228718346e-06
124,5.0,6.283185307179587e-06
124,10.0,1.2566370614359173e-05
124,20.0,2.5132741228718347e-05
124,50.0,0.00044812959380591266
124,100.0,0.0005109614468777085
124,200.0,0.0006366251915814747
124,500.0,0.0021966996995922417
124,800.0,0.003782689999329847
124,1000.0,0.004406004437032873
124,1500.0,0.00666899322214809
124,2000.0,0.0089792466969012
124,3000.0,0.013902108023651771
124,5000.0,0.02603573940559134
124,7500.0,0.061790336788378086
124,10000.0,1.4397908880992492
124,15000.0,1.9725558122270233
124,20000.0,1.980577399622652
124,30000.0,1.9950561349465814
124,40000.0,2.0085889597317665
124,50000.0,2.0217075618302225
125,0.0,0.0
125,0.1,4.007164261743412e-06
125,0.2,4.132827967887004e-06
125,0.5,4.509819086317779e-06
125,1.0,5.138137617035738e-06
125,2.0,6.394774678471655e-06
125,5.0,1.0164685862779408e-05
125,10.0,1.6447871169958993e-05
125,20.0,2.9014241784318167e-05
125,50.0,0.0008368775572562548
125,100.0,0.0008997094103280507
125,200.0,0.0010253731929616983
125,500.0,0.003749202002223062
125,800.0,0.006540074595100531
125,1000.0,0.0067914023998203454
125,1500.0,0.011433211665771159
125,2000.0,0.015460039566399297
125,3000.0,0.024260020088426648
125,5000.0,0.04860978164642871
125,7500.0,1.9465462210326576
125,10000.0,1.953980031500389
125,15000.0,1.9659810504357136
125,20000.0,1.975770258985544
125,30000.0,1.9922000956161532
125,40000.0,2.0067138419794284
125,50000.0,2.020388498251589
126,0.0,0.0
126,0.1,0.002637389652155986
126,0.2,0.0026375153158621294
126,0.5,0.00263789230698056
126,1.0,0.0026385206255112783
126,2.0,0.0026397772625727143
126,5.0,0.002643547173757022
126,10.0,0.0026498303590642013
126,20.0,0.0026623967296785607
126,50.0,0.002700095841521638
126,100.0,0.002762927694593434
126,200.0,0.002888591752416847
126,500.0,0.014055704039900085
126,800.0,0.02496509704826322
126,1000.0,0.025216426075235554
126,1500.0,0.042358479078386524
126,2000.0,0.05675104263369424
126,3000.0,0.08633142966509355
126,5000.0,0.15166532538551447
126,7500.0,0.2710791401810517
126,10000.0,1.8267513105179645
126,15000.0,1.8849481147099754
126,20000.0,1.9258389652836707
126,30000.0,1.9733643316180862
126,40000.0,1.9987077458643911
126,50000.0,2.0164494590694453
127,0.0,0.0
127,0.1,1.2566370614359172e-07
127,0.2,2.5132741228718345e-07
127,0.5,6.283185307179586e-07
127,1.0,1.2566370614359173e-06
127,2.0,2.5132741228718346e-06
127,5.0,6.283185307179587e-06
127,10.0,1.2566370614359173e-05
127,20.0,2.5132741228718347e-05
127,50.0,6.283185307179587e-05
127,100.0,0.0007782654914365583
127,200.0,0.0009039292480098604
127,500.0,0.0028281787128923153
127,800.0,0.004909648326466565
127,1000.0,0.005160976013280805
127,1500.0,0.008596942374764494
127,2000.0,0.011589781403509192
127,3000.0,0.017969381639233672
127,5000.0,0.0340040580291463
127,7500.0,1.3609551193388576
127,10000.0,1.4493838711661702
127,15000.0,1.9694424274272373
127,20000.0,1.978293685343044
127,30000.0,1.9936956102596957
127,40000.0,2.007694685470823
127,50000.0,2.0210785821621453
128,0.0,0.0
128,0.1,1.2566370614359172e-07
128,0.2,2.5132741228718345e-07
128,0.5,6.283185307179586e-07
128,1.0,1.2566370614359173e-06
128,2.0,2.5132741228718346e-06
128,5.0,6.283185307179587e-06
128,10.0,1.2566370614359173e-05
128,20.0,2.5132741228718347e-05
128,50.0,0.00020201697618604797
128,100.0,0.000309642920849007
128,200.0,0.0006212167901697985
128,500.0,0.0015547915915805621
128,800.0,0.0024929830269863062
128,1000.0,0.003123090023550934
128,1500.0,0.004713314858559858
128,2000.0,0.0063365523812605185
128,3000.0,0.009754773554333074
128,5000.0,0.017871169765823813
128,7500.0,0.035566448776943926
128,10000.0,1.416234619602128
128,15000.0,1.9752330575253154
128,20000.0,1.9825303433899784
128,30000.0,1.9962151548748241
128,40000.0,2.009350508229166
128,50000.0,2.0222443068289397
