grain_id,H_A_per_m,B_raw_T
1,0.0,0.0
1,0.1,1.2566370614359172e-07
1,0.2,2.5132741228718345e-07
1,0.5,6.283185307179586e-07
1,1.0,1.2566370614359173e-06
1,2.0,2.5132741228718346e-06
1,5.0,6.283185307179587e-06
1,10.0,1.2566370614359173e-05
1,20.0,2.5132741228718347e-05
1,50.0,0.0003402807286275733
1,100.0,0.0004031125816993692
1,200.0,0.0005287763156156533
1,500.0,0.0017578744707107408
1,800.0,0.0030099772629959
1,1000.0,0.003261304815703192
1,1500.0,0.005325729384706657
1,2000.0,0.007157323161561813
1,3000.0,0.01101445774314802
1,5000.0,0.020139416714731406
1,7500.0,0.03976566385112734
1,10000.0,1.4202129616631065
1,15000.0,1.973710509579559
1,20000.0,1.981365011020303
1,30000.0,1.99547168092196
1,40000.0,2.008835866315573
1,50000.0,2.0218668798331256
2,0.0,0.0
2,0.1,1.2566370614359172e-07
2,0.2,2.5132741228718345e-07
2,0.5,6.283185307179586e-07
2,1.0,1.2566370614359173e-06
2,2.0,2.5132741228718346e-06
2,5.0,6.283185307179587e-06
2,10.0,1.2566370614359173e-05
2,20.0,2.526996357143929e-05
2,50.0,0.00011497726457299073
2,100.0,0.00017780911764478662
2,200.0,0.00030347282893194993
2,500.0,0.000838272437612253
2,800.0,0.0013774828309766063
2,1000.0,0.0016793873832890993
2,1500.0,0.0025272557154033537
2,2000.0,0.003381612893594732
2,3000.0,0.005129122544717313
2,5000.0,0.008900316415482945
2,7500.0,0.0148638285964241
2,10000.0,0.02737041258293116
2,15000.0,1.9782178039135254
2,20000.0,1.9847250968085528
2,30000.0,1.997539275794919
2,40000.0,2.010232716509386
2,50000.0,2.022873188472728
3,0.0,0.0
3,0.1,1.4979113772684016e-06
3,0.2,1.6235750834119934e-06
3,0.5,2.0005662018427686e-06
3,1.0,2.628884732560727e-06
3,2.0,3.8855217939966444e-06
3,5.0,7.655432978315169e-06
3,10.0,1.3938618285494755e-05
3,20.0,2.6504988899853927e-05
3,50.0,6.420410074293145e-05
3,100.0,0.000127035973231715
3,200.0,0.0006498673625573437
3,500.0,0.0016254525483778703
3,800.0,0.0026066639500532673
3,1000.0,0.0032638042277434165
3,1500.0,0.0049286009136843
3,2000.0,0.006632663841570241
3,3000.0,0.010218887335069815
3,5000.0,0.01877756874155012
3,7500.0,0.037865982992603686
3,10000.0,1.2776158621930658
3,15000.0,1.974927516791577
3,20000.0,1.9823066081989347
3,30000.0,1.996080713816777
3,40000.0,2.009261361133831
3,50000.0,2.0221811246111407
4,0.0,0.0
4,0.1,1.2566370614359172e-07
4,0.2,2.5132741228718345e-07
4,0.5,6.283185307179586e-07
4,1.0,1.2566370614359173e-06
4,2.0,2.5132741228718346e-06
4,5.0,6.283185307179587e-06
4,10.0,1.2566370614359173e-05
4,20.0,2.5132741228718347e-05
4,50.0,0.00022799166205622612
4,100.0,0.000290823515128022
4,200.0,0.00041648723764131645
4,500.0,0.001295721029708985
4,800.0,0.0021929312291428804
4,1000.0,0.0026042235493467514
4,1500.0,0.00392621320131159
4,2000.0,0.0052757460621700725
4,3000.0,0.008093373642034885
4,5000.0,0.014618648791036137
4,7500.0,0.02747444154573775
4,10000.0,1.2940703827039493
4,15000.0,1.976282287855122
4,20000.0,1.9832981454018057
4,30000.0,1.9966745049581385
4,40000.0,2.009654314080869
4,50000.0,2.0224597889690723
5,0.0,0.0
5,0.1,1.2566370614359172e-07
5,0.2,2.5132741228718345e-07
5,0.5,6.283185307179586e-07
5,1.0,1.2566370614359173e-06
5,2.0,2.5132741228718346e-06
5,5.0,6.283185307179587e-06
5,10.0,1.2566370614359173e-05
5,20.0,2.5132741228718347e-05
5,50.0,6.283185307179587e-05
5,100.0,0.00012566370614359174
5,200.0,0.017476369261392066
5,500.0,0.04778218071107054
5,800.0,0.06758177365913909
5,1000.0,0.09805979620061922
5,1500.0,0.1554878900168679
5,2000.0,0.23721636691725834
5,3000.0,1.5093449146986393
5,5000.0,1.6176681413495353
5,7500.0,1.7332283824656223
5,10000.0,1.835428191357229
5,15000.0,1.9705389519904406
5,20000.0,1.9838650495454366
5,30000.0,1.9976232181509141
5,40000.0,2.0103548465474246
5,50000.0,2.022974146705916
6,0.0,0.0
6,0.1,1.0456728315677566e-05
6,0.2,1.0582392021821156e-05
6,0.5,1.0959383140251933e-05
6,1.0,1.158770167096989e-05
6,2.0,1.2844338732405809e-05
6,5.0,1.661424991671356e-05
6,10.0,2.2897435223893147e-05
6,20.0,3.5463805838252324e-05
6,50.0,7.31629203435391e-05
6,100.0,0.0001904533997569846
6,200.0,0.00031611711595125325
6,500.0,0.0010014719031995467
6,800.0,0.001668546353892797
6,1000.0,0.0019198738127524928
6,1500.0,0.0030244994575848727
6,2000.0,0.00405623929138943
6,3000.0,0.006186047337435219
6,5000.0,0.010938241395585413
6,7500.0,0.01924837551516667
6,10000.0,1.3080958979779962
6,15000.0,1.9775471865024365
6,20000.0,1.9842301956644048
6,30000.0,1.9972395573146287
6,40000.0,2.0100326329849416
6,50000.0,2.022730200233922
7,0.0,0.0
7,0.1,1.2566370614359172e-07
7,0.2,2.5132741228718345e-07
7,0.5,6.283185307179586e-07
7,1.0,1.2566370614359173e-06
7,2.0,2.5132741228718346e-06
7,5.0,6.283185307179587e-06
7,10.0,1.2566370614359173e-05
7,20.0,2.5132741228718347e-05
7,50.0,6.283185307179587e-05
7,100.0,0.001997086071128029
7,200.0,0.0021227499201799116
7,500.0,0.006884396064854692
7,800.0,0.012190657244492309
7,1000.0,0.012441985404843647
7,1500.0,0.020720917118425053
7,2000.0,0.027720386912484574
7,3000.0,0.041928003097315925
7,5000.0,0.07195845793896283
7,7500.0,0.11564889158851799
7,10000.0,0.1796502005877838
7,15000.0,1.6968843790875323
7,20000.0,1.9013953914867394
7,30000.0,1.9433992460909622
7,40000.0,1.9738057431874902
7,50000.0,1.9974393559698012
8,0.0,0.0
8,0.1,1.2566370614359172e-07
8,0.2,2.5132741228718345e-07
8,0.5,6.283185307179586e-07
8,1.0,1.2566370614359173e-06
8,2.0,2.5132741228718346e-06
8,5.0,6.283185307179587e-06
8,10.0,1.2566370614359173e-05
8,20.0,2.5132741228718347e-05
8,50.0,6.681137131780979e-05
8,100.0,0.0001296432247106516
8,200.0,0.00026187411629507995
8,500.0,0.0006535482859505448
8,800.0,0.0010504565985893777
8,1000.0,0.0013072141924340697
8,1500.0,0.001961605426027746
8,2000.0,0.002617731581640692
8,3000.0,0.003932581348879416
8,5000.0,0.006592921204650937
8,7500.0,0.010053875099822362
8,10000.0,0.013975766894472774
8,15000.0,1.9789625422994055
8,20000.0,1.9852737606585988
8,30000.0,1.997871918416043
8,40000.0,2.010455471526969
8,50000.0,2.023032369237624
9,0.0,0.0
9,0.1,8.313910802026925e-07
9,0.2,9.570547863462842e-07
9,0.5,1.3340459047770595e-06
9,1.0,1.962364435495018e-06
9,2.0,3.2190014969309353e-06
9,5.0,6.988912681238687e-06
9,10.0,1.3272097988418274e-05
9,20.0,2.5838468602777447e-05
9,50.0,6.353760887090054e-05
9,100.0,0.0007077907815488116
9,200.0,0.0010337340640088621
9,500.0,0.002592348133867106
9,800.0,0.004489975781571398
9,1000.0,0.004741303440089051
9,1500.0,0.007887872601419987
9,2000.0,0.01064041141249017
9,3000.0,0.016577020715417112
9,5000.0,0.03193862927363478
9,7500.0,1.9553842308486002
9,10000.0,1.961179529107885
9,15000.0,1.9709781195364289
9,20000.0,1.9794114791401347
9,30000.0,1.9943471338162069
9,40000.0,2.0081131426249623
9,50000.0,2.0213671757207416
10,0.0,0.0
10,0.1,8.215893109175809e-07
10,0.2,9.472530170611727e-07
10,0.5,1.324244135491948e-06
10,1.0,1.9525626662099062e-06
10,2.0,3.2091997276458237e-06
10,5.0,6.979110911953575e-06
10,10.0,1.3262296219133162e-05
10,20.0,2.5828666833492335e-05
10,50.0,6.352790499453143e-05
10,100.0,0.0027101255645634037
10,200.0,0.0028357894683492813
10,500.0,0.009276763007046052
10,800.0,0.016475294760314063
10,1000.0,0.016726623210260305
10,1500.0,0.027967306151078564
10,2000.0,0.037418983070634515
10,3000.0,0.05674304418550036
10,5000.0,0.0982542613316385
10,7500.0,0.1629678235168165
10,10000.0,1.5865825486972855
10,15000.0,1.6932850899794856
10,20000.0,1.8903778804939502
10,30000.0,1.942380490058211
10,40000.0,1.9771387656162933
10,50000.0,2.002065251165086
11,0.0,0.0
11,0.1,6.781064911032253e-06
11,0.2,6.906728617175845e-06
11,0.5,7.28371973560662e-06
11,1.0,7.912038266324579e-06
11,2.0,9.168675327760496e-06
11,5.0,1.2938586512068249e-05
11,10.0,1.9221771819247834e-05
11,20.0,3.178814243360701e-05
11,50.0,6.948725427668453e-05
11,100.0,0.00013231910841060568
11,200.0,0.0002797133369156768
11,500.0,0.0006988912715415463
11,800.0,0.0011182652384823522
11,1000.0,0.0013821977322774348
11,1500.0,0.002101917749580795
11,2000.0,0.0028074644360900347
11,3000.0,0.004228506568497159
11,5000.0,0.007167500897782286
11,7500.0,0.01125741471366526
11,10000.0,0.017037025779940262
11,15000.0,1.978785620374392
11,20000.0,1.9851436519700951
11,30000.0,1.997793612086712
11,40000.0,2.010403365319328
11,50000.0,2.0229954361633684
12,0.0,0.0
12,0.1,0.0012259741118274547
12,0.2,0.0012260997755335983
12,0.5,0.0012264767666520292
12,1.0,0.0012271050851827472
12,2.0,0.001228361722244183
12,5.0,0.0012321316334284907
12,10.0,0.0012384148187356704
12,20.0,0.0012509811893500295
12,50.0,0.001288680301193107
12,100.0,0.001351512154264903
12,200.0,0.0014771762189775828
12,500.0,0.012855663256726046
12,800.0,0.018941430943152815
12,1000.0,0.025741976928654653
12,1500.0,0.038782205663371316
12,2000.0,0.05192537663154062
12,3000.0,0.07906690715102482
12,5000.0,0.13928426997093235
12,7500.0,0.2579758804389991
12,10000.0,1.5899531922970351
12,15000.0,1.7116934115553617
12,20000.0,1.8510737051352804
12,30000.0,1.922010837398207
12,40000.0,1.9674831199953464
12,50000.0,1.9976634208015733
13,0.0,0.0
13,0.1,1.98799983142095e-06
13,0.2,2.113663537564542e-06
13,0.5,2.490654655995317e-06
13,1.0,3.1189731867132755e-06
13,2.0,4.375610248149193e-06
13,5.0,8.145521432456945e-06
13,10.0,1.4428706739636531e-05
13,20.0,2.6995077353995705e-05
13,50.0,0.0006250025225358335
13,100.0,0.0008043382085947126
13,200.0,0.0011633330609742698
13,500.0,0.0029121896810283543
13,800.0,0.005059419463995574
13,1000.0,0.005852784831846258
13,1500.0,0.008848524387217838
13,2000.0,0.011929187283871157
13,3000.0,0.018538452767444147
13,5000.0,0.03513984780203738
13,7500.0,0.9800077541427737
13,10000.0,0.9844576727143979
13,15000.0,0.9922703735765259
13,20000.0,0.9992538035472307
13,30000.0,1.0120363408212523
13,40000.0,1.0246027114356115
13,50000.0,1.0371690820499706
14,0.0,0.0
14,0.1,4.58923855028992e-07
14,0.2,5.845875611725838e-07
14,0.5,9.61578679603359e-07
14,1.0,1.5898972103213176e-06
14,2.0,2.846534271757235e-06
14,5.0,6.6164454560649865e-06
14,10.0,1.2899630763244573e-05
14,20.0,2.5466001377603746e-05
14,50.0,6.316513669457624e-05
14,100.0,0.0006061464264058847
14,200.0,0.0007318101694593349
14,500.0,0.002241248743459656
14,800.0,0.0038689945789168734
14,1000.0,0.0045068548432654065
14,1500.0,0.006812559733317514
14,2000.0,0.009186446305632479
14,3000.0,0.014233731289791662
14,5000.0,0.026751425362493975
14,7500.0,1.0882344401493036
14,10000.0,1.4382127922458388
14,15000.0,1.9723519256361914
14,20000.0,1.980426589597084
14,30000.0,1.9949653705692838
14,40000.0,2.008528031931508
14,50000.0,2.0216640909747317
15,0.0,0.0
15,0.1,1.2566370614359172e-07
15,0.2,2.5132741228718345e-07
15,0.5,6.283185307179586e-07
15,1.0,1.2566370614359173e-06
15,2.0,2.5132741228718346e-06
15,5.0,6.283185307179587e-06
15,10.0,1.2566370614359173e-05
15,20.0,6.065434934121594e-05
15,50.0,9.835346688857882e-05
15,100.0,0.00021587920624843715
15,200.0,0.0006994937219330088
15,500.0,0.0017526305083183091
15,800.0,0.0028091685097413333
15,1000.0,0.003520061690966969
15,1500.0,0.005311850083094871
15,2000.0,0.007160489135058734
15,3000.0,0.011038942569234322
15,5000.0,0.020370385593687534
15,7500.0,0.04217362522655277
15,10000.0,1.2729531519414614
15,15000.0,1.9743893702847544
15,20000.0,1.9819111852132218
15,30000.0,1.9958444911937048
15,40000.0,2.009105160131962
15,50000.0,2.0220705998378206
16,0.0,0.0
16,0.1,4.330622641268711e-06
16,0.2,4.456286347412303e-06
16,0.5,4.833277465843078e-06
16,1.0,5.461595996561037e-06
16,2.0,6.718233057996954e-06
16,5.0,1.0488144242315478e-05
16,10.0,1.6771329549495066e-05
16,20.0,2.9337700163854236e-05
16,50.0,6.703684127962184e-05
16,100.0,0.0007286293328195859
16,200.0,0.0008542930856813014
16,500.0,0.002664665590479731
16,800.0,0.004615634556021542
16,1000.0,0.0053520124237321776
16,1500.0,0.0080833002785069
16,2000.0,0.010879966648485895
16,3000.0,0.016813507964207663
16,5000.0,0.031168014225822605
16,7500.0,1.9530611625873706
16,10000.0,1.9592179010176969
16,15000.0,1.9695566278305834
16,20000.0,1.9783520058759247
16,30000.0,1.9937069214990595
16,40000.0,2.007691313664062
16,50000.0,2.021069956608252
17,0.0,0.0
17,0.1,3.2169908781298773e-07
17,0.2,4.473627939565795e-07
17,0.5,8.243539123873546e-07
17,1.0,1.4526724431053133e-06
17,2.0,2.7093095045412306e-06
17,5.0,6.479220688859755e-06
17,10.0,1.2762405996039341e-05
17,20.0,2.5328776610398513e-05
17,50.0,6.302789981027512e-05
17,100.0,0.0003581616687020617
17,200.0,0.0004838253927088587
17,500.0,0.0014088824610770656
17,800.0,0.0023962786991780227
17,1000.0,0.0026476062051450366
17,1500.0,0.00423400835063481
17,2000.0,0.005659250085453871
17,3000.0,0.008541216452916056
17,5000.0,0.01451954312407644
17,7500.0,0.022707321807053593
17,10000.0,0.03234425204204683
17,15000.0,0.06558358226812133
17,20000.0,1.9766747288804902
17,30000.0,1.9919224506568187
17,40000.0,2.006106220552945
17,50000.0,2.0197186649905543
18,0.0,0.0
18,0.1,4.687256239810367e-07
18,0.2,5.943893301246284e-07
18,0.5,9.713804485554037e-07
18,1.0,1.5996989792733622e-06
18,2.0,2.8563360407092795e-06
18,5.0,6.626247225017031e-06
18,10.0,1.2909432532196618e-05
18,20.0,2.547580314655579e-05
18,50.0,0.00013943267842553286
18,100.0,0.00020226453149732875
18,200.0,0.00032792824538885323
18,500.0,0.0009426318793455124
18,800.0,0.0015597369153445007
18,1000.0,0.001811064367903903
18,1500.0,0.0028512531899146376
18,2000.0,0.0038327295438010944
18,3000.0,0.005888132373565891
18,5000.0,0.010804996140641121
18,7500.0,0.02377747889537163
18,10000.0,1.9715564726559904
18,15000.0,1.9782445627445984
18,20000.0,1.9847619906661227
18,30000.0,1.9975746993874166
18,40000.0,2.0102616317289685
18,50000.0,2.0228962226333063
19,0.0,0.0
19,0.1,0.0001000056906232949
19,0.2,0.00010013135432943848
19,0.5,0.00010050834544786926
19,1.0,0.00010113666397858722
19,2.0,0.00010239330104002313
19,5.0,0.00010616321222433089
19,10.0,0.00011244639753151048
19,20.0,0.00012501276814586964
19,50.0,0.00016271187998894717
19,100.0,0.00022554377058670028
19,200.0,0.0011187840132368398
19,500.0,0.002644503350679561
19,800.0,0.004585601840708109
19,1000.0,0.004836929504351217
19,1500.0,0.008035918520937768
19,2000.0,0.010838113096967361
19,3000.0,0.016796707750604156
19,5000.0,0.0317056412393405
19,7500.0,1.9542690933932447
19,10000.0,1.9602561044194005
19,15000.0,1.9703313008209675
19,20000.0,1.978942444864333
19,30000.0,1.994078702582781
19,40000.0,2.0079441013032215
19,50000.0,2.021252896864855
20,0.0,0.0
20,0.1,1.2566370614359172e-07
20,0.2,2.5132741228718345e-07
20,0.5,6.283185307179586e-07
20,1.0,1.2566370614359173e-06
20,2.0,2.5132741228718346e-06
20,5.0,6.283185307179587e-06
20,10.0,1.2566370614359173e-05
20,20.0,2.5132741228718347e-05
20,50.0,0.00019254846506600032
20,100.0,0.0002553803181377962
20,200.0,0.0003810440372060686
20,500.0,0.0011545755457408324
20,800.0,0.0019385361066026618
20,1000.0,0.0023096411665248784
20,1500.0,0.0034790859031303967
20,2000.0,0.00465741122194796
20,3000.0,0.007069735645646058
20,5000.0,0.012272262150632818
20,7500.0,0.020219554403602902
20,10000.0,0.03269518443192998
20,15000.0,1.9755375690573476
20,20000.0,1.982644279177149
20,30000.0,1.9961815249989978
20,40000.0,2.009275181638911
20,50000.0,2.02215952153162
21,0.0,0.0
21,0.1,1.2566370614359172e-07
21,0.2,2.5132741228718345e-07
21,0.5,6.283185307179586e-07
21,1.0,1.2566370614359173e-06
21,2.0,2.5132741228718346e-06
21,5.0,6.283185307179587e-06
21,10.0,1.2566370614359173e-05
21,20.0,2.5132741228718347e-05
21,50.0,6.283185307179587e-05
21,100.0,0.0002808649177435951
21,200.0,0.00040652863587575805
21,500.0,0.0011513409616108472
21,800.0,0.001931204359908012
21,1000.0,0.002182531837245816
21,1500.0,0.003476135569087213
21,2000.0,0.004663713764699762
21,3000.0,0.007129565656576853
21,5000.0,0.012703873236535546
21,7500.0,0.022749890866959888
21,10000.0,1.969677718672218
21,15000.0,1.9768954963066592
21,20000.0,1.9837488993763928
21,30000.0,1.9969454650490734
21,40000.0,2.0098332943955466
21,50000.0,2.0225854574798294
22,0.0,0.0
22,0.1,1.3051145687637615
22,0.2,1.3051146944274676
22,0.5,1.3051150714185862
22,1.0,1.305115699737117
22,2.0,1.3051169563741782
22,5.0,1.3051207262853626
22,10.0,1.3051270094706697
22,20.0,1.305139575841284
22,50.0,1.3051772749531272
22,100.0,1.3052401070367805
22,200.0,1.3100821860633123
22,500.0,1.3198305805866704
22,800.0,1.3313281687143008
22,1000.0,1.3357037283326978
22,1500.0,1.3511389112583754
22,2000.0,1.36618092035471
22,3000.0,1.3952161130800578
22,5000.0,1.4498289913655404
22,7500.0,1.5132726662538538
22,10000.0,1.5733836048209642
22,15000.0,1.693091953972396
22,20000.0,1.8768951370825517
22,30000.0,1.9344449978802416
22,40000.0,1.9723738018193218
22,50000.0,1.9990972646954097
23,0.0,0.0
23,0.1,1.6326971701404385
23,0.2,1.6326972958041446
23,0.5,1.6326976727952631
23,1.0,1.6326983011137939
23,2.0,1.6326995577508552
23,5.0,1.6327033276620395
23,10.0,1.6327096108473467
23,20.0,1.632722177217961
23,50.0,1.632759876636257
23,100.0,1.6390910375267147
23,200.0,1.6392167016742103
23,500.0,1.6531350923494703
23,800.0,1.6678621368783453
23,1000.0,1.6681134662263997
23,1500.0,1.688539297742607
23,2000.0,1.7041927607669778
23,3000.0,1.7322769954700097
23,5000.0,1.7785129394288717
23,7500.0,1.8230881107482766
23,10000.0,1.8574325047492113
23,15000.0,1.9058523266281515
23,20000.0,1.9372421191560094
23,30000.0,1.974584210420919
23,40000.0,1.9974190977897095
23,50000.0,2.014880470443959
24,0.0,0.0
24,0.1,1.2566370614359172e-07
24,0.2,2.5132741228718345e-07
24,0.5,6.283185307179586e-07
24,1.0,1.2566370614359173e-06
24,2.0,2.5132741228718346e-06
24,5.0,6.283185307179587e-06
24,10.0,1.2566370614359173e-05
24,20.0,2.5132741228718347e-05
24,50.0,0.00012241680730418203
24,100.0,0.0001852486603759779
24,200.0,0.00031091237242697467
24,500.0,0.0008691480122849926
24,800.0,0.0014338037862149378
24,1000.0,0.001685131228788661
24,1500.0,0.0026231954300240945
24,2000.0,0.0035109668484414325
24,3000.0,0.005343448036373211
24,5000.0,0.009382043950542762
24,7500.0,0.0163562949526469
24,10000.0,1.9715189407758187
24,15000.0,1.9781934955277705
24,20000.0,1.9847114331411497
24,30000.0,1.9975341396683213
24,40000.0,2.010230305273858
24,50000.0,2.0228719142421205
25,0.0,0.0
25,0.1,2.1448281365410438e-06
25,0.2,2.2704918426846355e-06
25,0.5,2.6474829611154108e-06
25,1.0,3.275801491833369e-06
25,2.0,4.532438553269287e-06
25,5.0,8.302349737577038e-06
25,10.0,1.4585535044756625e-05
25,20.0,2.7151905659115798e-05
25,50.0,0.0002945064693057331
25,100.0,0.0004039359350296312
25,200.0,0.0006263039084015709
25,500.0,0.0015623291524463623
25,800.0,0.0025059703280414514
25,1000.0,0.0029163217272286657
25,1500.0,0.004735672690968418
25,2000.0,0.00636895703195739
25,3000.0,0.009808869519642882
25,5000.0,0.017977773804389918
25,7500.0,0.03580702339555086
25,10000.0,1.9672378348100263
25,15000.0,1.9751976437349206
25,20000.0,1.9825037119823121
25,30000.0,1.9961990505689862
25,40000.0,2.009339579256008
25,50000.0,2.0222368084737035
26,0.0,0.0
26,0.1,1.2566370614359172e-07
26,0.2,2.5132741228718345e-07
26,0.5,6.283185307179586e-07
26,1.0,1.2566370614359173e-06
26,2.0,2.5132741228718346e-06
26,5.0,6.283185307179587e-06
26,10.0,1.2566370614359173e-05
26,20.0,2.5132741228718347e-05
26,50.0,0.00018354063928205377
26,100.0,0.00024637249235384966
26,200.0,0.00037203621054449076
26,500.0,0.0011186422510607308
26,800.0,0.0017892551792251243
26,1000.0,0.002240636709248789
26,1500.0,0.0033798233880432127
26,2000.0,0.004539750786394348
26,3000.0,0.0069569172964990544
26,5000.0,0.012545633475988915
26,7500.0,0.02369625165776268
26,10000.0,1.417616941865039
26,15000.0,1.9772191017014733
26,20000.0,1.9839952178428404
26,30000.0,1.997101215152774
26,40000.0,2.0099415353373202
26,50000.0,2.0226656457681322
27,0.0,0.0
27,0.1,1.2566370614359172e-07
27,0.2,2.5132741228718345e-07
27,0.5,6.283185307179586e-07
27,1.0,1.2566370614359173e-06
27,2.0,2.5132741228718346e-06
27,5.0,6.283185307179587e-06
27,10.0,1.2566370614359173e-05
27,20.0,2.5132741228718347e-05
27,50.0,6.283185307179587e-05
27,100.0,0.00027509167575578974
27,200.0,0.00040075539347772526
27,500.0,0.00113298224679248
27,800.0,0.0018964864938296744
27,1000.0,0.002147813969598622
27,1500.0,0.003425372207226496
27,2000.0,0.00459585611374147
27,3000.0,0.007024657319887662
27,5000.0,0.012532352081878861
27,7500.0,0.02261227402866428
27,10000.0,1.3986774659518066
27,15000.0,1.9769170699987622
27,20000.0,1.9837592892529896
27,30000.0,1.9969491113068991
27,40000.0,2.0098350881195155
27,50000.0,2.022587123780643
28,0.0,0.0
28,0.1,1.2566370614359172e-07
28,0.2,2.5132741228718345e-07
28,0.5,6.283185307179586e-07
28,1.0,1.2566370614359173e-06
28,2.0,2.5132741228718346e-06
28,5.0,6.283185307179587e-06
28,10.0,1.2566370614359173e-05
28,20.0,2.5132741228718347e-05
28,50.0,6.283185307179587e-05
28,100.0,0.00012566370614359174
28,200.0,0.00415105945608607
28,500.0,0.010601422919390924
28,800.0,0.01571527641736825
28,1000.0,0.02123201611627379
28,1500.0,0.03193055346733231
28,2000.0,0.042663968767883254
28,3000.0,0.06456891400407527
28,5000.0,0.11087889071957502
28,7500.0,0.1793485889639166
28,10000.0,0.3379278426318978
28,15000.0,1.7889144794531397
28,20000.0,1.8369077389969326
28,30000.0,1.9098197112762532
28,40000.0,1.9593975029531823
28,50000.0,1.9930356508491849
29,0.0,0.0
29,0.1,2.432849353084521e-07
29,0.2,3.6894864145204383e-07
29,0.5,7.45939759882819e-07
29,1.0,1.3742582906007776e-06
29,2.0,2.630895352036695e-06
29,5.0,6.400806536344447e-06
29,10.0,1.2683991843524033e-05
29,20.0,2.5250362457883207e-05
29,50.0,0.000131071769401081
29,100.0,0.0001939036224728769
29,200.0,0.000319567335371862
29,500.0,0.0009038168716675177
29,800.0,0.001494849204040305
29,1000.0,0.001746176650624931
29,1500.0,0.0027252612509335306
29,2000.0,0.0036500833636377017
29,3000.0,0.005550628033116567
29,5000.0,0.009700003533611334
29,7500.0,0.016533118868598096
29,10000.0,0.03441333587039208
29,15000.0,1.9779305826850444
29,20000.0,1.9845118299078495
29,30000.0,1.9974086182193755
29,40000.0,2.0101448926531784
29,50000.0,2.022810094471531
30,0.0,0.0
30,0.1,1.2566370614359172e-07
30,0.2,2.5132741228718345e-07
30,0.5,6.283185307179586e-07
30,1.0,1.2566370614359173e-06
30,2.0,2.5132741228718346e-06
30,5.0,6.283185307179587e-06
30,10.0,1.2566370614359173e-05
30,20.0,2.5132741228718347e-05
30,50.0,0.0002567794578418603
30,100.0,0.0003196113109136562
30,200.0,0.0004452750366292779
30,500.0,0.0014227617659924308
30,800.0,0.0024089229812900292
30,1000.0,0.0026602504933612714
30,1500.0,0.004309080099232809
30,2000.0,0.0058063256562757015
30,3000.0,0.008952038055588751
30,5000.0,0.01657759111149315
30,7500.0,0.03609268613254313
30,10000.0,1.4770041690433569
30,15000.0,1.975934129030458
30,20000.0,1.9830388199863727
30,30000.0,1.9965117269862311
30,40000.0,2.009540564544687
30,50000.0,2.0223744743553302
31,0.0,0.0
31,0.1,1.25663706329604e-07
31,0.2,2.5132741247319575e-07
31,0.5,6.283185309039709e-07
31,1.0,1.2566370616219295e-06
31,2.0,2.513274123057847e-06
31,5.0,6.283185307365599e-06
31,10.0,1.2566370614545185e-05
31,20.0,2.513274122890436e-05
31,50.0,6.283185524735835e-05
31,100.0,0.0001701637377630183
31,200.0,0.00029582744732514765
31,500.0,0.0007776975009673448
31,800.0,0.0012710650141928292
31,1000.0,0.001522392444437859
31,1500.0,0.0023343667021419323
31,2000.0,0.003114191210155881
31,3000.0,0.00468118167759457
31,5000.0,0.007850096087966385
31,7500.0,0.011931335346813787
31,10000.0,0.016235809752946362
31,15000.0,0.0262776810626687
31,20000.0,0.0425903180408469
31,30000.0,1.996673495362932
31,40000.0,2.009564725922359
31,50000.0,2.0223442359277133
32,0.0,0.0
32,0.1,0.9720305974031165
32,0.2,0.9720307230668227
32,0.5,0.9720311000579411
32,1.0,0.9720317283764718
32,2.0,0.9720340248615867
32,5.0,0.9722373257064826
32,10.0,0.9722436088917897
32,20.0,0.9722561752624042
32,50.0,0.9722938743742472
32,100.0,0.9723567062273191
32,200.0,0.9724823699334626
32,500.0,0.9730840462089971
32,800.0,0.9738700507436066
32,1000.0,0.9741213781558938
32,1500.0,0.9750711954381965
32,2000.0,0.9760152645292162
32,3000.0,0.977807092065734
32,5000.0,0.9811245731930057
32,7500.0,0.9849158536757455
32,10000.0,0.9884428585547416
32,15000.0,0.9950268356899398
32,20000.0,1.0013100209971193
32,30000.0,1.0138763916114786
32,40000.0,1.0264427622258376
32,50000.0,1.039009132840197
33,0.0,0.0
33,0.1,1.2566370614359172e-07
33,0.2,2.5132741228718345e-07
33,0.5,6.283185307179586e-07
33,1.0,1.2566370614359173e-06
33,2.0,2.5132741228718346e-06
33,5.0,6.283185307179587e-06
33,10.0,1.2566370614359173e-05
33,20.0,2.5132741228718347e-05
33,50.0,0.0001599183758012046
33,100.0,0.0002227502288730005
33,200.0,0.0003484139446866541
33,500.0,0.0010220948264770824
33,800.0,0.0017030975898969514
33,1000.0,0.0019544250513023886
33,1500.0,0.0030850841919382033
33,2000.0,0.00413605510068249
33,3000.0,0.0063035117405573216
33,5000.0,0.01112955232174595
33,7500.0,0.019457770707779876
33,10000.0,1.9703671060081227
33,15000.0,1.9773676279007157
33,20000.0,1.9840918240852583
33,30000.0,1.9971493418358777
33,40000.0,2.0099686960420122
33,50000.0,2.022682210763718
34,0.0,0.0
34,0.1,8.313910798696256e-07
34,0.2,9.570547860132173e-07
34,0.5,1.3340459044439926e-06
34,1.0,1.962364435161951e-06
34,2.0,3.2190014965978684e-06
34,5.0,6.98891268090562e-06
34,10.0,1.3272097988085207e-05
34,20.0,2.583846860244438e-05
34,50.0,0.00035028833485728494
34,100.0,0.00041312018792908083
34,200.0,0.0005387839227491975
34,500.0,0.001795611283945009
34,800.0,0.0030756883229028364
34,1000.0,0.0033270158799065808
34,1500.0,0.005435381774846926
34,2000.0,0.007309113367654718
34,3000.0,0.01126987225181586
34,5000.0,0.02069300101777438
34,7500.0,0.04175944168154322
34,10000.0,1.274757373105322
34,15000.0,1.9739628267142115
34,20000.0,1.9815833454307135
34,30000.0,1.9956350666049776
34,40000.0,2.0089599567169394
34,50000.0,2.021964005577798
35,0.0,0.0
35,0.1,6.451574675603311e-07
35,0.2,7.708211737039228e-07
35,0.5,1.147812292134698e-06
35,1.0,1.7761308228526566e-06
35,2.0,3.032767884288574e-06
35,5.0,6.802679068607098e-06
35,10.0,1.3085864375786685e-05
35,20.0,2.5652234990145856e-05
35,50.0,6.33513535307495e-05
35,100.0,0.0002631825263247345
35,200.0,0.00038884624308010984
35,500.0,0.001091412941528369
35,800.0,0.0018230222345808622
35,1000.0,0.002074349704467182
35,1500.0,0.0032917446901209457
35,2000.0,0.004414621393654117
35,3000.0,0.006743062288294355
35,5000.0,0.012020709546209707
35,7500.0,0.02165042643454429
35,10000.0,1.3976505836222075
35,15000.0,1.977186559828486
35,20000.0,1.9839650970061626
35,30000.0,1.9970794650279433
35,40000.0,2.0099249409416364
35,50000.0,2.0226533151402806
36,0.0,0.0
36,0.1,1.8605768331569905e-06
36,0.2,1.9862405393005823e-06
36,0.5,2.3632316577313575e-06
36,1.0,2.991550188449316e-06
36,2.0,4.248187249885233e-06
36,5.0,8.018098434203758e-06
36,10.0,1.4301283741383344e-05
36,20.0,2.6867654355742516e-05
36,50.0,6.456685174927035e-05
36,100.0,0.0018772888494418272
36,200.0,0.002002952689236337
36,500.0,0.00648056315351675
36,800.0,0.011476637574148962
36,1000.0,0.01172796568829193
36,1500.0,0.019534314959598564
36,2000.0,0.02614867316930025
36,3000.0,0.03962673390868621
36,5000.0,0.06839183926200088
36,7500.0,0.11158830291647692
36,10000.0,0.1858075530478227
36,15000.0,1.8886182671592495
36,20000.0,1.9134100888249959
36,30000.0,1.9508481980935015
36,40000.0,1.9783440998532122
36,50000.0,2.0002089448159928
37,0.0,0.0
37,0.1,1.2566370614359172e-07
37,0.2,2.5132741228718345e-07
37,0.5,6.283185307179586e-07
37,1.0,1.2566370614359173e-06
37,2.0,2.5132741228718346e-06
37,5.0,6.283185307179587e-06
37,10.0,1.2566370614359173e-05
37,20.0,2.5132741228718347e-05
37,50.0,0.0007206971883604307
37,100.0,0.0007835290414322266
37,200.0,0.0009091928132384242
37,500.0,0.0033008102465011957
37,800.0,0.005755109720161911
37,1000.0,0.006006437465065795
37,1500.0,0.010036498786700765
37,2000.0,0.013533795776876856
37,3000.0,0.021003440937390927
37,5000.0,0.03983565964657365
37,7500.0,1.9483406797748573
37,10000.0,1.9554018761687575
37,15000.0,1.9669418884150691
37,20000.0,1.9764708404624272
37,30000.0,1.9926235810290633
37,40000.0,2.0069998968251057
37,50000.0,2.0205950803805184
38,0.0,0.0
38,0.1,2.5172953617147442e-06
38,0.2,2.642959067858336e-06
38,0.5,3.0199501862891112e-06
38,1.0,3.6482687170070695e-06
38,2.0,4.904905778442987e-06
38,5.0,8.674816962750739e-06
38,10.0,1.4958002269930325e-05
38,20.0,2.75243728842895e-05
38,50.0,6.522350390714138e-05
38,100.0,0.0005203711451937654
38,200.0,0.0006460348817608486
38,500.0,0.001956458306551778
38,800.0,0.0031385667771097747
38,1000.0,0.003929707047262143
38,1500.0,0.005937987089170815
38,2000.0,0.007995237242230169
38,3000.0,0.012355182975071877
38,5000.0,0.022976479908828562
38,7500.0,0.049884863131021695
38,10000.0,1.4294289967365381
38,15000.0,1.9735135430448922
38,20000.0,1.9812701788919245
38,30000.0,1.9954632023955594
38,40000.0,2.008853656523227
38,50000.0,2.021892913327255
39,0.0,0.0
39,0.1,1.2566370614359172e-07
39,0.2,2.5132741228718345e-07
39,0.5,6.283185307179586e-07
39,1.0,1.2566370614359173e-06
39,2.0,2.5132741228718346e-06
39,5.0,6.283185307179587e-06
39,10.0,1.2566370614359173e-05
39,20.0,2.5132741228718347e-05
39,50.0,0.00046676275682566715
39,100.0,0.0005295946227207304
39,200.0,0.0009175537233788722
39,500.0,0.0033434087350815433
39,800.0,0.005799698096004335
39,1000.0,0.006707107072934426
39,1500.0,0.010195238443705734
39,2000.0,0.01380307982899176
39,3000.0,0.02178615155224428
39,5000.0,0.04499467361324827
39,7500.0,1.3810125577065553
39,10000.0,1.4995109280928887
39,15000.0,1.969908256501546
39,20000.0,1.9787514671671071
39,30000.0,1.9940587657911846
39,40000.0,2.0079699191573597
39,50000.0,2.021289937744018
40,0.0,0.0
40,0.1,1.2566370614359172e-07
40,0.2,2.5132741228718345e-07
40,0.5,6.283185307179586e-07
40,1.0,1.2566370614359173e-06
40,2.0,2.5132741228718346e-06
40,5.0,6.283185307179587e-06
40,10.0,1.2566370614359173e-05
40,20.0,2.5132741228718347e-05
40,50.0,6.283185307179587e-05
40,100.0,0.0002725530175643476
40,200.0,0.0003982167349847465
40,500.0,0.0011211907115162845
40,800.0,0.00179788071307041
40,1000.0,0.0021319351020636645
40,1500.0,0.0033928597393982907
40,2000.0,0.004558021284373215
40,3000.0,0.006979431959451388
40,5000.0,0.012549583589613333
40,7500.0,0.023376184694296476
40,10000.0,1.4099588597913018
40,15000.0,1.9771477448251429
40,20000.0,1.9839413571196023
40,30000.0,1.9970680263641958
40,40000.0,2.0099187364211666
40,50000.0,2.0226492179996436
41,0.0,0.0
41,0.1,1.2566370614359172e-07
41,0.2,2.5132741228718345e-07
41,0.5,6.283185307179586e-07
41,1.0,1.2566370614359173e-06
41,2.0,2.5132741228718346e-06
41,5.0,6.283185307179587e-06
41,10.0,1.2566370614359173e-05
41,20.0,2.5132741228718347e-05
41,50.0,6.283185307179587e-05
41,100.0,0.00012566370614359174
41,200.0,0.0017533799343972811
41,500.0,0.002839303690995054
41,800.0,0.004555020499378393
41,1000.0,0.005717579222233593
41,1500.0,0.008642402986136943
41,2000.0,0.011661951843664142
41,3000.0,0.018189078522270696
41,5000.0,0.03514478788056785
41,7500.0,1.0778165654267053
41,10000.0,1.9602851668931804
41,15000.0,1.9704533622543874
41,20000.0,1.9790854820779313
41,30000.0,1.9942081055345247
41,40000.0,2.0080486861823434
41,50000.0,2.0213360158784814
42,0.0,0.0
42,0.1,1.25663706329604e-07
42,0.2,2.5132741247319575e-07
42,0.5,6.283185309039709e-07
42,1.0,1.2566370616219295e-06
42,2.0,2.513274123057847e-06
42,5.0,6.283185307365599e-06
42,10.0,1.2566370614545185e-05
42,20.0,0.008928627948467827
42,50.0,0.008966327606777624
42,100.0,0.009029159459849419
42,200.0,0.009154823482588115
42,500.0,0.019245466166390335
42,800.0,0.028296632103371633
42,1000.0,0.038575796485857294
42,1500.0,0.05812411492023961
42,2000.0,0.07800058319690673
42,3000.0,0.1190877274723201
42,5000.0,0.213156330571881
42,7500.0,1.7437289019925197
42,10000.0,1.7957077339461593
42,15000.0,1.8771053095389578
42,20000.0,1.9312475798349182
42,30000.0,1.9820800347808603
42,40000.0,2.004033851166269
42,50000.0,2.01967055679188
43,0.0,0.0
43,0.1,1.2566370614359172e-07
43,0.2,2.5132741228718345e-07
43,0.5,6.283185307179586e-07
43,1.0,1.2566370614359173e-06
43,2.0,2.5132741228718346e-06
43,5.0,6.283185307179587e-06
43,10.0,1.2566370614359173e-05
43,20.0,2.5132741228718347e-05
43,50.0,0.0002853320135963733
43,100.0,0.00039780002285838556
43,200.0,0.0005234637498129358
43,500.0,0.0015389617458954064
43,800.0,0.0026167891404238475
43,1000.0,0.003084275016309479
43,1500.0,0.004657238937873398
43,2000.0,0.006262049130816072
43,3000.0,0.009642700123176806
43,5000.0,0.017654609483647055
43,7500.0,0.035004944637780366
43,10000.0,1.415692552364355
43,15000.0,1.9753119225562088
43,20000.0,1.9825879483894666
43,30000.0,1.9962498923427172
43,40000.0,2.0093734933790994
43,50000.0,2.0222607149940046
44,0.0,0.0
44,0.1,1.2566370614359172e-07
44,0.2,2.5132741228718345e-07
44,0.5,6.283185307179586e-07
44,1.0,1.2566370614359173e-06
44,2.0,2.5132741228718346e-06
44,5.0,6.283185307179587e-06
44,10.0,1.2566370614359173e-05
44,20.0,0.00010360569963907551
44,50.0,0.00014130481631968728
44,100.0,0.00020413666939148316
44,200.0,0.0003298003848691833
44,500.0,0.0009931697992698885
44,800.0,0.0015925042584983284
44,1000.0,0.001992749956494788
44,1500.0,0.003001631931518589
44,2000.0,0.004032617029888552
44,3000.0,0.006182675537300342
44,5000.0,0.011186128126318917
44,7500.0,0.021689045393812445
44,10000.0,1.9711323008947943
44,15000.0,1.9779459812662705
44,20000.0,1.984540882349724
44,30000.0,1.997440709210652
44,40000.0,2.010172288598331
44,50000.0,2.02283280517307
45,0.0,0.0
45,0.1,1.2566370614359172e-07
45,0.2,2.5132741228718345e-07
45,0.5,6.283185307179586e-07
45,1.0,1.2566370614359173e-06
45,2.0,2.5132741228718346e-06
45,5.0,6.283185307179587e-06
45,10.0,1.2566370614359173e-05
45,20.0,2.5132741228718347e-05
45,50.0,0.00036290321166243533
45,100.0,0.0004257350647342312
45,200.0,0.000551398800640146
45,500.0,0.0018415423262774233
45,800.0,0.002537777215559034
45,1000.0,0.0036990910120847653
45,1500.0,0.005581761397094209
45,2000.0,0.007514176190961175
45,3000.0,0.011601760166868313
45,5000.0,0.021443149993496502
45,7500.0,0.044822788542979386
45,10000.0,1.9655070299434287
45,15000.0,1.973991967374952
45,20000.0,1.9816211312494527
45,30000.0,1.9956710390967123
45,40000.0,2.0089905676424316
45,50000.0,2.0219892647396653
46,0.0,0.0
46,0.1,1.2566370614359172e-07
46,0.2,2.5132741228718345e-07
46,0.5,6.283185307179586e-07
46,1.0,1.2566370614359173e-06
46,2.0,2.5132741228718346e-06
46,5.0,6.283185307179587e-06
46,10.0,1.2566370614359173e-05
46,20.0,2.5132741228718347e-05
46,50.0,6.283185307179587e-05
46,100.0,0.0008673635723667195
46,200.0,0.0009930273347792395
46,500.0,0.0030964335471311832
46,800.0,0.005399785789271694
46,1000.0,0.005651113507978867
46,1500.0,0.009413253303145463
46,2000.0,0.012684766487055521
46,3000.0,0.019620744524139533
46,5000.0,0.03677388110131574
46,7500.0,1.3529406735806107
46,10000.0,1.4556257731905584
46,15000.0,1.965709864868305
46,20000.0,1.9753470676242089
46,30000.0,1.9917502532350961
46,40000.0,2.006325799735766
46,50000.0,2.0200664022815196
47,0.0,0.0
47,0.1,1.2566370614359172e-07
47,0.2,2.5132741228718345e-07
47,0.5,6.283185307179586e-07
47,1.0,1.2566370614359173e-06
47,2.0,2.5132741228718346e-06
47,5.0,6.283185307179587e-06
47,10.0,1.2566370614359173e-05
47,20.0,2.5132741228718347e-05
47,50.0,0.00022024826448363566
47,100.0,0.00028308011755543154
47,200.0,0.0004087438393116649
47,500.0,0.0012647474373950196
47,800.0,0.0021371199247238737
47,1000.0,0.0023884474142726875
47,1500.0,0.003806935472181694
47,2000.0,0.005095452302275483
47,3000.0,0.007714143164323728
47,5000.0,0.013284373208632627
47,7500.0,0.021437434010893153
47,10000.0,0.032606488383918664
47,15000.0,1.9736361141262848
47,20000.0,1.981113595665151
47,30000.0,1.9951351861921838
47,40000.0,2.008517867519066
47,50000.0,2.0215865590184565
48,0.0,0.0
48,0.1,1.2566370614359172e-07
48,0.2,2.5132741228718345e-07
48,0.5,6.283185307179586e-07
48,1.0,1.2566370614359173e-06
48,2.0,2.5132741228718346e-06
48,5.0,6.283185307179587e-06
48,10.0,1.2566370614359173e-05
48,20.0,2.5132741228718347e-05
48,50.0,0.00011448717968443045
48,100.0,0.0002502441911400588
48,200.0,0.00037590790973673904
48,500.0,0.0011349719995901175
48,800.0,0.0018208462577031792
48,1000.0,0.002153263752787682
48,1500.0,0.003426538617800179
48,2000.0,0.004602472308778749
48,3000.0,0.007040565593096293
48,5000.0,0.012607678675058076
48,7500.0,0.023029290289872106
48,10000.0,1.969876400541362
48,15000.0,1.977041199598997
48,20000.0,1.983860345495028
48,30000.0,1.997017704084154
48,40000.0,2.009884851703442
48,50000.0,2.022624968417629
49,0.0,0.0
49,0.1,1.6645414537830305e-06
49,0.2,1.8294122355877462e-06
49,0.5,2.2554122559581558e-06
49,1.0,4.069744833690159e-06
49,2.0,6.277153593692297e-06
49,5.0,1.4477464030826503e-05
49,10.0,2.84844431247544e-05
49,20.0,5.7900054226345254e-05
49,50.0,0.0001544783982645459
49,100.0,0.00030531053856486245
49,200.0,0.0006096997110545122
49,500.0,0.0015295520348398428
49,800.0,0.002451031453337582
49,1000.0,0.003070964213174321
49,1500.0,0.004636508196363409
49,2000.0,0.006233633800379779
49,3000.0,0.009595102730910354
49,5000.0,0.017558787390909436
49,7500.0,0.034729348298825236
49,10000.0,1.4153418450759214
49,15000.0,1.9753401320464814
49,20000.0,1.9826084046824866
49,30000.0,1.9962622425711487
49,40000.0,2.009381697460328
49,50000.0,2.022266605858497
50,0.0,0.0
50,0.1,1.2566370614359172e-07
50,0.2,2.5132741228718345e-07
50,0.5,6.283185307179586e-07
50,1.0,1.2566370614359173e-06
50,2.0,2.5132741228718346e-06
50,5.0,6.283185307179587e-06
50,10.0,1.2566370614359173e-05
50,20.0,2.5132741228718347e-05
50,50.0,0.0002394107230334619
50,100.0,0.0003022425761052578
50,200.0,0.0004279062998031602
50,500.0,0.001343485053154736
50,800.0,0.0022741094493747838
50,1000.0,0.002525436950798099
50,1500.0,0.00406536891420739
50,2000.0,0.005462695214151991
50,3000.0,0.008386015268491698
50,5000.0,0.015174467898721788
50,7500.0,0.02869212511195074
50,10000.0,1.4104157306463192
50,15000.0,1.9760862132739878
50,20000.0,1.9831533830679762
50,30000.0,1.9965877593060286
50,40000.0,2.009596483639753
50,50000.0,2.022418327476843
51,0.0,0.0
51,0.1,8.064719669187426e-05
51,0.2,8.077286039801784e-05
51,0.5,8.114985151644863e-05
51,1.0,8.177817004716658e-05
51,2.0,8.303480710860249e-05
51,5.0,8.680471829291025e-05
51,10.0,9.308790360008984e-05
51,20.0,0.000105654274214449
51,50.0,0.00014335338605752653
51,100.0,0.00020618524312787656
51,200.0,0.0004136447301046342
51,500.0,0.0014615179520951482
51,800.0,0.0023392324692282918
51,1000.0,0.0029285248974457723
51,1500.0,0.004417673900855124
51,2000.0,0.0059424134239025594
51,3000.0,0.009146740393438657
51,5000.0,0.01667870616477063
51,7500.0,0.032552796878595025
51,10000.0,1.413093407473899
51,15000.0,1.9756408503101954
51,20000.0,1.9828297874486482
51,30000.0,1.996395056535631
51,40000.0,2.009469913387515
51,50000.0,2.0223291901681986
52,0.0,0.0
52,0.1,2.628884735456083e-07
52,0.2,3.8855217968920004e-07
52,0.5,7.655432981199752e-07
52,1.0,1.3938618288379338e-06
52,2.0,2.650498890273851e-06
52,5.0,6.420410074581604e-06
52,10.0,1.270359538176119e-05
52,20.0,2.5269965996120363e-05
52,50.0,0.0003590413146452587
52,100.0,0.00042187316771705456
52,200.0,0.0005475369034879662
52,500.0,0.0018335441328931612
52,800.0,0.0031456729541281536
52,1000.0,0.0033970005171737316
52,1500.0,0.0055671567575761305
52,2000.0,0.007503257022440146
52,3000.0,0.011613679129210852
52,5000.0,0.02178723128298521
52,7500.0,0.05171610800683224
52,10000.0,1.4344152739010658
52,15000.0,1.9743244433702944
52,20000.0,1.981872987715839
52,30000.0,1.995828416293509
52,40000.0,2.0090965443760256
52,50000.0,2.0220653264842134
53,0.0,0.0
53,0.1,1.2566370614359172e-07
53,0.2,2.5132741228718345e-07
53,0.5,6.283185307179586e-07
53,1.0,1.2566370614359173e-06
53,2.0,2.5132741228718346e-06
53,5.0,6.283185307179587e-06
53,10.0,1.2566370614359173e-05
53,20.0,2.5132741228718347e-05
53,50.0,0.0002422728396046514
53,100.0,0.00030510469820166364
53,200.0,0.0005437828104903897
53,500.0,0.0013560509221938188
53,800.0,0.0022999273091293126
53,1000.0,0.002551254812605541
53,1500.0,0.004112182163067302
53,2000.0,0.005527759360985818
53,3000.0,0.00848877701971873
53,5000.0,0.015402457042878903
53,7500.0,0.029432442922336266
53,10000.0,1.9684762775968903
53,15000.0,1.976059356428157
53,20000.0,1.9831363867991825
53,30000.0,1.996578976921529
53,40000.0,2.009591759186559
53,50000.0,2.02241579861921
54,0.0,0.0
54,0.1,1.2566370614359172e-07
54,0.2,2.5132741228718345e-07
54,0.5,6.283185307179586e-07
54,1.0,1.2566370614359173e-06
54,2.0,2.5132741228718346e-06
54,5.0,6.283185307179587e-06
54,10.0,1.2566370614359173e-05
54,20.0,2.5132741228718347e-05
54,50.0,0.00016545638007647856
54,100.0,0.0003253551571968938
54,200.0,0.0006474365238795521
54,500.0,0.0016246684069097794
54,800.0,0.0026065953390823626
54,1000.0,0.003270959518509864
54,1500.0,0.004928992984531866
54,2000.0,0.006633300956302435
54,3000.0,0.010216887774185168
54,5000.0,0.018775794621338493
54,7500.0,0.03787244235832421
54,10000.0,1.2776636850193255
54,15000.0,1.974926134742213
54,20000.0,1.9823057456431918
54,30000.0,1.9960808118344677
54,40000.0,2.0092614591515217
54,50000.0,2.0221811246111945
55,0.0,0.0
55,0.1,1.2566370614359172e-07
55,0.2,2.5132741228718345e-07
55,0.5,6.283185307179586e-07
55,1.0,1.2566370614359173e-06
55,2.0,2.5132741228718346e-06
55,5.0,6.283185307179587e-06
55,10.0,1.2566370614359173e-05
55,20.0,2.5132741228718347e-05
55,50.0,0.0002865082234591032
55,100.0,0.0003493400765308991
55,200.0,0.0004750038051370975
55,500.0,0.0015411769460363933
55,800.0,0.0026230426268252227
55,1000.0,0.0028743701526783294
55,1500.0,0.004664149182366573
55,2000.0,0.0062743111434001575
55,3000.0,0.009649502549834654
55,5000.0,0.017629124885233494
55,7500.0,0.034588830139938964
55,10000.0,1.415251306128802
55,15000.0,1.975198712126856
55,20000.0,1.982498683675523
55,30000.0,1.9961902975892172
55,40000.0,2.0093309536992026
55,50000.0,2.02222876122097
56,0.0,0.0
56,0.1,1.2566370614359172e-07
56,0.2,2.5132741228718345e-07
56,0.5,6.283185307179586e-07
56,1.0,1.2566370614359173e-06
56,2.0,2.5132741228718346e-06
56,5.0,6.283185307179587e-06
56,10.0,1.2566370614359173e-05
56,20.0,2.5132741228718347e-05
56,50.0,0.00029572188639337416
56,100.0,0.00035855373946517004
56,200.0,0.00048421746910576324
56,500.0,0.0015821287398906092
56,800.0,0.00269640886838296
56,1000.0,0.0029477364006275097
56,1500.0,0.004802883421097248
56,2000.0,0.006465053583947111
56,3000.0,0.00998614432740108
56,5000.0,0.018518498183990206
56,7500.0,0.0388134807873467
56,10000.0,1.479768954042127
56,15000.0,1.9756317052641812
56,20000.0,1.982851576777514
56,30000.0,1.9964315681249767
56,40000.0,2.0095031903939358
56,50000.0,2.022356929177746
57,0.0,0.0
57,0.1,1.2566370614359172e-07
57,0.2,2.5132741228718345e-07
57,0.5,6.283185307179586e-07
57,1.0,1.2566370614359173e-06
57,2.0,2.5132741228718346e-06
57,5.0,6.283185307179587e-06
57,10.0,1.2566370614359173e-05
57,20.0,2.5720827716124717e-05
57,50.0,0.00048768953380950997
57,100.0,0.0005505213868813059
57,200.0,0.0006761851354423198
57,500.0,0.0023546061603114676
57,800.0,0.0034601629163444336
57,1000.0,0.004740911303261375
57,1500.0,0.007211824992926719
57,2000.0,0.009767857902011956
57,3000.0,0.01542784173819034
57,5000.0,0.031777880224231114
57,7500.0,1.3807604560439422
57,10000.0,1.9655668670969826
57,15000.0,1.974233228124595
57,20000.0,1.9819000797910513
57,30000.0,1.995916975277177
57,40000.0,2.009185358205621
57,50000.0,2.022143221149106
58,0.0,0.0
58,0.1,1.2566370614359172e-07
58,0.2,2.5132741228718345e-07
58,0.5,6.283185307179586e-07
58,1.0,1.2566370614359173e-06
58,2.0,2.5132741228718346e-06
58,5.0,6.283185307179587e-06
58,10.0,1.2566370614359173e-05
58,20.0,2.5132741228718347e-05
58,50.0,0.00022015024679289397
58,100.0,0.00028298210508792554
58,200.0,0.0005154851154476336
58,500.0,0.0017047978729964886
58,800.0,0.0027341457146722314
58,1000.0,0.0031661590373167625
58,1500.0,0.005169891058874332
58,2000.0,0.00696380682951625
58,3000.0,0.010768629378897554
58,5000.0,0.020020462440500486
58,7500.0,0.04325866144216317
58,10000.0,1.4408103480976726
58,15000.0,1.9749379850832218
58,20000.0,1.9823325436780197
58,30000.0,1.9961117070100276
58,40000.0,2.0092884140169733
58,50000.0,2.022203590268399
59,0.0,0.0
59,0.1,8.653202805186666e-06
59,0.2,8.778866511330257e-06
59,0.5,9.155857629761033e-06
59,1.0,9.78417616047899e-06
59,2.0,1.1040813221914909e-05
59,5.0,1.481072440622266e-05
59,10.0,2.1093909713402247e-05
59,20.0,3.3660280327761424e-05
59,50.0,7.135939217083894e-05
59,100.0,0.0001341913344099499
59,200.0,0.0020837290331773284
59,500.0,0.005486232287193138
59,800.0,0.00798048431833387
59,1000.0,0.011044135260259824
59,1500.0,0.01673904647995872
59,2000.0,0.022697960319018384
59,3000.0,0.035706085439530244
59,5000.0,0.07496186667065563
59,7500.0,1.403082632738199
59,10000.0,1.5026462320943268
59,15000.0,1.9570355446541916
59,20000.0,1.9692414963406073
59,30000.0,1.9883746613792002
59,40000.0,2.0042471090026335
59,50000.0,2.0186822842851386
60,0.0,0.0
60,0.1,1.2566370614359172e-07
60,0.2,2.5132741228718345e-07
60,0.5,6.283185307179586e-07
60,1.0,1.2566370614359173e-06
60,2.0,2.5132741228718346e-06
60,5.0,6.283185307179587e-06
60,10.0,1.2566370614359173e-05
60,20.0,2.5132741228718347e-05
60,50.0,6.283185307179587e-05
60,100.0,0.00012566370614359174
60,200.0,0.00519684945731691
60,500.0,0.013214878836715571
60,800.0,0.02355649461566045
60,1000.0,0.02380782352334343
60,1500.0,0.03972987986903764
60,2000.0,0.05306993900084145
60,3000.0,0.08013122231235748
60,5000.0,0.13640274604275682
60,7500.0,1.5490822855326916
60,10000.0,1.5958870470036706
60,15000.0,1.679889837018727
60,20000.0,1.7534899467351488
60,30000.0,1.8745667325394881
60,40000.0,1.9590730111002288
60,50000.0,2.0041147115752955
61,0.0,0.0
61,0.1,6.843645437015766e-07
61,0.2,8.100282498451684e-07
61,0.5,1.1870193682759436e-06
61,1.0,1.8153378989939022e-06
61,2.0,3.0719749604298194e-06
61,5.0,6.841886144748344e-06
61,10.0,1.312507145192793e-05
61,20.0,2.5691442066287102e-05
61,50.0,0.0003164722315341928
61,100.0,0.0003793040846059887
61,200.0,0.0005049678160822246
61,500.0,0.0016592000549897623
61,800.0,0.0028327515242619894
61,1000.0,0.0033294662817950904
61,1500.0,0.005024844483891067
61,2000.0,0.006762507883829705
61,3000.0,0.01042305819119016
61,5000.0,0.01916658134593896
61,7500.0,0.03881371603789463
61,10000.0,1.4226536703597508
61,15000.0,1.9747931247409403
61,20000.0,1.9822077279481045
61,30000.0,1.9960219326105446
61,40000.0,2.009222595134666
61,50000.0,2.0221537678673496
62,0.0,0.0
62,0.1,0.9754336672113244
62,0.2,0.9754337928750306
62,0.5,0.9754341698661491
62,1.0,0.9754347981846797
62,2.0,0.9754360548217411
62,5.0,0.9754398247329255
62,10.0,0.9754461079182326
62,20.0,0.975458674288847
62,50.0,0.9754963734006901
62,100.0,0.9755592052537619
62,200.0,0.9756848689599055
62,500.0,0.9761730735642113
62,800.0,0.9766759582767557
62,1000.0,0.9770069475209551
62,1500.0,0.9778180165755824
62,2000.0,0.9786077025125473
62,3000.0,0.9801390420580574
62,5000.0,0.9830297229710658
62,7500.0,0.9864311111915339
62,10000.0,0.9896761894139323
62,15000.0,0.995959374721112
62,20000.0,1.0022425600282916
62,30000.0,1.0148089306426507
62,40000.0,1.02737530125701
62,50000.0,1.039941671871369
63,0.0,0.0
63,0.1,1.2566370614359172e-07
63,0.2,2.5132741228718345e-07
63,0.5,6.283185307179586e-07
63,1.0,1.2566370614359173e-06
63,2.0,2.5132741228718346e-06
63,5.0,6.283185307179587e-06
63,10.0,1.2566370614359173e-05
63,20.0,2.5132741228718347e-05
63,50.0,6.283185307179587e-05
63,100.0,0.003691939367919561
63,200.0,0.003817603347347931
63,500.0,0.012579420122674545
63,800.0,0.020185863217709765
63,1000.0,0.025310483444218046
63,1500.0,0.038289019851152295
63,2000.0,0.051748543112451806
63,3000.0,0.08090349510506933
63,5000.0,0.17320814256014883
63,7500.0,1.5270447238025002
63,10000.0,1.5882057026688696
63,15000.0,1.7102534773288873
63,20000.0,1.9468853684350567
63,30000.0,1.9802078281293172
63,40000.0,2.001172793307588
63,50000.0,2.017525517648288
64,0.0,0.0
64,0.1,2.576105976093146e-06
64,0.2,2.7017696822367377e-06
64,0.5,3.078760800667513e-06
64,1.0,3.7070793313854713e-06
64,2.0,4.963716392821389e-06
64,5.0,8.73362757712914e-06
64,10.0,1.5016812884308727e-05
64,20.0,2.75831834986679e-05
64,50.0,6.528229534174542e-05
64,100.0,0.00012811418044778033
64,200.0,0.0009090261525835919
64,500.0,0.002362388767452428
64,800.0,0.0034985270340456287
64,1000.0,0.004746165046035644
64,1500.0,0.0071613164775578
64,2000.0,0.009643571429528097
64,3000.0,0.01488874431740006
64,5000.0,0.027618744693395092
64,7500.0,0.059009280902032835
64,10000.0,1.9617276072166319
64,15000.0,1.9713375209881814
64,20000.0,1.979668099269014
64,30000.0,1.9945002374419052
64,40000.0,2.008216345457723
64,50000.0,2.021440855635187
65,0.0,0.0
65,0.1,6.929674809807995e-05
65,0.2,6.942241180422353e-05
65,0.5,6.979940292265432e-05
65,1.0,7.042772145337227e-05
65,2.0,7.168435851480819e-05
65,5.0,7.545426969912672e-05
65,10.0,8.173745500630631e-05
65,20.0,9.430382562066548e-05
65,50.0,0.00013200293746374301
65,100.0,0.00019483480386039975
65,200.0,0.0005930563061765648
65,500.0,0.0014827975941447136
65,800.0,0.002377429964811495
65,1000.0,0.0029742991615816505
65,1500.0,0.004489383643114797
65,2000.0,0.00604048992967654
65,3000.0,0.00928948356135939
65,5000.0,0.0169651530590339
65,7500.0,0.03324983987976615
65,10000.0,1.4137326592567998
65,15000.0,1.9755411859258838
65,20000.0,1.982755254793485
65,30000.0,1.9963506153168025
65,40000.0,2.0094403120430746
65,50000.0,2.0223080379458676
66,0.0,0.0
66,0.1,1.2566370614359172e-07
66,0.2,2.5132741228718345e-07
66,0.5,6.283185307179586e-07
66,1.0,1.2566370614359173e-06
66,2.0,2.5132741228718346e-06
66,5.0,6.283185307179587e-06
66,10.0,1.2566370614359173e-05
66,20.0,2.5132741228718347e-05
66,50.0,6.283185307179587e-05
66,100.0,0.00023838405055420786
66,200.0,0.00036404776543996764
66,500.0,0.0010092545080968574
66,800.0,0.0016793773087253605
66,1000.0,0.001930704768265512
66,1500.0,0.0030422896683767187
66,2000.0,0.004080185015029603
66,3000.0,0.006228194947543342
66,5000.0,0.011071839504757541
66,7500.0,0.019931656830813438
66,10000.0,1.430925899446171
66,15000.0,1.9775079598232057
66,20000.0,1.9841952229518083
66,30000.0,1.997210102999096
66,40000.0,2.010006932745955
66,50000.0,2.022707538542136
67,0.0,0.0
67,0.1,0.0010540118751020122
67,0.2,0.0010541375388081558
67,0.5,0.0010545145299265867
67,1.0,0.0010551428484573046
67,2.0,0.0010563994855187404
67,5.0,0.0010601693967030481
67,10.0,0.0010664525820102278
67,20.0,0.001079018952624587
67,50.0,0.0011167180644676645
67,100.0,0.0011795499175394604
67,200.0,0.0013052138198854646
67,500.0,0.007702020487596273
67,800.0,0.01366156952313169
67,1000.0,0.013912897778603162
67,1500.0,0.02316464516425798
67,2000.0,0.03095819564466462
67,3000.0,0.04674097566522106
67,5000.0,0.0796087091951847
67,7500.0,0.12528758861071665
67,10000.0,0.18229046477665245
67,15000.0,1.8410298953535649
67,20000.0,1.874108208780467
67,30000.0,1.924146964935053
67,40000.0,1.9600473129132392
67,50000.0,1.9873964613227704
68,0.0,0.0
68,0.1,1.2566370614359172e-07
68,0.2,2.5132741228718345e-07
68,0.5,6.283185307179586e-07
68,1.0,1.2566370614359173e-06
68,2.0,2.5132741228718346e-06
68,5.0,6.283185307179587e-06
68,10.0,1.2566370614359173e-05
68,20.0,2.5132741228718347e-05
68,50.0,0.00010851789874988249
68,100.0,0.00017134975326171809
68,200.0,0.0003264677814964756
68,500.0,0.0009319773559690603
68,800.0,0.0015443285343519353
68,1000.0,0.0017956559845899722
68,1500.0,0.0028121049245085628
68,2000.0,0.0037709489863025913
68,3000.0,0.005754838100456294
68,5000.0,0.01021256743268184
68,7500.0,0.018387701777546117
68,10000.0,1.4351153218733665
68,15000.0,1.9780115256924788
68,20000.0,1.9845817165227413
68,30000.0,1.9974592345529742
68,40000.0,2.0101823746197494
68,50000.0,2.022838784254473
69,0.0,0.0
69,0.1,0.9668734651173433
69,0.2,0.9668735907810495
69,0.5,0.9668739677721679
69,1.0,0.9668745960906986
69,2.0,0.96687585272776
69,5.0,0.9668796226389443
69,10.0,0.9668859058242515
69,20.0,0.9668984721948659
69,50.0,0.966936171306709
69,100.0,0.9672304628003479
69,200.0,0.9673561265064914
69,500.0,0.968148481069232
69,800.0,0.9689294227120689
69,1000.0,0.9694365779523221
69,1500.0,0.9706614536179069
69,2000.0,0.9718410585877344
69,3000.0,0.9740524741594242
69,5000.0,0.978042287760321
69,7500.0,0.9824513242761069
69,10000.0,0.9864353265138186
69,15000.0,0.993629982202783
69,20000.0,1.0002338176943628
69,30000.0,1.012800188308722
69,40000.0,1.0253665589230812
69,50000.0,1.0379329295374404
70,0.0,0.0
70,0.1,8.11787541854514e-07
70,0.2,9.374512479981057e-07
70,0.5,1.314442366428881e-06
70,1.0,1.9427608971468393e-06
70,2.0,3.1993979585827568e-06
70,5.0,6.9693091428905084e-06
70,10.0,1.3252494450070095e-05
70,20.0,2.581886506442927e-05
70,50.0,6.351799246684386e-05
70,100.0,0.0004446132719805318
70,200.0,0.0005702770027055104
70,500.0,0.0017014554841331408
70,800.0,0.0029074409566581805
70,1000.0,0.0031587685032998802
70,1500.0,0.005161157682641471
70,2000.0,0.006952172124610523
70,3000.0,0.010705770625572097
70,5000.0,0.01971253987392807
70,7500.0,0.040186747840180836
70,10000.0,1.4205852328587265
70,15000.0,1.974538513996563
70,20000.0,1.9820160053371958
70,30000.0,1.9959029685448053
70,40000.0,2.0091416423191744
70,50000.0,2.0220951434741767
71,0.0,0.0
71,0.1,3.026987353771382e-06
71,0.2,3.152651059914974e-06
71,0.5,3.529642178345749e-06
71,1.0,4.157960709063707e-06
71,2.0,5.414597770499625e-06
71,5.0,9.184508954807377e-06
71,10.0,1.5467694261986963e-05
71,20.0,2.8034064876346137e-05
71,50.0,6.573328259562583e-05
71,100.0,0.00229420709722572
71,200.0,0.0024198709689332576
71,500.0,0.007876629212918096
71,800.0,0.013970501680969805
71,1000.0,0.014221829960891275
71,1500.0,0.023723630249953054
71,2000.0,0.031720714517846194
71,3000.0,0.04800908771735324
71,5000.0,0.6168519547298845
71,7500.0,0.6199935473834742
71,10000.0,0.623135140037064
71,15000.0,1.8478324797739285
71,20000.0,1.879895526233141
71,30000.0,1.9282668835518204
71,40000.0,1.9630103388390483
71,50000.0,1.989590970023849
72,0.0,0.0
72,0.1,1.2566370614359172e-07
72,0.2,2.5132741228718345e-07
72,0.5,6.283185307179586e-07
72,1.0,1.2566370614359173e-06
72,2.0,2.5132741228718346e-06
72,5.0,6.283185307179587e-06
72,10.0,1.2566370614359173e-05
72,20.0,2.5132741228718347e-05
72,50.0,6.283185307179587e-05
72,100.0,0.00012566370614359174
72,200.0,0.0027767238102358593
72,500.0,0.0031537152543219538
72,800.0,0.007527367587371936
72,1000.0,0.007778695436545191
72,1500.0,0.012875140107565852
72,2000.0,0.017201911946732484
72,3000.0,0.025973957227178435
72,5000.0,0.044288926816736685
72,7500.0,0.06975216691338959
72,10000.0,0.10109911144680783
72,15000.0,1.9111765967149061
72,20000.0,1.9298285820818717
72,30000.0,1.959448210855124
72,40000.0,1.982731499633172
72,50000.0,2.0023263830345917
73,0.0,0.0
73,0.1,1.2566370614359172e-07
73,0.2,2.5132741228718345e-07
73,0.5,6.283185307179586e-07
73,1.0,1.2566370614359173e-06
73,2.0,2.5132741228718346e-06
73,5.0,6.283185307179587e-06
73,10.0,1.2566370614359173e-05
73,20.0,2.5132741228718347e-05
73,50.0,6.283185307179587e-05
73,100.0,0.0007648958784126636
73,200.0,0.0008905596341690636
73,500.0,0.0027897459723673634
73,800.0,0.0048225498064286
73,1000.0,0.0050738774872174375
73,1500.0,0.00844822013329527
73,2000.0,0.011388335435706942
73,3000.0,0.017668869189096603
73,5000.0,0.03334767277413164
73,7500.0,1.3613964929867857
73,10000.0,1.449575574196469
73,15000.0,1.9696644178849905
73,20000.0,1.9784587275377903
73,30000.0,1.9937954608764306
73,40000.0,2.0077612982975657
73,50000.0,2.0211258953121316
74,0.0,0.0
74,0.1,3.2169908792401003e-07
74,0.2,4.473627940676018e-07
74,0.5,8.243539124983769e-07
74,1.0,1.4526724432163356e-06
74,2.0,2.709309504652253e-06
74,5.0,6.479220688960005e-06
74,10.0,1.2762405996139591e-05
74,20.0,2.5328776610498764e-05
74,50.0,6.302789065470993e-05
74,100.0,0.0001708890686749065
74,200.0,0.0002965527782691213
74,500.0,0.0007794030090371162
74,800.0,0.0012758384757345365
74,1000.0,0.001527165906710537
74,1500.0,0.0023466189133974913
74,2000.0,0.0031345592889497897
74,3000.0,0.004728622244623559
74,5000.0,0.008037221656298499
74,7500.0,0.01262273252782542
74,10000.0,0.018464780861659702
74,15000.0,1.9781277256550296
74,20000.0,1.9846305293410276
74,30000.0,1.997453059435714
74,40000.0,2.010157517335658
74,50000.0,2.022807222561734
75,0.0,0.0
75,0.1,0.07409189416876183
75,0.2,0.07409201983246796
75,0.5,0.0740923968235864
75,1.0,0.07409302514211712
75,2.0,0.07409428177917855
75,5.0,0.07409805169036288
75,10.0,0.07410433487567006
75,20.0,0.07411690124628441
75,50.0,0.07415460114858041
75,100.0,0.09038570515333577
75,200.0,0.09051136940366877
75,500.0,0.10758498882672829
75,800.0,0.124483882655821
75,1000.0,0.1395131414209494
75,1500.0,0.17120596802656618
75,2000.0,0.20290767531915044
75,3000.0,0.268316390230227
75,5000.0,0.43148494141353466
75,7500.0,1.7850903407504215
75,10000.0,1.8763475204541826
75,15000.0,1.882630705761362
75,20000.0,1.9303896724358987
75,30000.0,1.993656834687567
75,40000.0,2.009199188222654
75,50000.0,2.0224374014899142
76,0.0,0.0
76,0.1,1.6445609235304914e-05
76,0.2,1.6816317167323014e-05
76,0.5,1.753637023782506e-05
76,1.0,1.909585686699078e-05
76,2.0,2.2018794970657396e-05
76,5.0,3.745281038258774e-05
76,10.0,7.956146007181975e-05
76,20.0,0.00016043635740548012
76,50.0,0.00040202208848727494
76,100.0,0.0008009174132771468
76,200.0,0.001611773819888307
76,500.0,0.004028611249072722
76,800.0,0.007033985896198303
76,1000.0,0.008089156578220291
76,1500.0,0.012243269075642993
76,2000.0,0.0165267367305868
76,3000.0,0.02574199855791315
76,5000.0,0.049899684662576105
76,7500.0,1.9433741431736589
76,10000.0,1.9514403440454948
76,15000.0,1.964313406928134
76,20000.0,1.974636125625207
76,30000.0,1.9916223793833903
76,40000.0,2.0063867961215607
76,50000.0,2.020188052004122
77,0.0,0.0
77,0.1,3.216990877019654e-07
77,0.2,4.473627938455572e-07
77,0.5,8.243539122763323e-07
77,1.0,1.452672442994291e-06
77,2.0,2.7093095044302083e-06
77,5.0,6.479220688737961e-06
77,10.0,1.2762405995917547e-05
77,20.0,2.532877661027672e-05
77,50.0,6.302789022616384e-05
77,100.0,0.00016212628711798072
77,200.0,0.0002877899961131192
77,500.0,0.0007522619085239546
77,800.0,0.0012249770959825712
77,1000.0,0.001476304523833405
77,1500.0,0.0022637939650774763
77,2000.0,0.003024210967814245
77,3000.0,0.004568755388858481
77,5000.0,0.007815250796024631
77,7500.0,0.01258267269532709
77,10000.0,0.020366715895401177
77,15000.0,1.978564061194655
77,20000.0,1.984980246670637
77,30000.0,1.9976940849283178
77,40000.0,2.0103368113032323
77,50000.0,2.0229477211411044
78,0.0,0.0
78,0.1,2.62888473434586e-07
78,0.2,3.8855217957817774e-07
78,0.5,7.655432980089529e-07
78,1.0,1.3938618287269115e-06
78,2.0,2.650498890162829e-06
78,5.0,6.420410074481353e-06
78,10.0,1.270359538166094e-05
78,20.0,2.6406971139092406e-05
78,50.0,6.410608305196241e-05
78,100.0,0.0001269379361237583
78,200.0,0.0002526016424193589
78,500.0,0.0006342486013654058
78,800.0,0.0010155917049126106
78,1000.0,0.0012669191179447425
78,1500.0,0.0019028536223972825
78,2000.0,0.002537406079652138
78,3000.0,0.003807412753931816
78,5000.0,0.0063542775370705185
78,7500.0,0.009566050857631403
78,10000.0,0.012873852089970939
78,15000.0,1.979035369440596
78,20000.0,1.98532567083021
78,30000.0,1.9979010002631745
78,40000.0,2.010472781452608
78,50000.0,2.0230428767378275
79,0.0,0.0
79,0.1,1.889982140568236e-06
79,0.2,2.0156458467118277e-06
79,0.5,2.392636965142603e-06
79,1.0,3.0209554958605613e-06
79,2.0,4.277592557296479e-06
79,5.0,8.04750374160423e-06
79,10.0,1.4330689048783817e-05
79,20.0,2.689705966314299e-05
79,50.0,6.459626817012509e-05
79,100.0,0.0021046408832339214
79,200.0,0.0022303047410510146
79,500.0,0.007260882038626071
79,800.0,0.012854805513760836
79,1000.0,0.013106133717698198
79,1500.0,0.021830830236310828
79,2000.0,0.02918609452668508
79,3000.0,0.044160160022576056
79,5000.0,0.07576622952912171
79,7500.0,0.12174687595893052
79,10000.0,0.18951093664787433
79,15000.0,1.7140863834142732
79,20000.0,1.9023049976572346
79,30000.0,1.9455609674947127
79,40000.0,1.9762671045912625
79,50000.0,1.9997543378716298
80,0.0,0.0
80,0.1,1.2566370614359172e-07
80,0.2,2.5132741228718345e-07
80,0.5,6.283185307179586e-07
80,1.0,1.2566370614359173e-06
80,2.0,2.5132741228718346e-06
80,5.0,6.283185307179587e-06
80,10.0,1.2566370614359173e-05
80,20.0,2.5132741228718347e-05
80,50.0,6.329253621839559e-05
80,100.0,0.00012612438935910575
80,200.0,0.00025319955027680585
80,500.0,0.0006331213977903705
80,800.0,0.0010128570116558766
80,1000.0,0.0012658017160214197
80,1500.0,0.0018991975625626267
80,2000.0,0.0025324561860227135
80,3000.0,0.0037999634092374945
80,5000.0,0.006341045149027225
80,7500.0,0.009546457121321406
80,10000.0,0.012858718157965132
80,15000.0,1.9790516991876346
80,20000.0,1.985340314673421
80,30000.0,1.9979131544566602
80,40000.0,2.0104837594341207
80,50000.0,2.023053099983393
81,0.0,0.0
81,0.1,1.2566370614359172e-07
81,0.2,2.5132741228718345e-07
81,0.5,6.283185307179586e-07
81,1.0,1.2566370614359173e-06
81,2.0,2.5132741228718346e-06
81,5.0,6.283185307179587e-06
81,10.0,1.2566370614359173e-05
81,20.0,2.5132741228718347e-05
81,50.0,0.0004616364315970234
81,100.0,0.0005244682846688193
81,200.0,0.000650132030221795
81,500.0,0.002236259620416736
81,800.0,0.0035868702411702147
81,1000.0,0.004130947227374171
81,1500.0,0.00674413357953596
81,2000.0,0.009023952537837499
81,3000.0,0.013662150837384313
81,5000.0,0.02348725012495101
81,7500.0,0.03763206383526185
81,10000.0,0.05597791391131002
81,15000.0,1.9620821811693472
81,20000.0,1.972033697169631
81,30000.0,1.9891750345324666
81,40000.0,2.004347498807468
81,50000.0,2.01852163343385
82,0.0,0.0
82,0.1,4.58923855028992e-07
82,0.2,5.845875611725838e-07
82,0.5,9.61578679603359e-07
82,1.0,1.5898972103213176e-06
82,2.0,2.846534271757235e-06
82,5.0,6.6164454560649865e-06
82,10.0,1.2899630763244573e-05
82,20.0,2.5466001377603746e-05
82,50.0,6.316511322068127e-05
82,100.0,0.00012599714062710987
82,200.0,0.0038175836509717342
82,500.0,0.009730966981047362
82,800.0,0.014433734225570372
82,1000.0,0.019481204431423316
82,1500.0,0.02927580313413336
82,2000.0,0.03913180308010389
82,3000.0,0.059171314876240055
82,5000.0,0.10135615855487123
82,7500.0,0.16237560067518164
82,10000.0,0.25618728137809
82,15000.0,1.6881080863302
82,20000.0,1.796043440818515
82,30000.0,1.9164796697104332
82,40000.0,1.9620128114753888
82,50000.0,1.993625345997307
83,0.0,0.0
83,0.1,1.2566370614359172e-07
83,0.2,2.5132741228718345e-07
83,0.5,6.283185307179586e-07
83,1.0,1.2566370614359173e-06
83,2.0,2.5132741228718346e-06
83,5.0,6.283185307179587e-06
83,10.0,1.2566370614359173e-05
83,20.0,2.5132741228718347e-05
83,50.0,0.00014928345635023543
83,100.0,0.00021211530942203132
83,200.0,0.00033777902421372463
83,500.0,0.0009801040454999743
83,800.0,0.0016335932453561686
83,1000.0,0.00188492069974322
83,1500.0,0.0029438014933270695
83,2000.0,0.003931198109400014
83,3000.0,0.005919399988424279
83,5000.0,0.009986528850372212
83,7500.0,0.015368913764332137
83,10000.0,0.021323113936154492
83,15000.0,0.03720275098770098
83,20000.0,1.981394570681981
83,30000.0,1.9951706195749037
83,40000.0,2.0084680647408377
83,50000.0,2.02150927208442
84,0.0,0.0
84,0.1,1.2566370614359172e-07
84,0.2,2.5132741228718345e-07
84,0.5,6.283185307179586e-07
84,1.0,1.2566370614359173e-06
84,2.0,2.5132741228718346e-06
84,5.0,6.283185307179587e-06
84,10.0,1.2566370614359173e-05
84,20.0,2.5132741228718347e-05
84,50.0,0.0002424002626025823
84,100.0,0.0003052321156743782
84,200.0,0.0004308958400428553
84,500.0,0.0013670485073891125
84,800.0,0.0023144633326738218
84,1000.0,0.002565790836472015
84,1500.0,0.004130011580981363
84,2000.0,0.005551283607786117
84,3000.0,0.008522632330511537
84,5000.0,0.015448035268664229
84,7500.0,0.029379532974076472
84,10000.0,1.9684337575213493
84,15000.0,1.9760301471575028
84,20000.0,1.9831153718052708
84,30000.0,1.9965663424417577
84,40000.0,2.00958302580983
84,50000.0,2.0224093392521327
85,0.0,0.0
85,0.1,1.7919644498265441e-06
85,0.2,1.917628155970136e-06
85,0.5,2.294619274400911e-06
85,1.0,2.9229378051188695e-06
85,2.0,4.179574866554787e-06
85,5.0,7.949486050862539e-06
85,10.0,1.4232671358042125e-05
85,20.0,2.67990419724013e-05
85,50.0,6.44981660061772e-05
85,100.0,0.00037668701226178936
85,200.0,0.0005023507379730008
85,500.0,0.0014797002467082931
85,800.0,0.0025166052163941854
85,1000.0,0.0027679327338601123
85,1500.0,0.004471936491794559
85,2000.0,0.00601868099021774
85,3000.0,0.0092343584063731
85,5000.0,0.016740555328612183
85,7500.0,0.03166249240325236
85,10000.0,1.4286068712190831
85,15000.0,1.9753893075187072
85,20000.0,1.9826354575678609
85,30000.0,1.9962700349765001
85,40000.0,2.0093822169549815
85,50000.0,2.022264106409046
86,0.0,0.0
86,0.1,0.9798721238153034
86,0.2,0.9798722494790096
86,0.5,0.9798726264701281
86,1.0,0.9798732547886587
86,2.0,0.9798745114257201
86,5.0,0.9798782813369045
86,10.0,0.9798845645222116
86,20.0,0.979897130892826
86,50.0,0.9799348300046691
86,100.0,0.979997661857741
86,200.0,0.9801233255638845
86,500.0,0.9805003166823153
86,800.0,0.980877307800746
86,1000.0,0.9811286352130333
86,1500.0,0.9817569537437512
86,2000.0,0.9823852722744691
86,3000.0,0.9836419093359051
86,5000.0,0.986155183458777
86,7500.0,0.9892967761123667
86,10000.0,0.9924383687659565
86,15000.0,0.9987215540731361
86,20000.0,1.0050047393803156
86,30000.0,1.017571109994675
86,40000.0,1.030137480609034
86,50000.0,1.0427038512233933
87,0.0,0.0
87,0.1,1.2566370614359172e-07
87,0.2,2.5132741228718345e-07
87,0.5,6.283185307179586e-07
87,1.0,1.2566370614359173e-06
87,2.0,2.5132741228718346e-06
87,5.0,6.283185307179587e-06
87,10.0,1.2566370614359173e-05
87,20.0,2.5132741228718347e-05
87,50.0,6.283185307179587e-05
87,100.0,0.00012566370614359174
87,200.0,0.0008526757792478579
87,500.0,0.002217077535481282
87,800.0,0.0032872890920795372
87,1000.0,0.004450347641139607
87,1500.0,0.006721442488389684
87,2000.0,0.009057464815484417
87,3000.0,0.013993940793206705
87,5000.0,0.025980065362669058
87,7500.0,0.05707588195484081
87,10000.0,1.434516585631762
87,15000.0,1.971891977634873
87,20000.0,1.9800533872287451
87,30000.0,1.994710426566017
87,40000.0,2.00834456240911
87,50000.0,2.0215270622174
88,0.0,0.0
88,0.1,1.2566370614359172e-07
88,0.2,2.5132741228718345e-07
88,0.5,6.283185307179586e-07
88,1.0,1.2566370614359173e-06
88,2.0,2.5132741228718346e-06
88,5.0,6.283185307179587e-06
88,10.0,1.2566370614359173e-05
88,20.0,2.5132741228718347e-05
88,50.0,6.283185307179587e-05
88,100.0,0.00047246010618662293
88,200.0,0.0007669103075090833
88,500.0,0.002367691524180482
88,800.0,0.0034996150312086582
88,1000.0,0.004751320778125678
88,1500.0,0.007182370677341399
88,2000.0,0.009686405168325418
88,3000.0,0.015012589688685463
88,5000.0,0.028308093290080993
88,7500.0,1.3561770215490505
88,10000.0,1.4518321365561746
88,15000.0,1.9719874566713504
88,20000.0,1.9801753016293073
88,30000.0,1.9948286849071901
88,40000.0,2.008443952349889
88,50000.0,2.021608230677191
89,0.0,0.0
89,0.1,1.2566370614359172e-07
89,0.2,2.5132741228718345e-07
89,0.5,6.283185307179586e-07
89,1.0,1.2566370614359173e-06
89,2.0,2.5132741228718346e-06
89,5.0,6.283185307179587e-06
89,10.0,1.2566370614359173e-05
89,20.0,2.5132741228718347e-05
89,50.0,0.00010679278739200715
89,100.0,0.00016962464046380303
89,200.0,0.00029528835108483253
89,500.0,0.0008096512699465874
89,800.0,0.0013248767264377737
89,1000.0,0.0015762041612447097
89,1500.0,0.002434834834621147
89,2000.0,0.0032587379097943625
89,3000.0,0.00493850753598879
89,5000.0,0.008547374320474033
89,7500.0,0.014236397757554142
89,10000.0,0.02736551162197376
89,15000.0,1.9783529703038258
89,20000.0,1.984824114284228
89,30000.0,1.997598262838193
89,40000.0,2.010270943411343
89,50000.0,2.0228995258327984
90,0.0,0.0
90,0.1,1.350884841211375e-06
90,0.2,1.4765485473549667e-06
90,0.5,1.853539665785742e-06
90,1.0,2.4818581965037003e-06
90,2.0,3.738495257939618e-06
90,5.0,7.5084064422473695e-06
90,10.0,1.3791591749426956e-05
90,20.0,2.635796236378613e-05
90,50.0,6.40570743312141e-05
90,100.0,0.00012943738723891762
90,200.0,0.00025510109369020206
90,500.0,0.0006415215142482333
90,800.0,0.0010256385192272122
90,1000.0,0.0012821216623646325
90,1500.0,0.001923966632920271
90,2000.0,0.0025659488329385916
90,3000.0,0.0038536280967078618
90,5000.0,0.006447227711522396
90,7500.0,0.00977856301154445
90,10000.0,0.013481159851886582
90,15000.0,1.9790254304476065
90,20000.0,1.9853215736900176
90,30000.0,1.9979026665643176
90,40000.0,2.0104771726448205
90,50000.0,2.023048777401981
91,0.0,0.0
91,0.1,1.2566370614359172e-07
91,0.2,2.5132741228718345e-07
91,0.5,6.283185307179586e-07
91,1.0,2.266219348512344e-06
91,2.0,4.993121860974448e-06
91,5.0,1.3703124247532728e-05
91,10.0,2.775911220997962e-05
91,20.0,5.048991721279261e-05
91,50.0,0.00013778598480529425
91,100.0,0.0002739448909639952
91,200.0,0.0008534991252957536
91,500.0,0.002139516154381016
91,800.0,0.0034260134709349632
91,1000.0,0.0042877656899800165
91,1500.0,0.006482740006954257
91,2000.0,0.008732653775615606
91,3000.0,0.013504244401202126
91,5000.0,0.02522780900084476
91,7500.0,0.057768955226613516
91,10000.0,1.4336162639321244
91,15000.0,1.972724833925387
91,20000.0,1.9806943445359284
91,30000.0,1.9951202973233482
91,40000.0,2.008628402053576
91,50000.0,2.0217344382879654
92,0.0,0.0
92,0.1,1.2566370614359172e-07
92,0.2,2.5132741228718345e-07
92,0.5,6.283185307179586e-07
92,1.0,1.2566370614359173e-06
92,2.0,2.5132741228718346e-06
92,5.0,6.283185307179587e-06
92,10.0,1.2566370614359173e-05
92,20.0,2.5132741228718347e-05
92,50.0,6.283185307179587e-05
92,100.0,0.0009270073372132925
92,200.0,0.0010526711049264614
92,500.0,0.0033187082786895195
92,800.0,0.005795708647687969
92,1000.0,0.006047036396602978
92,1500.0,0.010118118117311115
92,2000.0,0.013672451616233428
92,3000.0,0.02128488896673386
92,5000.0,0.0410711333966961
92,7500.0,1.4018113134759849
92,10000.0,1.4979008628493884
92,15000.0,1.9685784015334864
92,20000.0,1.977774524799662
92,30000.0,1.993482500213282
92,40000.0,2.0075968441977246
92,50000.0,2.02103043584503
93,0.0,0.0
93,0.1,1.2566370614359172e-07
93,0.2,2.5132741228718345e-07
93,0.5,6.283185307179586e-07
93,1.0,1.2566370614359173e-06
93,2.0,2.5132741228718346e-06
93,5.0,6.283185307179587e-06
93,10.0,1.2566370614359173e-05
93,20.0,2.5132741228718347e-05
93,50.0,6.328273655031857e-05
93,100.0,0.00016908555806127712
93,200.0,0.000599456862004133
93,500.0,0.0015081841889341696
93,800.0,0.0025608210377952023
93,1000.0,0.0030222396162515874
93,1500.0,0.0045588389785411465
93,2000.0,0.006131068082946389
93,3000.0,0.009433334328950882
93,5000.0,0.017245689486801496
93,7500.0,0.033953254030685165
93,10000.0,1.2826829444268713
93,15000.0,1.975446108769582
93,20000.0,1.9826858582652516
93,30000.0,1.9963086441436393
93,40000.0,2.0094122103694216
93,50000.0,2.0222882971783327
94,0.0,0.0
94,0.1,4.213001412400885e-06
94,0.2,4.338665118544477e-06
94,0.5,4.715656236975252e-06
94,1.0,5.343974767693211e-06
94,2.0,6.600611829129128e-06
94,5.0,1.0370523013436881e-05
94,10.0,1.6653708320616466e-05
94,20.0,2.922007893497564e-05
94,50.0,0.0004709775175296693
94,100.0,0.0005338093706014652
94,200.0,0.0006594731169498047
94,500.0,0.002270007135655061
94,800.0,0.003918826697326461
94,1000.0,0.004170154313320795
94,1500.0,0.006881828830330838
94,2000.0,0.009261135785772368
94,3000.0,0.014305931109835579
94,5000.0,0.026495903056471426
94,7500.0,0.057088585053850616
94,10000.0,1.9618259187126563
94,15000.0,1.971334511838777
94,20000.0,1.97962215838261
94,30000.0,1.9944331345313153
94,40000.0,2.008152829993649
94,50000.0,2.0213863577941353
95,0.0,0.0
95,0.1,8.117875419655363e-07
95,0.2,9.37451248109128e-07
95,0.5,1.3144423665399033e-06
95,1.0,1.9427608972578616e-06
95,2.0,3.199397958693779e-06
95,5.0,6.969309143001531e-06
95,10.0,1.3252494450181117e-05
95,20.0,2.581886506454029e-05
95,50.0,6.351800989079504e-05
95,100.0,0.0008010055957003992
95,200.0,0.0009266693541755133
95,500.0,0.002909268753777172
95,800.0,0.005055694685746626
95,1000.0,0.005307022382491033
95,1500.0,0.008844544862206205
95,2000.0,0.011925933093584917
95,3000.0,0.018505009131114525
95,5000.0,0.035099503720762204
95,7500.0,1.3646112869928821
95,10000.0,1.4519749493494618
95,15000.0,1.9692066164779405
95,20000.0,1.9781343085684338
95,30000.0,1.9936135694575574
95,40000.0,2.0076471076794826
95,50000.0,2.021048422109086
96,0.0,0.0
96,0.1,4.785273932661482e-07
96,0.2,6.0419109940974e-07
96,0.5,9.811822178405152e-07
96,1.0,1.6095007485584738e-06
96,2.0,2.866137809994391e-06
96,5.0,6.636048994302143e-06
96,10.0,1.291923430148173e-05
96,20.0,2.5485604915840903e-05
96,50.0,6.318478045308495e-05
96,100.0,0.0014288481122994856
96,200.0,0.0015545119186874956
96,500.0,0.0050071611265080085
96,800.0,0.008787953505109747
96,1000.0,0.009039281460940352
96,1500.0,0.015226535487199322
96,2000.0,0.020543825370185398
96,3000.0,0.03193301173690677
96,5000.0,0.06174433824446268
96,7500.0,1.4088360749154083
96,10000.0,1.487211977032315
96,15000.0,1.9570569615193925
96,20000.0,1.9692612959143456
96,30000.0,1.9884239838831244
96,40000.0,2.0043095070629864
96,50000.0,2.0187461134045934
97,0.0,0.0
97,0.1,2.4192776709730524e-06
97,0.2,2.544941377116644e-06
97,0.5,2.9219324955474194e-06
97,1.0,3.5502510262653777e-06
97,2.0,4.806888087701295e-06
97,5.0,8.576799272009047e-06
97,10.0,1.4859984579188633e-05
97,20.0,9.783245816774588e-05
97,50.0,0.00013553157433210394
97,100.0,0.00019836342740389983
97,200.0,0.0003240271417110918
97,500.0,0.0009514828781203022
97,800.0,0.001584496184038664
97,1000.0,0.001835823637019618
97,1500.0,0.002880325236949588
97,2000.0,0.0038584689852647625
97,3000.0,0.005871547764213614
97,5000.0,0.010309350101305959
97,7500.0,0.017771964454657452
97,10000.0,1.3928078040880822
97,15000.0,1.977638225328817
97,20000.0,1.984288320159085
97,30000.0,1.9972651203262808
97,40000.0,2.010043836408762
97,50000.0,2.0227341993596784
98,0.0,0.0
98,0.1,0.0016262881627908676
98,0.2,0.0016264138264970112
98,0.5,0.001626790817615442
98,1.0,0.00162741913614616
98,2.0,0.0016286757732075958
98,5.0,0.0016324456843919036
98,10.0,0.0016387288696990833
98,20.0,0.0016512952403134424
98,50.0,0.00168899435215652
98,100.0,0.0017518262052283158
98,200.0,0.0018774903958991285
98,500.0,0.017120579784658863
98,800.0,0.025311091391716944
98,1000.0,0.034238817295116575
98,1500.0,0.05145496186256737
98,2000.0,0.06883574232581113
98,3000.0,0.10431396141483118
98,5000.0,0.18037632391416514
98,7500.0,0.30094576766593384
98,10000.0,1.6991854612276183
98,15000.0,1.71506034016284
98,20000.0,1.796646390076117
98,30000.0,1.9162721688462394
98,40000.0,1.9794453046262241
98,50000.0,2.0094220151719915
99,0.0,0.0
99,0.1,3.2169908792401003e-07
99,0.2,4.473627940676018e-07
99,0.5,8.243539124983769e-07
99,1.0,1.4526724432163356e-06
99,2.0,2.709309504652253e-06
99,5.0,6.479220688960005e-06
99,10.0,1.2762405996139591e-05
99,20.0,2.5328776610498764e-05
99,50.0,0.00022804067090165248
99,100.0,0.00029087252916082385
99,200.0,0.0005226403935583157
99,500.0,0.0013033664004397094
99,800.0,0.0020882679299331075
99,1000.0,0.002453629185521944
99,1500.0,0.003942405721747533
99,2000.0,0.005298250925307113
99,3000.0,0.008129493162831292
99,5000.0,0.014706629468375754
99,7500.0,0.027761329522433043
99,10000.0,1.968810066795005
99,15000.0,1.9762934226646176
99,20000.0,1.9833080647922632
99,30000.0,1.996682581615644
99,40000.0,2.0096609204734097
99,50000.0,2.022464964303935
100,0.0,0.0
100,0.1,2.154629905715133e-06
100,0.2,2.2802936118587248e-06
100,0.5,2.6572847302895e-06
100,1.0,3.2856032610074583e-06
100,2.0,4.542240322443376e-06
100,5.0,8.312151506751128e-06
100,10.0,1.4595336813930714e-05
100,20.0,2.7161707428289887e-05
100,50.0,6.486081927136741e-05
100,100.0,0.00012769270692436496
100,200.0,0.000960701078766113
100,500.0,0.0024017036398477076
100,800.0,0.0032508952044694173
100,1000.0,0.0048280588321721885
100,1500.0,0.007299256773109386
100,2000.0,0.009842890419113015
100,3000.0,0.01524514646764874
100,5000.0,0.02871325921036405
100,7500.0,1.074413279424424
100,10000.0,1.2599171920249115
100,15000.0,1.9715813203833994
100,20000.0,1.9798635661539243
100,30000.0,1.9946310910534986
100,40000.0,2.008308923171374
100,50000.0,2.021510546225959
101,0.0,0.0
101,0.1,1.2566370614359172e-07
101,0.2,2.5132741228718345e-07
101,0.5,6.283185307179586e-07
101,1.0,1.2566370614359173e-06
101,2.0,2.5132741228718346e-06
101,5.0,9.321728332345458e-06
101,10.0,1.560491902874439e-05
101,20.0,2.8171289643103564e-05
101,50.0,0.00019577324709285637
101,100.0,0.00025860510016465226
101,200.0,0.0003842688191894039
101,500.0,0.0011564672798914932
101,800.0,0.0018510651129454159
101,1000.0,0.0021894714906509627
101,1500.0,0.0034922496773387435
101,2000.0,0.0046787888870213346
101,3000.0,0.007159755107183918
101,5000.0,0.0127890114007283
101,7500.0,0.023132943998854683
101,10000.0,1.401331765153006
101,15000.0,1.97683510760931
101,20000.0,1.9837017920725675
101,30000.0,1.9969150403593985
101,40000.0,2.0098134164065593
101,50000.0,2.0225721368720357
102,0.0,0.0
102,0.1,1.2566370614359172e-07
102,0.2,2.5132741228718345e-07
102,0.5,6.283185307179586e-07
102,1.0,1.2566370614359173e-06
102,2.0,2.5132741228718346e-06
102,5.0,6.283185307179587e-06
102,10.0,1.2566370614359173e-05
102,20.0,2.5132741228718347e-05
102,50.0,6.283185307179587e-05
102,100.0,0.00012566370614359174
102,200.0,0.0016398068341831884
102,500.0,0.002667635527256018
102,800.0,0.004627749447748575
102,1000.0,0.004879077113417729
102,1500.0,0.00809878706755296
102,2000.0,0.010915919543064478
102,3000.0,0.016906693396325334
102,5000.0,0.03166310156716989
102,7500.0,1.054763882991418
102,10000.0,1.2429989853952628
102,15000.0,1.9698804194586232
102,20000.0,1.9785958739004263
102,30000.0,1.9938593095957358
102,40000.0,2.0077946243161815
102,50000.0,2.021144940157326
103,0.0,0.0
103,0.1,1.2566370614359172e-07
103,0.2,2.5132741228718345e-07
103,0.5,6.283185307179586e-07
103,1.0,1.2566370614359173e-06
103,2.0,2.5132741228718346e-06
103,5.0,6.283185307179587e-06
103,10.0,1.2566370614359173e-05
103,20.0,2.5132741228718347e-05
103,50.0,6.283185307179587e-05
103,100.0,0.0003720801807947094
103,200.0,0.0004977439062201494
103,500.0,0.0014663306334861126
103,800.0,0.0025008047646385423
103,1000.0,0.002752132281655939
103,1500.0,0.004451548812167028
103,2000.0,0.005987903436602049
103,3000.0,0.00921680344311926
103,5000.0,0.016877035155582254
103,7500.0,0.03375184727755698
103,10000.0,1.41686125620146
103,15000.0,1.9755668861624573
103,20000.0,1.982767644231235
103,30000.0,1.9963499683994048
103,40000.0,2.0094353131413785
103,50000.0,2.0223017256073046
104,0.0,0.0
104,0.1,1.25663706329604e-07
104,0.2,2.5132741247319575e-07
104,0.5,6.283185309039709e-07
104,1.0,1.2566370616219295e-06
104,2.0,2.513274123057847e-06
104,5.0,6.283185307365599e-06
104,10.0,1.2566370614545185e-05
104,20.0,2.513274122890436e-05
104,50.0,6.283185559041726e-05
104,100.0,0.00017718180442360953
104,200.0,0.0003028455145508424
104,500.0,0.0008020548987394127
104,800.0,0.0013151827768185242
104,1000.0,0.0015665102106545703
104,1500.0,0.002415211693048591
104,2000.0,0.003233106281311793
104,3000.0,0.004888939987241048
104,5000.0,0.008422852648860113
104,7500.0,0.013750426051120979
104,10000.0,0.022958930778305464
104,15000.0,1.978320104972962
104,20000.0,1.9847971006079275
104,30000.0,1.9975796982883391
104,40000.0,2.0102577110224313
104,50000.0,2.0228897142600646
105,0.0,0.0
105,0.1,0.0002479045842593841
105,0.2,0.00024803024796552766
105,0.5,0.00024840723908395844
105,1.0,0.00024903555761467643
105,2.0,0.00025029219467611236
105,5.0,0.0002540621058604201
105,10.0,0.0002603452911675997
105,20.0,0.00027291166178195885
105,50.0,0.0003106107736250364
105,100.0,0.0003734426266968322
105,200.0,0.0004991063673174256
105,500.0,0.001933914253301916
105,800.0,0.0033078726893143173
105,1000.0,0.0038683871770717193
105,1500.0,0.005847712796312909
105,2000.0,0.007874900915635252
105,3000.0,0.012157020602639346
105,5000.0,0.022570882711992257
105,7500.0,1.0972811042977137
105,10000.0,1.2659954181184385
105,15000.0,1.9736205097466961
105,20000.0,1.9813487988851883
105,30000.0,1.9955084865663835
105,40000.0,2.008883110841253
105,50000.0,2.0219135362542673
106,0.0,0.0
106,0.1,1.2566370614359172e-07
106,0.2,2.5132741228718345e-07
106,0.5,6.283185307179586e-07
106,1.0,1.2566370614359173e-06
106,2.0,2.5132741228718346e-06
106,5.0,6.283185307179587e-06
106,10.0,1.2566370614359173e-05
106,20.0,2.5132741228718347e-05
106,50.0,0.0010953110007984046
106,100.0,0.0011581428538702005
106,200.0,0.0012838066629784484
106,500.0,0.004819917804735008
106,800.0,0.007041435551814357
106,1000.0,0.00968753114209353
106,1500.0,0.014661130254790322
106,2000.0,0.019785981953103216
106,3000.0,0.030794859685837173
106,5000.0,0.05968502580201929
106,7500.0,1.9350760441111778
106,10000.0,1.9446232036673496
106,15000.0,1.9595686255567801
106,20000.0,1.9712133182951663
106,30000.0,1.9896688869118768
106,40000.0,2.005155831061288
106,50000.0,2.0193531272938374
107,0.0,0.0
107,0.1,1.2566370614359172e-07
107,0.2,2.5132741228718345e-07
107,0.5,6.283185307179586e-07
107,1.0,1.2566370614359173e-06
107,2.0,2.5132741228718346e-06
107,5.0,6.283185307179587e-06
107,10.0,1.2566370614359173e-05
107,20.0,2.5132741228718347e-05
107,50.0,6.283185307179587e-05
107,100.0,0.0004377520336252827
107,200.0,0.0005634157637179893
107,500.0,0.0016751965442818317
107,800.0,0.0028751931363877326
107,1000.0,0.0031265206738949614
107,1500.0,0.005035489202443677
107,2000.0,0.006729897374562199
107,3000.0,0.010149686796026902
107,5000.0,0.01723739721692319
107,7500.0,0.026876680698609046
107,10000.0,0.03808983324386772
107,15000.0,0.07407437250101634
107,20000.0,1.9712992443842063
107,30000.0,1.988003703518741
107,40000.0,2.0031405579762716
107,50000.0,2.017405956819862
108,0.0,0.0
108,0.1,9.490123088484737e-07
108,0.2,1.0746760149920654e-06
108,0.5,1.4516671334228407e-06
108,1.0,2.079985664140799e-06
108,2.0,3.3366227255767165e-06
108,5.0,7.106533909884468e-06
108,10.0,1.3389719217064055e-05
108,20.0,2.5956089831423228e-05
108,50.0,6.365520167450075e-05
108,100.0,0.00012648724272801282
108,200.0,0.004097218335614827
108,500.0,0.010458023030789132
108,800.0,0.015486297278465733
108,1000.0,0.020944520412415457
108,1500.0,0.03148968949960329
108,2000.0,0.042119255031405345
108,3000.0,0.06378447841937018
108,5000.0,0.10993655844790129
108,7500.0,0.17971012720012092
108,10000.0,1.7537048984360462
108,15000.0,1.8090002152243176
108,20000.0,1.8541498058925345
108,30000.0,1.9215035075610913
108,40000.0,1.9664893480934258
108,50000.0,1.997059298351321
109,0.0,0.0
109,0.1,1.94276089882095e-07
109,0.2,3.1993979602568674e-07
109,0.5,6.969309144564619e-07
109,1.0,1.3252494451744205e-06
109,2.0,2.581886506610338e-06
109,5.0,6.35179769091809e-06
109,10.0,1.2634982998097676e-05
109,20.0,2.520135361245685e-05
109,50.0,6.290047113532982e-05
109,100.0,0.00024191268742268512
109,200.0,0.00036757640263185287
109,500.0,0.0010227025360833863
109,800.0,0.001702764329748252
109,1000.0,0.0019540917907308053
109,1500.0,0.003080428351679654
109,2000.0,0.004124096939629451
109,3000.0,0.0062631578511448405
109,5000.0,0.010906944350919212
109,7500.0,0.01818448171043552
109,10000.0,0.030932953740995583
109,15000.0,1.9769548950199574
109,20000.0,1.9837583776932202
109,30000.0,1.9969198040165
109,40000.0,2.0097999683816177
109,50000.0,2.022552043249087
110,0.0,0.0
110,0.1,1.2566370614359172e-07
110,0.2,2.5132741228718345e-07
110,0.5,6.283185307179586e-07
110,1.0,1.2566370614359173e-06
110,2.0,2.5132741228718346e-06
110,5.0,6.283185307179587e-06
110,10.0,1.2566370614359173e-05
110,20.0,2.5132741228718347e-05
110,50.0,0.00024055753001583913
110,100.0,0.000303389383087635
110,200.0,0.0004290531074309101
110,500.0,0.0013644314354002152
110,800.0,0.0023162080475700453
110,1000.0,0.0025675355517823517
110,1500.0,0.004135990660066868
110,2000.0,0.005560350243504653
110,3000.0,0.00852474951127069
110,5000.0,0.015409553524758812
110,7500.0,0.029000616189264083
110,10000.0,1.4086816705239404
110,15000.0,1.9758617233642035
110,20000.0,1.9829795976959779
110,30000.0,1.9964744508604761
110,40000.0,2.009517285341406
110,50000.0,2.0223596246705275
111,0.0,0.0
111,0.1,1.2566370614359172e-07
111,0.2,2.5132741228718345e-07
111,0.5,6.283185307179586e-07
111,1.0,1.2566370614359173e-06
111,2.0,2.5132741228718346e-06
111,5.0,6.283185307179587e-06
111,10.0,1.2566370614359173e-05
111,20.0,2.5132741228718347e-05
111,50.0,6.283185307179587e-05
111,100.0,0.00012566370614359174
111,200.0,0.003564374537157744
111,500.0,0.009073033008867304
111,800.0,0.013475023119969287
111,1000.0,0.01815449571363892
111,1500.0,0.02727575216193112
111,2000.0,0.03644773550134317
111,3000.0,0.055025186043591745
111,5000.0,0.09376138533421641
111,7500.0,0.14801728328859343
111,10000.0,0.21920363133478016
111,15000.0,1.7966229329968424
111,20000.0,1.8396928240692256
111,30000.0,1.9062340277376078
111,40000.0,1.9532612037519366
111,50000.0,1.986874317630416
112,0.0,0.0
112,0.1,1.2566370614359172e-07
112,0.2,2.5132741228718345e-07
112,0.5,6.283185307179586e-07
112,1.0,1.2566370614359173e-06
112,2.0,2.5132741228718346e-06
112,5.0,6.283185307179587e-06
112,10.0,1.2566370614359173e-05
112,20.0,2.5132741228718347e-05
112,50.0,0.0028013481161096587
112,100.0,0.002864179969181455
112,200.0,0.0029898439627317197
112,500.0,0.012184948065694812
112,800.0,0.021504807915540658
112,1000.0,0.02175613725641845
112,1500.0,0.042108573133853744
112,2000.0,0.06802314787063724
112,3000.0,1.9243412872593977
112,5000.0,1.9386837079405899
112,7500.0,1.950491515450672
112,10000.0,1.9588470312111372
112,15000.0,1.9707871713716147
112,20000.0,1.9798929223512285
112,30000.0,1.9950478230669912
112,40000.0,2.0087210287511077
112,50000.0,2.0218586070812705
113,0.0,0.0
113,0.1,1.2566370614359172e-07
113,0.2,2.5132741228718345e-07
113,0.5,6.283185307179586e-07
113,1.0,1.2566370614359173e-06
113,2.0,2.5132741228718346e-06
113,5.0,6.283185307179587e-06
113,10.0,1.2566370614359173e-05
113,20.0,2.5132741228718347e-05
113,50.0,6.283185307179587e-05
113,100.0,0.00012718316042226174
113,200.0,0.003936106643026904
113,500.0,0.009860213341491342
113,800.0,0.01742699795280611
113,1000.0,0.019845202968904685
113,1500.0,0.03005867042525845
113,2000.0,0.040682021789947176
113,3000.0,0.06396953681392892
113,5000.0,0.13976370332661947
113,7500.0,0.8278746243060905
113,10000.0,1.9133417253588145
113,15000.0,1.9400734371899686
113,20000.0,1.9587830079347601
113,30000.0,1.9841573525644614
113,40000.0,2.0024112275600023
113,50000.0,2.0178427230071287
114,0.0,0.0
114,0.1,1.2566370614359172e-07
114,0.2,2.5132741228718345e-07
114,0.5,6.283185307179586e-07
114,1.0,1.2566370614359173e-06
114,2.0,2.5132741228718346e-06
114,5.0,6.283185307179587e-06
114,10.0,1.2566370614359173e-05
114,20.0,2.5132741228718347e-05
114,50.0,6.283185307179587e-05
114,100.0,0.00018863029269677867
114,200.0,0.0007640579781714729
114,500.0,0.0019188587353599074
114,800.0,0.0032850051015889115
114,1000.0,0.0035363326746892243
114,1500.0,0.005809319263162749
114,2000.0,0.007822696691583308
114,3000.0,0.012085016804867843
114,5000.0,0.022435814336409954
114,7500.0,0.04821429863211801
114,10000.0,1.2669143913140162
114,15000.0,1.973683858577821
114,20000.0,1.981395553325733
114,30000.0,1.9955369999112489
114,40000.0,2.0089021752832723
114,50000.0,2.0219272391303957
115,0.0,0.0
115,0.1,2.2368139718231816e-07
115,0.2,3.493451033259099e-07
115,0.5,7.263362217566851e-07
115,1.0,1.3546547524746437e-06
115,2.0,2.611291813910561e-06
115,5.0,6.3812029982183135e-06
115,10.0,1.26643883053979e-05
115,20.0,2.5230758919757073e-05
115,50.0,6.292993657097679e-05
115,100.0,0.0014718386714807075
115,200.0,0.001597502480887747
115,500.0,0.0051427784162561
115,800.0,0.009080271664358763
115,1000.0,0.009331599617023678
115,1500.0,0.01548647840358397
115,2000.0,0.020724863971514407
115,3000.0,0.03136169577614578
115,5000.0,0.05382642044476449
115,7500.0,0.08628260533390919
115,10000.0,0.13065361961458433
115,15000.0,1.9174449751996887
115,20000.0,1.9369976252811463
115,30000.0,1.9667987730193743
115,40000.0,1.9893514185235712
115,50000.0,2.008011311598324
116,0.0,0.0
116,0.1,1.2566370614359172e-07
116,0.2,2.5132741228718345e-07
116,0.5,6.283185307179586e-07
116,1.0,1.2566370614359173e-06
116,2.0,2.5132741228718346e-06
116,5.0,6.283185307179587e-06
116,10.0,1.2566370614359173e-05
116,20.0,2.5132741228718347e-05
116,50.0,0.0018151921290511241
116,100.0,0.00187802398212292
116,200.0,0.0020036878616329634
116,500.0,0.007699844490891339
116,800.0,0.013610678738072535
116,1000.0,0.01386200701261242
116,1500.0,0.023308770374363075
116,2000.0,0.03127333240773589
116,3000.0,0.047929577583264216
116,5000.0,0.08653357062186628
116,7500.0,0.7897036339999867
116,10000.0,1.8876422106331487
116,15000.0,1.9167080785567014
116,20000.0,1.9386906257453038
116,30000.0,1.9702138760026688
116,40000.0,1.992807610511775
116,50000.0,2.01104686090345
117,0.0,0.0
117,0.1,5.177344696294384e-07
117,0.2,6.433981757730301e-07
117,0.5,1.0203892942038054e-06
117,1.0,1.648707824921764e-06
117,2.0,2.905344886357681e-06
117,5.0,6.675256070665433e-06
117,10.0,1.295844137784502e-05
117,20.0,2.5524811992204193e-05
117,50.0,6.322395952573778e-05
117,100.0,0.0008560915500517297
117,200.0,0.0012297890590521332
117,500.0,0.003092806890762967
117,800.0,0.005373958127748213
117,1000.0,0.005625285848330885
117,1500.0,0.009406607703470349
117,2000.0,0.01269862620183626
117,3000.0,0.019770652812267087
117,5000.0,0.037872669181818974
117,7500.0,1.4557811569474597
117,10000.0,1.5913571583285253
117,15000.0,1.9706310977424448
117,20000.0,1.9793269290478381
117,30000.0,1.9944414660462617
117,40000.0,2.0082377231062454
117,50000.0,2.0214843362706363
118,0.0,0.0
118,0.1,1.25663706329604e-07
118,0.2,2.5132741247319575e-07
118,0.5,6.283185309039709e-07
118,1.0,1.2566370616219295e-06
118,2.0,2.513274123057847e-06
118,5.0,6.283185307365599e-06
118,10.0,1.2566370614545185e-05
118,20.0,2.513274122890436e-05
118,50.0,6.283186171651689e-05
118,100.0,0.00030248762033213694
118,200.0,0.00042815134015017353
118,500.0,0.0012246876043305877
118,800.0,0.0020622344089586964
118,1000.0,0.002313561894568439
118,1500.0,0.003691764686004184
118,2000.0,0.004948592392187368
118,3000.0,0.007526635325966757
118,5000.0,0.013219936374160968
118,7500.0,0.022492917896663744
118,10000.0,0.041083537659274305
118,15000.0,1.9756329206685632
118,20000.0,1.9827506283703082
118,30000.0,1.9962791016080177
118,40000.0,2.009358006589441
118,50000.0,2.0222288200464673
119,0.0,0.0
119,0.1,0.00010387738940964564
119,0.2,0.00010400305311578922
119,0.5,0.00010438004423422
119,1.0,0.00010500836276493796
119,2.0,0.00010626499982637387
119,5.0,0.00011003491101068163
119,10.0,0.00011631809631786122
119,20.0,0.00012888446693222038
119,50.0,0.00023975378495111332
119,100.0,0.0003025856380229092
119,200.0,0.0004282493618555927
119,500.0,0.0013479644621005038
119,800.0,0.0022844405476241114
119,1000.0,0.0027077890467566146
119,1500.0,0.004084178511112535
119,2000.0,0.005489542261500002
119,3000.0,0.008431681713259143
119,5000.0,0.015298460274680847
119,7500.0,0.029271497874767016
119,10000.0,1.4092878706932512
119,15000.0,1.9761123839968626
119,20000.0,1.9831756918948744
119,30000.0,1.9966032755059593
119,40000.0,2.0096084417984663
119,50000.0,2.0224276979695093
120,0.0,0.0
120,0.1,1.2566370614359172e-07
120,0.2,2.5132741228718345e-07
120,0.5,6.283185307179586e-07
120,1.0,1.2566370614359173e-06
120,2.0,2.5132741228718346e-06
120,5.0,6.283185307179587e-06
120,10.0,1.2566370614359173e-05
120,20.0,2.5132741228718347e-05
120,50.0,0.004031372117858312
120,100.0,0.004094203970930107
120,200.0,0.004219867822434442
120,500.0,0.009056762286607456
120,800.0,0.016090153847884814
120,1000.0,0.016341482264416562
120,1500.0,0.027240426563970743
120,2000.0,0.036389463984094594
120,3000.0,0.05496616959159262
120,5000.0,0.09369124387509664
120,7500.0,0.1478468305255587
120,10000.0,0.21742543379286372
120,15000.0,1.8217186468274456
120,20000.0,1.8607856043058164
120,30000.0,1.9190188172155236
120,40000.0,1.9592687382578156
120,50000.0,1.9885985099835923
121,0.0,0.0
121,0.1,1.2566370614359172e-07
121,0.2,2.5132741228718345e-07
121,0.5,6.283185307179586e-07
121,1.0,1.2566370614359173e-06
121,2.0,2.5132741228718346e-06
121,5.0,6.283185307179587e-06
121,10.0,1.2566370614359173e-05
121,20.0,2.5132741228718347e-05
121,50.0,0.00023795025944062242
121,100.0,0.0003007821125124183
121,200.0,0.0004264458364869883
121,500.0,0.0013505129218239764
121,800.0,0.002284077848528243
121,1000.0,0.00253540535070107
121,1500.0,0.004083002296685123
121,2000.0,0.0054927474401593734
121,3000.0,0.008436631607340872
121,5000.0,0.01532418011597747
121,7500.0,0.029451654388514048
121,10000.0,1.3016785151720103
121,15000.0,1.9761408091263815
121,20000.0,1.983198588828122
121,30000.0,1.996618085978378
121,40000.0,2.0096187532600895
121,50000.0,2.022435343350861
122,0.0,0.0
122,0.1,1.2566370614359172e-07
122,0.2,2.5132741228718345e-07
122,0.5,6.283185307179586e-07
122,1.0,1.2566370614359173e-06
122,2.0,2.5132741228718346e-06
122,5.0,6.283185307179587e-06
122,10.0,1.2566370614359173e-05
122,20.0,2.5132741228718347e-05
122,50.0,6.283185307179587e-05
122,100.0,0.00012566370614359174
122,200.0,0.0007773589818145243
122,500.0,0.002024286532574693
122,800.0,0.00300996761878769
122,1000.0,0.004067000432829926
122,1500.0,0.006137413882080556
122,2000.0,0.008266177757113025
122,3000.0,0.012769258720834342
122,5000.0,0.023718816877918436
122,7500.0,0.05126876509753342
122,10000.0,0.9872007368464109
122,15000.0,0.9941576712018012
122,20000.0,1.000616235105068
122,30000.0,1.0131826057194273
122,40000.0,1.0257489763337864
122,50000.0,1.0383153469481456
123,0.0,0.0
123,0.1,7.725804654912238e-07
123,0.2,8.982441716348156e-07
123,0.5,1.2752352900655908e-06
123,1.0,1.9035538207835494e-06
123,2.0,3.1601908822194667e-06
123,5.0,6.930102066537991e-06
123,10.0,1.3213287373717578e-05
123,20.0,2.577965798807675e-05
123,50.0,6.34787869288056e-05
123,100.0,0.0004760377436485719
123,200.0,0.0006017014766714901
123,500.0,0.0018033840884028596
123,800.0,0.0031028294214828778
123,1000.0,0.003354156974692546
123,1500.0,0.0054237176701271705
123,2000.0,0.007247411205372312
123,3000.0,0.010942992997152068
123,5000.0,0.018647783548708552
123,7500.0,0.02930252051533988
123,10000.0,0.04211360628126437
123,15000.0,0.09554854566273407
123,20000.0,1.9708180292263588
123,30000.0,1.9877534937759154
123,40000.0,2.0030025686573993
123,50000.0,2.017326856510926
124,0.0,0.0
124,0.1,1.2566370614359172e-07
124,0.2,2.5132741228718345e-07
124,0.5,6.283185307179586e-07
124,1.0,1.2566370614359173e-06
124,2.0,2.5132741228718346e-06
124,5.0,6.283185307179587e-06
124,10.0,1.2566370614359173e-05
124,20.0,0.00010692849484272848
124,50.0,0.00026544422170793336
124,100.0,0.0003282760809729668
124,200.0,0.0005806178604633727
124,500.0,0.0014472955849187397
124,800.0,0.0023220303639019946
124,1000.0,0.00290829404527182
124,1500.0,0.004389317383010516
124,2000.0,0.0059006284792032515
124,3000.0,0.009073099700256604
124,5000.0,0.01654276543171218
124,7500.0,0.03220522614968946
124,10000.0,1.9679346028391276
124,15000.0,1.9756829685101938
124,20000.0,1.9828600749165552
124,30000.0,1.996413062384561
124,40000.0,2.0094819989695165
124,50000.0,2.022337668700441
125,0.0,0.0
125,0.1,0.9733606233947434
125,0.2,0.9733607490584496
125,0.5,0.973361126049568
125,1.0,0.9733617543680987
125,2.0,0.9733630110051601
125,5.0,0.9733667809163444
125,10.0,0.9733730641016516
125,20.0,0.973385630472266
125,50.0,0.973423329584109
125,100.0,0.9735180235671493
125,200.0,0.9737146390766273
125,500.0,0.9742940477977942
125,800.0,0.9750064965404269
125,1000.0,0.9752578239527142
125,1500.0,0.9761411482692173
125,2000.0,0.9770255259183694
125,3000.0,0.9787131654079576
125,5000.0,0.9818618230917073
125,7500.0,0.9854983689913647
125,10000.0,0.988915413911724
125,15000.0,0.9953548647195728
125,20000.0,1.0016380500267523
125,30000.0,1.0142044206411116
125,40000.0,1.0267707912554707
125,50000.0,1.03933716186983
126,0.0,0.0
126,0.1,3.707079333503671e-07
126,0.2,4.963716394939589e-07
126,0.5,8.73362757924734e-07
126,1.0,1.5016812886426927e-06
126,2.0,2.75831835007861e-06
126,5.0,6.528229534386362e-06
126,10.0,1.2811414841565948e-05
126,20.0,2.537778545592512e-05
126,50.0,8.307250622019424e-05
126,100.0,0.00014590435929199013
126,200.0,0.0002715680675683396
126,500.0,0.000713985996762867
126,800.0,0.0011436616227626928
126,1000.0,0.0014106424676617602
126,1500.0,0.00214586888193824
126,2000.0,0.0028654517047169703
126,3000.0,0.004314664119707157
126,5000.0,0.007283583247882142
126,7500.0,0.011273038734831875
126,10000.0,0.016058574105404344
126,15000.0,1.9785465552332695
126,20000.0,1.9849504002853058
126,30000.0,1.9976568186021755
126,40000.0,2.010298839249906
126,50000.0,2.022911121334606
127,0.0,0.0
127,0.1,1.2566370614359172e-07
127,0.2,2.5132741228718345e-07
127,0.5,6.283185307179586e-07
127,1.0,1.2566370614359173e-06
127,2.0,2.5132741228718346e-06
127,5.0,8.475614380121232e-05
127,10.0,9.103933386234164e-05
127,20.0,0.00010360570447670082
127,50.0,0.0001413048163197983
127,100.0,0.0002041366845003667
127,200.0,0.0006388403718223801
127,500.0,0.0015984388713996545
127,800.0,0.002562516779611723
127,1000.0,0.003206826541405361
127,1500.0,0.004844207682254575
127,2000.0,0.006516052188510368
127,3000.0,0.01003759380844127
127,5000.0,0.018425165744165084
127,7500.0,0.03697779569418258
127,10000.0,1.417997879402125
127,15000.0,1.9750548711722171
127,20000.0,1.9823998328288366
127,30000.0,1.9961367701314208
127,40000.0,2.009298872506373
127,50000.0,2.022207746221963
128,0.0,0.0
128,0.1,1.2566370614359172e-07
128,0.2,2.5132741228718345e-07
128,0.5,6.283185307179586e-07
128,1.0,1.2566370614359173e-06
128,2.0,2.5132741228718346e-06
128,5.0,6.283185307179587e-06
128,10.0,1.2566370614359173e-05
128,20.0,2.5132741228718347e-05
128,50.0,6.283185307179587e-05
128,100.0,0.00012566370614359174
128,200.0,0.0012289068664801395
128,500.0,0.002068541501798471
128,800.0,0.002831242213647722
128,1000.0,0.004155461404615091
128,1500.0,0.00628565583688756
128,2000.0,0.008470240800685813
128,3000.0,0.01310742957195321
128,5000.0,0.02453746061366846
128,7500.0,0.0572489811766036
128,10000.0,1.4348582948847035
128,15000.0,1.973137792243174
128,20000.0,1.9810030610676428
128,30000.0,1.9953084422716285
128,40000.0,2.0087538549037163
128,50000.0,2.021823830441849
