grain_id,H_A_per_m,B_raw_T
1,0.0,0.0
1,0.1,1.537118453742714e-06
1,0.2,1.6627821598863058e-06
1,0.5,2.039773278317081e-06
1,1.0,2.6680918090350394e-06
1,2.0,3.924728870470957e-06
1,5.0,7.694640054778709e-06
1,10.0,1.3977825361958295e-05
1,20.0,2.654419597631747e-05
1,50.0,0.0002563579817714823
1,100.0,0.00031918983484327816
1,200.0,0.0004448535604731907
1,500.0,0.0014197134050356608
1,800.0,0.0022736586316273177
1,1000.0,0.002850365587680037
1,1500.0,0.004307521620342647
1,2000.0,0.005803767397503767
1,3000.0,0.008979728059494207
1,5000.0,0.016791798966061866
1,7500.0,0.036676244251830026
1,10000.0,1.9691602262449428
1,15000.0,1.976612960330046
1,20000.0,1.9835829162044982
1,30000.0,1.996878626791112
1,40000.0,2.0098032029599624
1,50000.0,2.022571450742947
2,0.0,0.0
2,0.1,2.38007059449874e-06
2,0.2,2.5057343006423317e-06
2,0.5,2.882725419073107e-06
2,1.0,3.5110439497910652e-06
2,2.0,4.767681011226983e-06
2,5.0,8.537592195545507e-06
2,10.0,1.4820777502725094e-05
2,20.0,2.7387148117084265e-05
2,50.0,6.508647093261821e-05
2,100.0,0.00444324496784021
2,200.0,0.004568909006966604
2,500.0,0.01516235323742432
2,800.0,0.02684707591854585
2,1000.0,0.027098405160816963
2,1500.0,0.04644236653420086
2,2000.0,0.06313481803917831
2,3000.0,0.10115704886465615
2,5000.0,0.10367032298752799
2,7500.0,1.5260065175907318
2,10000.0,1.6275773849351398
2,15000.0,1.901455556575713
2,20000.0,1.930811149307544
2,30000.0,1.9687931196536343
2,40000.0,1.9932770268027222
2,50000.0,2.0119746961117477
3,0.0,0.0
3,0.1,1.1534091777093414
3,0.2,1.1534093033730475
3,0.5,1.153409680364166
3,1.0,1.1534103086826968
3,2.0,1.153411565319758
3,5.0,1.1534153352309424
3,10.0,1.1534216184162496
3,20.0,1.1534341847868639
3,50.0,1.1558569287652105
3,100.0,1.1559197609970782
3,200.0,1.1637934780647412
3,500.0,1.174216695120748
3,800.0,1.1876637672197774
3,1000.0,1.1944750173938679
3,1500.0,1.2142534225302448
3,2000.0,1.233661552166747
3,3000.0,1.2715305498519553
3,5000.0,1.3454626254150597
3,7500.0,1.4403471608500693
3,10000.0,1.5562420681722116
3,15000.0,1.94947183345734
3,20000.0,1.9640297484059492
3,30000.0,1.985606475324921
3,40000.0,2.002595471568652
3,50000.0,2.01760939212442
4,0.0,0.0
4,0.1,1.00782292344892e-06
4,0.2,1.1334866295925117e-06
4,0.5,1.510477748023287e-06
4,1.0,2.1387962787412453e-06
4,2.0,3.395433340177163e-06
4,5.0,7.165344524495687e-06
4,10.0,1.3448529831675274e-05
4,20.0,2.6014900446034445e-05
4,50.0,6.371412609706972e-05
4,100.0,0.0024544268145944015
4,200.0,0.0025800906981874316
4,500.0,0.008401513979103714
4,800.0,0.01488804528447385
4,1000.0,0.015139373631542608
4,1500.0,0.025327905390108096
4,2000.0,0.03389545274997707
4,3000.0,0.05144165923674837
4,5000.0,0.08923918237588924
4,7500.0,0.14800713840125213
4,10000.0,1.8702471304486212
4,15000.0,1.9056752177456637
4,20000.0,1.9321764282712015
4,30000.0,1.968584547795531
4,40000.0,1.9929739071055539
4,50000.0,2.0117640266379584
5,0.0,0.0
5,0.1,4.688010221409744e-05
5,0.2,4.7005765920241037e-05
5,0.5,4.738275703867181e-05
5,1.0,4.801107556938977e-05
5,2.0,4.926771263082569e-05
5,5.0,5.303762381513344e-05
5,10.0,5.932080912231302e-05
5,20.0,7.18871797366722e-05
5,50.0,0.00010958629157974972
5,100.0,0.00017241815174684483
5,200.0,0.00044321665491009465
5,500.0,0.001107370223060844
5,800.0,0.0018570343732856598
5,1000.0,0.002108361845238216
5,1500.0,0.0033468894426967877
5,2000.0,0.004495250751184843
5,3000.0,0.006875699832301629
5,5000.0,0.01229725665369541
5,7500.0,1.2924026251785157
5,10000.0,1.4018178632060057
5,15000.0,1.9771436280818306
5,20000.0,1.9839352016088707
5,30000.0,1.9970622139153584
5,40000.0,2.0099144726514266
5,50000.0,2.0226460814329164
6,0.0,0.0
6,0.1,5.569415459927285e-07
6,0.2,6.826052521363202e-07
6,0.5,1.0595963705670955e-06
6,1.0,1.687914901285054e-06
6,2.0,2.9445519627209713e-06
6,5.0,6.714463147028723e-06
6,10.0,1.299764845420831e-05
6,20.0,2.5564019068567483e-05
6,50.0,0.0002529273625937467
6,100.0,0.00031575922143511903
6,200.0,0.000559436236741151
6,500.0,0.0014033444605849876
6,800.0,0.0023789295679077505
6,1000.0,0.0026302570772858136
6,1500.0,0.004251543715081851
6,2000.0,0.005709954654637528
6,3000.0,0.00877332238470252
6,5000.0,0.015943808739638632
6,7500.0,0.030622181645072688
6,10000.0,1.286995623865733
6,15000.0,1.9758504513316772
6,20000.0,1.9829813816163475
6,30000.0,1.9964847427181498
6,40000.0,2.0095285377721908
6,50000.0,2.022370455625593
7,0.0,0.0
7,0.1,1.2566370614359172e-07
7,0.2,2.5132741228718345e-07
7,0.5,6.283185307179586e-07
7,1.0,1.2566370614359173e-06
7,2.0,2.5132741228718346e-06
7,5.0,6.283185307179587e-06
7,10.0,1.2566370614359173e-05
7,20.0,2.5132741228718347e-05
7,50.0,6.283185307179587e-05
7,100.0,0.00012566370614359174
7,200.0,0.0007597255980521522
7,500.0,0.001970180766399099
7,800.0,0.0029453249436119933
7,1000.0,0.00396094528553137
7,1500.0,0.005971411121703629
7,2000.0,0.008025946178525811
7,3000.0,0.012322180394764848
7,5000.0,0.02223346663177106
7,7500.0,0.04112570832887774
7,10000.0,1.4774327421597873
7,15000.0,1.97230932713975
7,20000.0,1.9803292874421499
7,30000.0,1.9948507584851543
7,40000.0,2.008425103552973
7,50000.0,2.0215755025778877
8,0.0,0.0
8,0.1,1.2566370614359172e-07
8,0.2,2.5132741228718345e-07
8,0.5,6.283185307179586e-07
8,1.0,1.2566370614359173e-06
8,2.0,2.5132741228718346e-06
8,5.0,6.283185307179587e-06
8,10.0,1.2566370614359173e-05
8,20.0,2.5132741228718347e-05
8,50.0,6.283185307179587e-05
8,100.0,0.00012566370614359174
8,200.0,0.0013293260304110266
8,500.0,0.0033874676232062972
8,800.0,0.005059703896992507
8,1000.0,0.006782178813457218
8,1500.0,0.010179751649691426
8,2000.0,0.013613934988497611
8,3000.0,0.02054797218455906
8,5000.0,0.034990282687397345
8,7500.0,0.05493496989004254
8,10000.0,0.07878848241688086
8,15000.0,0.18590332402885867
8,20000.0,1.9467455355291574
8,30000.0,1.971075598130695
8,40000.0,1.990938178241172
8,50000.0,2.0082795377361222
9,0.0,0.0
9,0.1,3.511043951132109e-07
9,0.2,4.7676810125680265e-07
9,0.5,8.537592196875778e-07
9,1.0,1.4820777504055364e-06
9,2.0,2.7387148118414537e-06
9,5.0,6.508625996159978e-06
9,10.0,1.2791811303339565e-05
9,20.0,2.5358181917698736e-05
9,50.0,0.00011079190917617776
9,100.0,0.00017362376224797364
9,200.0,0.00029928747315721704
9,500.0,0.0008224915858360271
9,800.0,0.0013180253057055724
9,1000.0,0.0016504231537844971
9,1500.0,0.002479109425925774
9,2000.0,0.0033186855325878506
9,3000.0,0.005030212889642338
9,5000.0,0.008703124428777409
9,7500.0,0.01444187224214033
9,10000.0,0.026005869218045152
9,15000.0,1.978267175422326
9,20000.0,1.9847604811966457
9,30000.0,1.9975600653460823
9,40000.0,2.0102463213657495
9,50000.0,2.022882804010394
10,0.0,0.0
10,0.1,1.2566370614359172e-07
10,0.2,2.5132741228718345e-07
10,0.5,6.283185307179586e-07
10,1.0,1.2566370614359173e-06
10,2.0,2.5132741228718346e-06
10,5.0,6.283185307179587e-06
10,10.0,1.2566370614359173e-05
10,20.0,2.5132741228718347e-05
10,50.0,6.283185307179587e-05
10,100.0,0.00045652243740501586
10,200.0,0.0009093202027872227
10,500.0,0.002274662976164854
10,800.0,0.003925903574601541
10,1000.0,0.00417723119226554
10,1500.0,0.0069059803891287075
10,2000.0,0.009306341550159414
10,3000.0,0.014406301239530905
10,5000.0,0.027023287226007553
10,7500.0,0.06706290435795237
10,10000.0,1.261784530590393
10,15000.0,1.9721374041261832
10,20000.0,1.9802670167897296
10,30000.0,1.9948677449540795
10,40000.0,2.008463301044471
10,50000.0,2.0216184637291357
11,0.0,0.0
11,0.1,8.313910799806479e-07
11,0.2,9.570547861242396e-07
11,0.5,1.3340459045550149e-06
11,1.0,1.962364435272973e-06
11,2.0,3.2190014967088907e-06
11,5.0,6.988912681027415e-06
11,10.0,1.3272097988207002e-05
11,20.0,2.5838468602566173e-05
11,50.0,6.35375854545206e-05
11,100.0,0.00022882732570217446
11,200.0,0.0003544910399205792
11,500.0,0.0009792218856876644
11,800.0,0.001625408768175185
11,1000.0,0.0018767362253108155
11,1500.0,0.0029637284895140947
11,2000.0,0.0039805010224724935
11,3000.0,0.006118062277069791
11,5000.0,0.011167406745682618
11,7500.0,0.02256105976882028
11,10000.0,1.9713831674488556
11,15000.0,1.9781295389893012
11,20000.0,1.9846800184672562
11,30000.0,1.9975273568451866
11,40000.0,2.0102308051631868
11,50000.0,2.0228743646833145
12,0.0,0.0
12,0.1,1.2566370614359172e-07
12,0.2,2.5132741228718345e-07
12,0.5,6.283185307179586e-07
12,1.0,1.2566370614359173e-06
12,2.0,2.5132741228718346e-06
12,5.0,6.283185307179587e-06
12,10.0,1.2566370614359173e-05
12,20.0,2.5132741228718347e-05
12,50.0,6.714463146650917e-05
12,100.0,0.00012997648453830506
12,200.0,0.00025564019110868585
12,500.0,0.0006457166719394669
12,800.0,0.0010362832394389399
12,1000.0,0.0012876106538730614
12,1500.0,0.0019378851449073364
12,2000.0,0.002585023076546289
12,3000.0,0.0038827197481526854
12,5000.0,0.0065006963609491875
12,7500.0,0.00987069964040621
12,10000.0,0.013603397710378218
12,15000.0,1.9790016513566746
12,20000.0,1.9853036168483498
12,30000.0,1.9978915905657757
12,40000.0,2.0104696252821967
12,50000.0,2.023043347220744
13,0.0,0.0
13,0.1,1.2566370614359172e-07
13,0.2,2.5132741228718345e-07
13,0.5,6.283185307179586e-07
13,1.0,1.2566370614359173e-06
13,2.0,2.5132741228718346e-06
13,5.0,6.283185307179587e-06
13,10.0,1.2566370614359173e-05
13,20.0,2.5132741228718347e-05
13,50.0,0.000856187042342138
13,100.0,0.0009190188954139339
13,200.0,0.0010446826804499931
13,500.0,0.003842220798015439
13,800.0,0.006721838600905361
13,1000.0,0.006973166412867493
13,1500.0,0.01168904763958245
13,2000.0,0.01577261797818419
13,3000.0,0.024530146984882983
13,5000.0,0.04716289356721559
13,7500.0,1.388362433789426
13,10000.0,1.470005108237539
13,15000.0,1.9647249831902431
13,20000.0,1.9749009302366674
13,30000.0,1.9917475773713456
13,40000.0,2.0064540852733983
13,50000.0,2.02022770997705
14,0.0,0.0
14,0.1,1.2566370614359172e-07
14,0.2,2.5132741228718345e-07
14,0.5,6.283185307179586e-07
14,1.0,1.2566370614359173e-06
14,2.0,2.5132741228718346e-06
14,5.0,6.283185307179587e-06
14,10.0,1.2566370614359173e-05
14,20.0,2.5132741228718347e-05
14,50.0,6.283185307179587e-05
14,100.0,0.0025730086169143407
14,200.0,0.0026986725100034414
14,500.0,0.008811453185484153
14,800.0,0.013066583381066699
14,1000.0,0.017636766246733493
14,1500.0,0.02651111615914581
14,2000.0,0.03544525952515898
14,3000.0,0.05357670999538389
14,5000.0,0.0917467689456627
14,7500.0,0.1466323913275296
14,10000.0,0.22587809599110353
14,15000.0,1.8515739136756935
14,20000.0,1.8879088247946887
14,30000.0,1.940840298965489
14,40000.0,1.9762106360270513
14,50000.0,2.0014800951637355
15,0.0,0.0
15,0.1,1.4391007628899999e-06
15,0.2,1.5647644690335916e-06
15,0.5,1.941755587464367e-06
15,1.0,2.570074118182325e-06
15,2.0,3.826711179618243e-06
15,5.0,7.596622363925994e-06
15,10.0,1.3879807671105581e-05
15,20.0,2.6446178285464754e-05
15,50.0,6.414531184140149e-05
15,100.0,0.0005711051019475777
15,200.0,0.0006967688423737961
15,500.0,0.0021255976627000406
15,800.0,0.0036625986518269427
15,1000.0,0.003913926250409094
15,1500.0,0.006447522246424198
15,2000.0,0.008669344142104296
15,3000.0,0.013369048584395915
15,5000.0,0.02461871728599596
15,7500.0,0.050623671486647925
15,10000.0,1.2676254412568035
15,15000.0,1.9720847490181586
15,20000.0,1.9801834665138909
15,30000.0,1.9947788429101931
15,40000.0,2.008385729842587
15,50000.0,2.0215532427508736
16,0.0,0.0
16,0.1,4.683486327983211e-06
16,0.2,4.809150034126803e-06
16,0.5,5.186141152557578e-06
16,1.0,5.814459683275537e-06
16,2.0,7.0710967447114535e-06
16,5.0,1.0841007929019207e-05
16,10.0,1.7124193236198792e-05
16,20.0,2.9690563850557965e-05
16,50.0,6.738988495280651e-05
16,100.0,0.00441050705911572
16,200.0,0.004536171096016339
16,500.0,0.01506132639593627
16,800.0,0.026652912674856033
16,1000.0,0.026904241876208324
16,1500.0,0.04582971676490055
16,2000.0,0.061981531827285385
16,3000.0,0.09734202513659274
16,5000.0,1.4392941788469562
16,7500.0,1.5268043022202331
16,10000.0,1.6147689248611041
16,15000.0,1.8803418116305521
16,20000.0,1.9150436308397123
16,30000.0,1.9602774020466236
16,40000.0,1.9885684525051166
16,50000.0,2.009201529527969
17,0.0,0.0
17,0.1,1.2566370614359172e-07
17,0.2,2.5132741228718345e-07
17,0.5,6.283185307179586e-07
17,1.0,1.2566370614359173e-06
17,2.0,2.5132741228718346e-06
17,5.0,6.283185307179587e-06
17,10.0,1.2566370614359173e-05
17,20.0,2.5132741228718347e-05
17,50.0,6.405707420664708e-05
17,100.0,0.00012688892730006174
17,200.0,0.0002529937132033089
17,500.0,0.0006352777871108106
17,800.0,0.0010165228732511578
17,1000.0,0.0012692617408304185
17,1500.0,0.001905970584955008
17,2000.0,0.0025415424265300413
17,3000.0,0.0038148915040541187
17,5000.0,0.006371146381308979
17,7500.0,0.009611825118870376
17,10000.0,0.013025926524185993
17,15000.0,1.9790456220911077
17,20000.0,1.985336295947846
17,30000.0,1.9979114881560576
17,40000.0,2.010483053706629
17,50000.0,2.0230531489918224
18,0.0,0.0
18,0.1,5.471397767076169e-07
18,0.2,6.728034828512087e-07
18,0.5,1.049794601281984e-06
18,1.0,1.6781131319999425e-06
18,2.0,2.9347501934358598e-06
18,5.0,6.704661377743611e-06
18,10.0,1.2987846684923198e-05
18,20.0,2.555421729928237e-05
18,50.0,0.0003919752587512315
18,100.0,0.0004548071118230274
18,200.0,0.0005804708502308298
18,500.0,0.001947372085072785
18,800.0,0.003355999315029723
18,1000.0,0.003607326887478335
18,1500.0,0.005873648273712728
18,2000.0,0.007863079964200659
18,3000.0,0.01196187713267649
18,5000.0,0.020904131141500026
18,7500.0,0.03498450799008379
18,10000.0,0.05938187153429153
18,15000.0,1.9675552438121853
18,20000.0,1.9763697647073815
18,30000.0,1.9920342496534595
18,40000.0,2.0063443153101446
18,50000.0,2.0199840478733284
19,0.0,0.0
19,0.1,4.785273931551259e-07
19,0.2,6.041910992987177e-07
19,0.5,9.81182217729493e-07
19,1.0,1.6095007484474515e-06
19,2.0,2.8661378098833688e-06
19,5.0,6.63604899419112e-06
19,10.0,1.2919234301370707e-05
19,20.0,2.548560491572988e-05
19,50.0,0.0002129557482886124
19,100.0,0.0002757876013604083
19,200.0,0.00040145132232050074
19,500.0,0.0012330289101963876
19,800.0,0.0020752315547578615
19,1000.0,0.0023265590419442317
19,1500.0,0.0037208857417371233
19,2000.0,0.004994053003379406
19,3000.0,0.007635532989927918
19,5000.0,0.01361177188442142
19,7500.0,0.024439127740311983
19,10000.0,1.4030470746916441
19,15000.0,1.9762573031435482
19,20000.0,1.9832582227981796
19,30000.0,1.9966307890687152
19,40000.0,2.0096151658146066
19,50000.0,2.0224255709904986
20,0.0,0.0
20,0.1,7.039680819387328e-07
20,0.2,8.296317880823246e-07
20,0.5,1.2066229065130998e-06
20,1.0,1.8349414372310584e-06
20,2.0,3.0915784986669757e-06
20,5.0,6.861489682974727e-06
20,10.0,1.3144674990154314e-05
20,20.0,2.5711045604513487e-05
20,50.0,6.341019019451277e-05
20,100.0,0.0007960655040845088
20,200.0,0.0009217292619813078
20,500.0,0.002886587458765466
20,800.0,0.005016291574048259
20,1000.0,0.005267619268204848
20,1500.0,0.008778676974324218
20,2000.0,0.011823445789001519
20,3000.0,0.01832999853458972
20,5000.0,0.034637840407718556
20,7500.0,1.361680430646037
20,10000.0,1.450203710723889
20,15000.0,1.9689298047239805
20,20000.0,1.9779025359312583
20,30000.0,1.9934505856477662
20,40000.0,2.007528153404532
20,50000.0,2.0209583536370914
21,0.0,0.0
21,0.1,1.2566370614359172e-07
21,0.2,2.5132741228718345e-07
21,0.5,6.283185307179586e-07
21,1.0,1.2566370614359173e-06
21,2.0,2.5132741228718346e-06
21,5.0,6.283185307179587e-06
21,10.0,1.2566370614359173e-05
21,20.0,2.5132741228718347e-05
21,50.0,8.174926765336377e-05
21,100.0,0.00014987407576894096
21,200.0,0.00027553778389355355
21,500.0,0.0007132998740606578
21,800.0,0.0011568842061894236
21,1000.0,0.0014082116289739766
21,1500.0,0.0021438889245783965
21,2000.0,0.0028647263743198925
21,3000.0,0.004319202340349437
21,5000.0,0.007334581850685251
21,7500.0,0.01156915017565352
21,10000.0,0.01760630269467711
21,15000.0,1.9787159494023818
21,20000.0,1.9850917417988714
21,30000.0,1.997761227043201
21,40000.0,2.010381389751774
21,50000.0,2.022979322051771
22,0.0,0.0
22,0.1,1.2566370614359172e-07
22,0.2,2.5132741228718345e-07
22,0.5,6.283185307179586e-07
22,1.0,1.2566370614359173e-06
22,2.0,2.5132741228718346e-06
22,5.0,6.283185307179587e-06
22,10.0,1.2566370614359173e-05
22,20.0,2.5132741228718347e-05
22,50.0,0.0009148702338191983
22,100.0,0.0009777020868909942
22,200.0,0.0011033658783353717
22,500.0,0.004097517643115944
22,800.0,0.0065802815676786475
22,1000.0,0.007423841984746882
22,1500.0,0.01246072131164122
22,2000.0,0.016816418226806684
22,3000.0,0.026163131573331833
22,5000.0,0.05052743895562262
22,7500.0,1.3977348755061647
22,10000.0,1.4789526727971802
22,15000.0,1.9636632556106584
22,20000.0,1.9741601614991078
22,30000.0,1.9913430681863311
22,40000.0,2.006207178690947
22,50000.0,2.02006400078402
23,0.0,0.0
23,0.1,1.2566370614359172e-07
23,0.2,2.5132741228718345e-07
23,0.5,6.283185307179586e-07
23,1.0,1.2566370614359173e-06
23,2.0,2.5132741228718346e-06
23,5.0,6.283185307179587e-06
23,10.0,1.2566370614359173e-05
23,20.0,2.5132741228718347e-05
23,50.0,0.0002016249046037366
23,100.0,0.00029248981877549873
23,200.0,0.00047755225379708666
23,500.0,0.0011970073989819863
23,800.0,0.001918344457833454
23,1000.0,0.002266611418211384
23,1500.0,0.0036195746570508724
23,2000.0,0.004860543101011805
23,3000.0,0.007443320296599554
23,5000.0,0.013369325128102627
23,7500.0,0.024679271076726184
23,10000.0,1.2970550794896822
23,15000.0,1.976740834198553
23,20000.0,1.9836364730798697
23,30000.0,1.9968806067466227
23,40000.0,2.0097926170508993
23,50000.0,2.022559139721935
24,0.0,0.0
24,0.1,0.960684953896009
24,0.2,0.9606850795597153
24,0.5,0.9606854565508337
24,1.0,0.9606860848693644
24,2.0,0.9606873415064258
24,5.0,0.9606911114176101
24,10.0,0.9606973946029173
24,20.0,0.9607099609735317
24,50.0,0.9607476600853747
24,100.0,0.9608104919384466
24,200.0,0.9609361556445901
24,500.0,0.9619318664779153
24,800.0,0.9633308367324341
24,1000.0,0.9635821641447214
24,1500.0,0.9650917863327227
24,2000.0,0.9665540662018821
24,3000.0,0.9692758588776342
24,5000.0,0.9741000871314512
24,7500.0,0.9792893203746635
24,10000.0,0.9838550228865073
24,15000.0,0.9918355178130112
24,20000.0,0.9989262438002104
24,30000.0,1.0118346515929342
24,40000.0,1.0244010222072935
24,50000.0,1.0369673928216525
25,0.0,0.0
25,0.1,1.2566370614359172e-07
25,0.2,2.5132741228718345e-07
25,0.5,6.283185307179586e-07
25,1.0,1.2566370614359173e-06
25,2.0,2.5132741228718346e-06
25,5.0,6.283185307179587e-06
25,10.0,1.2566370614359173e-05
25,20.0,2.5132741228718347e-05
25,50.0,6.283185307179587e-05
25,100.0,0.00036963954029378687
25,200.0,0.0004953032653034484
25,500.0,0.0014511280880653565
25,800.0,0.0024662241233270876
25,1000.0,0.0027175516378604714
25,1500.0,0.004391561985719883
25,2000.0,0.005910126392954962
25,3000.0,0.00907762811622348
25,5000.0,0.016507116399054778
25,7500.0,0.03186239947821112
25,10000.0,0.9889133805061489
25,15000.0,0.9953405561943982
25,20000.0,1.0016237415015778
25,30000.0,1.014190112115937
25,40000.0,1.0267564827302962
25,50000.0,1.0393228533446552
26,0.0,0.0
26,0.1,5.961486220229517e-07
26,0.2,7.218123281665435e-07
26,0.5,1.0988034465973187e-06
26,1.0,1.7271219773152773e-06
26,2.0,2.9837590387511945e-06
26,5.0,6.753670223069719e-06
26,10.0,1.3036855530249305e-05
26,20.0,2.5603226144608477e-05
26,50.0,6.330251508690488e-05
26,100.0,0.003748603394966521
26,200.0,0.0038742673806454464
26,500.0,0.012827855947285638
26,800.0,0.02271123905911554
26,1000.0,0.022962568000270744
26,1500.0,0.039226951093309204
26,2000.0,0.05328189290694907
26,3000.0,0.08496118048132051
26,5000.0,0.7026864074165695
26,7500.0,0.8713065440326995
26,10000.0,1.8854526037243526
26,15000.0,1.9204981289626564
26,20000.0,1.9449086227068832
26,30000.0,1.9768382348237923
26,40000.0,1.9981980249559683
26,50000.0,2.0151994202633956
27,0.0,0.0
27,0.1,1.1058406141906119e-06
27,0.2,1.2315043203342036e-06
27,0.5,1.6084954387649789e-06
27,1.0,2.236813969482937e-06
27,2.0,3.4934510309188547e-06
27,5.0,7.263362215226606e-06
27,10.0,1.3546547522406193e-05
27,20.0,2.6112918136765366e-05
27,50.0,6.381219588824649e-05
27,100.0,0.0035202123736519653
27,200.0,0.0036458763408826478
27,500.0,0.012033441955077828
27,800.0,0.01931653395906363
27,1000.0,0.021591633638356256
27,1500.0,0.03654812762029602
27,2000.0,0.04930336420490611
27,3000.0,0.07653824725377856
27,5000.0,0.15135706919944458
27,7500.0,1.5157223571457212
27,10000.0,1.5747710943733613
27,15000.0,1.6906169773340558
27,20000.0,1.93756460030359
27,30000.0,1.974758927019521
27,40000.0,1.998035393768128
27,50000.0,2.015611937199767
28,0.0,0.0
28,0.1,1.25663706329604e-07
28,0.2,2.5132741247319575e-07
28,0.5,6.283185309039709e-07
28,1.0,1.2566370616219295e-06
28,2.0,2.513274123057847e-06
28,5.0,6.283185307365599e-06
28,10.0,1.2566370614545185e-05
28,20.0,2.513274122890436e-05
28,50.0,6.283185307198188e-05
28,100.0,0.00012566370614377776
28,200.0,0.000251327412295943
28,500.0,0.0006285831785013407
28,800.0,0.0010057997376023975
28,1000.0,0.0012571271498994507
28,1500.0,0.0018855436982974094
28,2000.0,0.002514058264446173
28,3000.0,0.003771185414327527
28,5000.0,0.006285635749405882
28,7500.0,0.009429423999285591
28,10000.0,0.012575525466125614
28,15000.0,0.020315472332148365
28,20000.0,1.9853530125657355
28,30000.0,1.9979213879422957
28,40000.0,2.0104893268392856
28,50000.0,2.0230571285113332
29,0.0,0.0
29,0.1,1.1079683232847057
29,0.2,1.1079684489484118
29,0.5,1.1079688259395304
29,1.0,1.1079694542580611
29,2.0,1.1079707108951224
29,5.0,1.1079744808063068
29,10.0,1.1097217443068366
29,20.0,1.1097343107843065
29,50.0,1.109772010023369
29,100.0,1.1124370449840417
29,200.0,1.1161292883137244
29,500.0,1.1251366689776534
29,800.0,1.1349014420127879
29,1000.0,1.1408864910263607
29,1500.0,1.1565266387226527
29,2000.0,1.172077712690384
29,3000.0,1.2030554592934495
29,5000.0,1.2655522331538478
29,7500.0,1.348410438736137
29,10000.0,1.4478613022114812
29,15000.0,1.9719343702920016
29,20000.0,1.9801357416876433
29,30000.0,1.9948029944715477
29,40000.0,2.0084258582832364
29,50000.0,2.0215948022509806
30,0.0,0.0
30,0.1,1.2566370614359172e-07
30,0.2,2.5132741228718345e-07
30,0.5,6.283185307179586e-07
30,1.0,1.2566370614359173e-06
30,2.0,2.5132741228718346e-06
30,5.0,6.283185307179587e-06
30,10.0,1.2566370614359173e-05
30,20.0,2.5132741228718347e-05
30,50.0,0.0007053378162132917
30,100.0,0.0007681696905520452
30,200.0,0.0013288359928699256
30,500.0,0.004949065977409406
30,800.0,0.007947275519048724
30,1000.0,0.008936617726567508
30,1500.0,0.015072353660226745
30,2000.0,0.02037665620670326
30,3000.0,0.03184933408764434
30,5000.0,0.06325155621701595
30,7500.0,1.4141351366729622
30,10000.0,1.495276293986861
30,15000.0,1.9605359033088878
30,20000.0,1.9719917062062395
30,30000.0,1.9901765695177345
30,40000.0,2.0055026078692926
30,50000.0,2.019600886665444
31,0.0,0.0
31,0.1,5.4186190090455e-06
31,0.2,5.544282715189092e-06
31,0.5,5.921273833619867e-06
31,1.0,6.549592364337826e-06
31,2.0,7.806229425773743e-06
31,5.0,1.1576140610081496e-05
31,10.0,1.785932591726108e-05
31,20.0,3.0425696531620254e-05
31,50.0,6.812493769803307e-05
31,100.0,0.00277619928992634
31,200.0,0.002901863198588539
31,500.0,0.009492450947323205
31,800.0,0.016834441381145093
31,1000.0,0.01708576985863486
31,1500.0,0.028608145809958963
31,2000.0,0.03828104870861404
31,3000.0,0.058090532625139635
31,5000.0,0.10071205488724244
31,7500.0,0.16819389151281927
31,10000.0,1.8033874707191195
31,15000.0,1.849582919581303
31,20000.0,1.8862695866924732
31,30000.0,1.9395920829310247
31,40000.0,1.9753080694842708
31,50000.0,2.00087003289498
32,0.0,0.0
32,0.1,1.2566370614359172e-07
32,0.2,2.5132741228718345e-07
32,0.5,6.283185307179586e-07
32,1.0,1.2566370614359173e-06
32,2.0,2.5132741228718346e-06
32,5.0,6.283185307179587e-06
32,10.0,0.00011544573046540219
32,20.0,0.0001280121094839881
32,50.0,0.0001657112265619487
32,100.0,0.000335617603368088
32,200.0,0.0005338536181610509
32,500.0,0.0013383881326615166
32,800.0,0.00226199446279296
32,1000.0,0.00251332196377263
32,1500.0,0.004048715708598549
32,2000.0,0.005440013920997466
32,3000.0,0.008368391689966947
32,5000.0,0.015224799980433579
32,7500.0,0.029576852382158347
32,10000.0,1.3252362115235417
32,15000.0,1.9762681831111122
32,20000.0,1.9832955969404265
32,30000.0,1.9966798469224865
32,40000.0,2.0096610184907524
32,50000.0,2.022466120912103
33,0.0,0.0
33,0.1,1.2566370614359172e-07
33,0.2,2.5132741228718345e-07
33,0.5,6.283185307179586e-07
33,1.0,1.2566370614359173e-06
33,2.0,2.5132741228718346e-06
33,5.0,6.283185307179587e-06
33,10.0,1.2566370614359173e-05
33,20.0,2.5132741228718347e-05
33,50.0,6.283185307179587e-05
33,100.0,0.00012566370614359174
33,200.0,0.005606867282358263
33,500.0,0.014321047402889309
33,800.0,0.021208031368911362
33,1000.0,0.028708159018927537
33,1500.0,0.043147805774311765
33,2000.0,0.05776549635295947
33,3000.0,0.08760028824416755
33,5000.0,0.1519871959135114
33,7500.0,0.25782856001020626
33,10000.0,1.6067061778972545
33,15000.0,1.698280828918374
33,20000.0,1.7799858526726802
33,30000.0,1.924591863970986
33,40000.0,2.0050774089298624
33,50000.0,2.0222042740702126
34,0.0,0.0
34,0.1,1.2566370614359172e-07
34,0.2,2.5132741228718345e-07
34,0.5,6.283185307179586e-07
34,1.0,1.2566370614359173e-06
34,2.0,2.5132741228718346e-06
34,5.0,6.283185307179587e-06
34,10.0,1.2566370614359173e-05
34,20.0,2.5132741228718347e-05
34,50.0,6.283185307179587e-05
34,100.0,0.007143632349160156
34,200.0,0.007269296621445376
34,500.0,0.02501644478510534
34,800.0,0.044373246741838734
34,1000.0,0.04462457851181467
34,1500.0,0.08981992864130772
34,2000.0,0.17436762539062012
34,3000.0,1.9065254940757748
34,5000.0,1.9301814374584043
34,7500.0,1.94722776152434
34,10000.0,1.9578428102863006
34,15000.0,1.971236935384301
34,20000.0,1.9805930332805177
34,30000.0,1.9956441430709628
34,40000.0,2.009158697363507
34,50000.0,2.022182536008508
35,0.0,0.0
35,0.1,1.2566370614359172e-07
35,0.2,2.5132741228718345e-07
35,0.5,6.283185307179586e-07
35,1.0,1.2566370614359173e-06
35,2.0,2.5132741228718346e-06
35,5.0,6.283185307179587e-06
35,10.0,1.2566370614359173e-05
35,20.0,2.5132741228718347e-05
35,50.0,6.283185307179587e-05
35,100.0,0.002345862420273015
35,200.0,0.002471526296513815
35,500.0,0.008067371650947619
35,800.0,0.014305428130406028
35,1000.0,0.014556756433354856
35,1500.0,0.024294063802114407
35,2000.0,0.03249647556807145
35,3000.0,0.04915763131832429
35,5000.0,0.08444954800787552
35,7500.0,0.1359182540215682
35,10000.0,0.2115260717023668
35,15000.0,1.883926288369813
35,20000.0,1.9131211223302877
35,30000.0,1.9548305589992427
35,40000.0,1.9833256822349834
35,50000.0,2.0049270265075414
36,0.0,0.0
36,0.1,2.184035213015356e-06
36,0.2,2.309698919158948e-06
36,0.5,2.686690037589723e-06
36,1.0,3.3150085683076815e-06
36,2.0,4.571645629743599e-06
36,5.0,8.34155681405135e-06
36,10.0,1.4624742121230937e-05
36,20.0,2.719111273559011e-05
36,50.0,0.005441817283047934
36,100.0,0.0055046491361197296
36,200.0,0.005630313038283541
36,500.0,0.012021522888087444
36,800.0,0.017883565094032994
36,1000.0,0.02407314723366416
36,1500.0,0.03614072692636339
36,2000.0,0.04831106224703785
36,3000.0,0.07287053228569906
36,5000.0,0.1238973453903699
36,7500.0,0.19452435434569215
36,10000.0,0.28486514094777204
36,15000.0,1.763150437643799
36,20000.0,1.786811498127912
36,30000.0,1.8868110215614564
36,40000.0,1.9542881913986747
36,50000.0,1.9951548285459098
37,0.0,0.0
37,0.1,1.2566370614359172e-07
37,0.2,2.5132741228718345e-07
37,0.5,6.283185307179586e-07
37,1.0,1.2566370614359173e-06
37,2.0,2.5132741228718346e-06
37,5.0,6.283185307179587e-06
37,10.0,1.2566370614359173e-05
37,20.0,2.5132741228718347e-05
37,50.0,6.283185307179587e-05
37,100.0,0.00012566370614359174
37,200.0,0.004949844864898245
37,500.0,0.01261127574657639
37,800.0,0.018676204829519816
37,1000.0,0.02525114350813451
37,1500.0,0.03796297380783242
37,2000.0,0.050761406647675256
37,3000.0,0.07683990584098743
37,5000.0,0.1320440954080372
37,7500.0,0.2146790164241601
37,10000.0,1.5941228688384221
37,15000.0,1.6860405074716294
37,20000.0,1.7701752617030513
37,30000.0,1.9047523459028515
37,40000.0,1.9694255734238688
37,50000.0,2.0060045659318844
38,0.0,0.0
38,0.1,2.7511806513502712e-05
38,0.2,2.7637470219646305e-05
38,0.5,2.8014461338077078e-05
38,1.0,2.864277986879504e-05
38,2.0,2.9899416930230953e-05
38,5.0,3.366932811454948e-05
38,10.0,3.995251342172907e-05
38,20.0,5.251888403608824e-05
38,50.0,9.021799587916576e-05
38,100.0,0.00015304985314368302
38,200.0,0.0003644790401575726
38,500.0,0.0009139028923910164
38,800.0,0.0015091205798196672
38,1000.0,0.0017604480274718837
38,1500.0,0.0027504517973307996
38,2000.0,0.0036854677515775203
38,3000.0,0.005602008908048739
38,5000.0,0.009793688840907921
38,7500.0,0.01666895178397143
38,10000.0,0.033674606047555344
38,15000.0,1.9778772904684714
38,20000.0,1.9844715642388728
38,30000.0,1.9973834178721455
38,40000.0,2.010127004423711
38,50000.0,2.0227968130718885
39,0.0,0.0
39,0.1,1.704351713716079e-05
39,0.2,1.7169180843304383e-05
39,0.5,1.7546171961735156e-05
39,1.0,1.8174490492453117e-05
39,2.0,1.9431127553889032e-05
39,5.0,2.3201038738196784e-05
39,10.0,2.9484224045376372e-05
39,20.0,4.205059465973555e-05
39,50.0,7.975003914117984e-05
39,100.0,0.006946518772977361
39,200.0,0.007072182758631418
39,500.0,0.016025006612132464
39,800.0,0.023758520456974686
39,1000.0,0.0320833297555827
39,1500.0,0.048226994273952384
39,2000.0,0.0644756505567855
39,3000.0,0.09755219120512426
39,5000.0,0.16744724182740334
39,7500.0,0.2714153312515774
39,10000.0,1.654418058821495
39,15000.0,1.6774460614076565
39,20000.0,1.76097172407083
39,30000.0,1.8924970098798306
39,40000.0,1.971422309657042
39,50000.0,2.007742684379976
40,0.0,0.0
40,0.1,0.00018224253319787387
40,0.2,0.00018236819690401748
40,0.5,0.00018274518802244825
40,1.0,0.00018337350655316621
40,2.0,0.00018463014361460212
40,5.0,0.00018840005479890987
40,10.0,0.00019468324010608946
40,20.0,0.00020724961072044864
40,50.0,0.00024494872256352614
40,100.0,0.0003077806117907089
40,200.0,0.0011729878038185815
40,500.0,0.0029310874934895814
40,800.0,0.005098891082078727
40,1000.0,0.005350218782410376
40,1500.0,0.008924429279743684
40,2000.0,0.012028939890807
40,3000.0,0.01866906134647428
40,5000.0,0.03545079911764537
40,7500.0,1.0456442191836195
40,10000.0,1.2348828460249648
40,15000.0,1.9691003947110595
40,20000.0,1.9780596582912513
40,30000.0,1.9935703534600204
40,40000.0,2.007619799948875
40,50000.0,2.02102967132012
41,0.0,0.0
41,0.1,1.2566370614359172e-07
41,0.2,2.5132741228718345e-07
41,0.5,6.283185307179586e-07
41,1.0,1.2566370614359173e-06
41,2.0,2.5132741228718346e-06
41,5.0,6.283185307179587e-06
41,10.0,1.2566370614359173e-05
41,20.0,2.5132741228718347e-05
41,50.0,6.283185307179587e-05
41,100.0,0.0020652769786119185
41,200.0,0.002190940833224464
41,500.0,0.007123196581366065
41,800.0,0.012631158548680688
41,1000.0,0.012882486735292242
41,1500.0,0.021429986892029795
41,2000.0,0.028645899397244712
41,3000.0,0.043293232724338715
41,5000.0,0.07399727489140484
41,7500.0,0.11746732559261219
41,10000.0,0.17481243045635564
41,15000.0,1.8770841339664845
41,20000.0,1.9056497533322128
41,30000.0,1.9479810241642208
41,40000.0,1.9778952569466792
41,50000.0,2.0008202511636646
42,0.0,0.0
42,0.1,2.0174051388321956e-06
42,0.2,2.1430688449757874e-06
42,0.5,2.5200599634065626e-06
42,1.0,3.148378494124521e-06
42,2.0,4.4050155555604385e-06
42,5.0,8.17492673986819e-06
42,10.0,1.4458112047047777e-05
42,20.0,2.702448266140695e-05
42,50.0,6.472361445131192e-05
42,100.0,0.0005355638872667212
42,200.0,0.0006612276250380633
42,500.0,0.0020086037395270484
42,800.0,0.0034542523131039227
42,1000.0,0.004037065828536135
42,1500.0,0.006091874863133451
42,2000.0,0.008203799295021352
42,3000.0,0.012669329679901753
42,5000.0,0.023464764830846696
42,7500.0,0.0499459771665649
42,10000.0,1.4329251697241951
42,15000.0,1.973111837157111
42,20000.0,1.9809665984879579
42,30000.0,1.9952741850895692
42,40000.0,2.0087255473938854
42,50000.0,2.0218004336163498
43,0.0,0.0
43,0.1,1.2566370614359172e-07
43,0.2,2.5132741228718345e-07
43,0.5,6.283185307179586e-07
43,1.0,1.2566370614359173e-06
43,2.0,2.5132741228718346e-06
43,5.0,6.283185307179587e-06
43,10.0,1.2566370614359173e-05
43,20.0,2.5132741228718347e-05
43,50.0,0.00029990724179029815
43,100.0,0.00036273909486209403
43,200.0,0.0004884028243216099
43,500.0,0.0015807564928583817
43,800.0,0.0027028780359752425
43,1000.0,0.002954205567363144
43,1500.0,0.004800589807242184
43,2000.0,0.006453458087885222
43,3000.0,0.009941399242975768
43,5000.0,0.01821801516054311
43,7500.0,0.03645937032970148
43,10000.0,1.966890097571167
43,15000.0,1.9749266640351153
43,20000.0,1.982288357307045
43,30000.0,1.9960537099430142
43,40000.0,2.009234700321893
43,50000.0,2.0221571886895466
44,0.0,0.0
44,0.1,1.2566370614359172e-07
44,0.2,2.5132741228718345e-07
44,0.5,6.283185307179586e-07
44,1.0,1.2566370614359173e-06
44,2.0,2.5132741228718346e-06
44,5.0,6.283185307179587e-06
44,10.0,0.0001493010335404943
44,20.0,0.00016186741988355458
44,50.0,0.00019956653172670258
44,100.0,0.00026239839065433923
44,200.0,0.0005078397412698887
44,500.0,0.001872163071062638
44,800.0,0.0027915351778481368
44,1000.0,0.0037615870954543773
44,1500.0,0.005682307943833398
44,2000.0,0.0076487642896486685
44,3000.0,0.011812655038587083
44,5000.0,0.021898814625410545
44,7500.0,0.04651398576447585
44,10000.0,1.426151951665233
44,15000.0,1.973857487108398
44,20000.0,1.9815221921880044
44,30000.0,1.9956121304674603
44,40000.0,2.0089515271937506
44,50000.0,2.021962055022179
45,0.0,0.0
45,0.1,0.9484695352164266
45,0.2,0.9484696608801328
45,0.5,0.9484700378712513
45,1.0,0.9484706661897819
45,2.0,0.9484719228268433
45,5.0,0.9484756927380277
45,10.0,0.9484819759233348
45,20.0,0.9484945422939492
45,50.0,0.9485322414057923
45,100.0,0.9485950732588642
45,200.0,0.9487207369650077
45,500.0,0.950166723140297
45,800.0,0.9522635019898259
45,1000.0,0.9525148294021132
45,1500.0,0.9546597415084277
45,2000.0,0.9567136164048653
45,3000.0,0.9604736589248988
45,5000.0,0.966953468639843
45,7500.0,0.9736604222580708
45,10000.0,0.9793347271816912
45,15000.0,0.9887841472461724
45,20000.0,0.9967609056748891
45,30000.0,1.01061345552272
45,40000.0,1.0231979129446174
45,50000.0,1.0357642835589767
46,0.0,0.0
46,0.1,1.2566370614359172e-07
46,0.2,2.5132741228718345e-07
46,0.5,6.283185307179586e-07
46,1.0,1.2566370614359173e-06
46,2.0,2.5132741228718346e-06
46,5.0,6.283185307179587e-06
46,10.0,1.2566370614359173e-05
46,20.0,2.5132741228718347e-05
46,50.0,6.283185307179587e-05
46,100.0,0.00012566370614359174
46,200.0,0.0006161492753098408
46,500.0,0.0015421767255265895
46,800.0,0.0026123097317956034
46,1000.0,0.003078982060532365
46,1500.0,0.0046470941069368665
46,2000.0,0.0062520121181461885
46,3000.0,0.009621077419776358
46,5000.0,0.01760879601586407
46,7500.0,0.03486621039939353
46,10000.0,1.2819730122934487
46,15000.0,1.975325498005857
46,20000.0,1.9825979363925987
46,30000.0,1.9962563026993643
46,40000.0,2.009377649329466
46,50000.0,2.0222637143359803
47,0.0,0.0
47,0.1,1.399893686637732e-06
47,0.2,1.5255573927813238e-06
47,0.5,1.902548511212099e-06
47,1.0,2.5308670419300574e-06
47,2.0,3.787504103365975e-06
47,5.0,7.5574152876737265e-06
47,10.0,1.3840600594853313e-05
47,20.0,2.6406971209212487e-05
47,50.0,0.0003228041743592591
47,100.0,0.000385636027431055
47,200.0,0.0005112997592654489
47,500.0,0.0016765197819854638
47,800.0,0.0028627448896572094
47,1000.0,0.003114072431156134
47,1500.0,0.005063865323418293
47,2000.0,0.006798176514345222
47,3000.0,0.010385458583884843
47,5000.0,0.01849945336212011
47,7500.0,0.03297879158196304
47,10000.0,1.9633826129236307
47,15000.0,1.9721301997911187
47,20000.0,1.980022599905089
47,30000.0,1.994491915723732
47,40000.0,2.0080974010035257
47,50000.0,2.0212920157882017
48,0.0,0.0
48,0.1,1.2566370614359172e-07
48,0.2,2.5132741228718345e-07
48,0.5,6.283185307179586e-07
48,1.0,1.2566370614359173e-06
48,2.0,2.5132741228718346e-06
48,5.0,6.283185307179587e-06
48,10.0,1.2566370614359173e-05
48,20.0,2.5132741228718347e-05
48,50.0,8.443495212240304e-05
48,100.0,0.00014726680519419892
48,200.0,0.000272930513523173
48,500.0,0.0007169657346396408
48,800.0,0.0011475823304173405
48,1000.0,0.00141468079711915
48,1500.0,0.0021560137128590062
48,2000.0,0.002876174841382584
48,3000.0,0.004338609843651087
48,5000.0,0.007369642778103369
48,7500.0,0.011638409475540179
48,10000.0,0.017734941104783575
48,15000.0,1.978699854898149
48,20000.0,1.985079705225944
48,30000.0,1.9977536796813147
48,40000.0,2.010375920364373
48,50000.0,2.0229753229291756
49,0.0,0.0
49,0.1,8.215893110286032e-07
49,0.2,9.47253017172195e-07
49,0.5,1.3242441356029702e-06
49,1.0,1.9525626663209285e-06
49,2.0,3.209199727756846e-06
49,5.0,6.979110912064598e-06
49,10.0,1.3262296219244184e-05
49,20.0,2.5828666833603358e-05
49,50.0,6.46941894818509e-05
49,100.0,0.00013335809487047268
49,200.0,0.0002590218020270818
49,500.0,0.0006670845299225903
49,800.0,0.0010747159759986191
49,1000.0,0.0013260433930701865
49,1500.0,0.0020032923496361432
49,2000.0,0.002672650896910267
49,3000.0,0.004019395620278421
49,5000.0,0.006759159205300902
49,7500.0,0.010383792843215223
49,10000.0,0.014717535322523623
49,15000.0,1.9789040257401875
49,20000.0,1.9852301427843675
49,30000.0,1.9978449929576203
49,40000.0,2.0104369853894495
49,50000.0,2.023019038828834
50,0.0,0.0
50,0.1,1.733757020949689e-05
50,0.2,1.746323391564048e-05
50,0.5,1.7840225034071254e-05
50,1.0,1.8468543564789215e-05
50,2.0,1.972518062622513e-05
50,5.0,2.349509181053288e-05
50,10.0,2.977827711771247e-05
50,20.0,4.2344647732071646e-05
50,50.0,8.004375957514916e-05
50,100.0,0.00014287561567705165
50,200.0,0.00033052571033287403
50,500.0,0.0008267357546608567
50,800.0,0.0013568010979511103
50,1000.0,0.0016573334011750207
50,1500.0,0.0024879604233801755
50,2000.0,0.003331427833561107
50,3000.0,0.005054923151456503
50,5000.0,0.008786429662017481
50,7500.0,0.01478918812439578
50,10000.0,0.02980235860678704
50,15000.0,1.9783249372458696
50,20000.0,1.984807059204683
50,30000.0,1.9975917544642692
50,40000.0,2.0102695123524343
50,50000.0,2.0229003393783946
51,0.0,0.0
51,0.1,4.589238549179697e-07
51,0.2,5.845875610615615e-07
51,0.5,9.615786794923367e-07
51,1.0,1.5898972102102953e-06
51,2.0,2.8465342716462125e-06
51,5.0,6.616445455953964e-06
51,10.0,1.2899630763133551e-05
51,20.0,2.5466001377492724e-05
51,50.0,6.316519566995638e-05
51,100.0,0.0018124599487520099
51,200.0,0.0019381237841390453
51,500.0,0.006280509032410064
51,800.0,0.011102308013014373
51,1000.0,0.01135363610063822
51,1500.0,0.018888770451429227
51,2000.0,0.025235932374940706
51,3000.0,0.038123838396717735
51,5000.0,0.06507574402116734
51,7500.0,0.10285671065650792
51,10000.0,0.15144227935323118
51,15000.0,1.7159244789231622
51,20000.0,1.898407491517029
51,30000.0,1.9399051212836365
51,40000.0,1.9705315602172755
51,50000.0,1.9946192495306025
52,0.0,0.0
52,0.1,5.3525701649848045e-05
52,0.2,5.365136535599164e-05
52,0.5,5.4028356474422414e-05
52,1.0,5.465667500514037e-05
52,2.0,5.591331206657629e-05
52,5.0,5.968322325089481e-05
52,10.0,6.59664085580744e-05
52,20.0,7.853277917243358e-05
52,50.0,0.0001162318910155111
52,100.0,0.0001790637634502268
52,200.0,0.0007007875553941556
52,500.0,0.001752160023234528
52,800.0,0.0028066396007679906
52,1000.0,0.003248807559416922
52,1500.0,0.005305969018333689
52,2000.0,0.0071438261280708515
52,3000.0,0.011026847186204058
52,5000.0,0.020358692083161434
52,7500.0,0.04213717244765658
52,10000.0,1.4224552633823704
52,15000.0,1.9743930557496967
52,20000.0,1.9819132925937675
52,30000.0,1.9958455889917324
52,40000.0,2.00910551299574
52,50000.0,2.022070962503271
53,0.0,0.0
53,0.1,0.9781994429139159
53,0.2,0.9781995685776221
53,0.5,0.9781999455687406
53,1.0,0.9782005738872712
53,2.0,0.9782018305243326
53,5.0,0.978205600435517
53,10.0,0.9782118836208241
53,20.0,0.9782244499914385
53,50.0,0.9782621491032816
53,100.0,0.9783249809563535
53,200.0,0.978450644662497
53,500.0,0.9788412238837263
53,800.0,0.9792965343115057
53,1000.0,0.9795478617237929
53,1500.0,0.9801957354447801
53,2000.0,0.9808577713800896
53,3000.0,0.982160768354809
53,5000.0,0.9846893673759259
53,7500.0,0.9878309600295156
53,10000.0,0.9909725526831055
53,15000.0,0.9972557379902851
53,20000.0,1.0035389232974647
53,30000.0,1.0161052939118238
53,40000.0,1.028671664526183
53,50000.0,1.0412380351405421
54,0.0,0.0
54,0.1,1.2566370614359172e-07
54,0.2,2.5132741228718345e-07
54,0.5,6.283185307179586e-07
54,1.0,1.2566370614359173e-06
54,2.0,2.5132741228718346e-06
54,5.0,6.283185307179587e-06
54,10.0,1.2566370614359173e-05
54,20.0,2.5132741228718347e-05
54,50.0,0.00112441245319439
54,100.0,0.0011872443062661859
54,200.0,0.0013129081186969982
54,500.0,0.0049509576589661375
54,800.0,0.007214338778871676
54,1000.0,0.009965264283608444
54,1500.0,0.0150887520325369
54,2000.0,0.020417284553265858
54,3000.0,0.032030372816723385
54,5000.0,0.0650479263765037
54,7500.0,1.395283384659011
54,10000.0,1.4903721829531147
54,15000.0,1.959188846205515
54,20000.0,1.9707890683295701
54,30000.0,1.9892638190118186
54,40000.0,2.0048115047078485
54,50000.0,2.0190680722127983
55,0.0,0.0
55,0.1,3.899344801938653e-06
55,0.2,4.025008508082245e-06
55,0.5,4.40199962651302e-06
55,1.0,5.030318157230979e-06
55,2.0,6.286955218666896e-06
55,5.0,1.0056866402974648e-05
55,10.0,1.6340051710154235e-05
55,20.0,2.8906422324513408e-05
55,50.0,6.660553416759093e-05
55,100.0,0.00012943738850934583
55,200.0,0.0002810855846205884
55,500.0,0.0007013025069146916
55,800.0,0.0011228818716938482
55,1000.0,0.0013866869426472084
55,1500.0,0.0021077498021662144
55,2000.0,0.002815413671323208
55,3000.0,0.004241670344516502
55,5000.0,0.007185016658965981
55,7500.0,0.011255699404316477
55,10000.0,0.016784493032172665
55,15000.0,1.9787627822531677
55,20000.0,1.9851257931462216
55,30000.0,1.9977816735324363
55,40000.0,2.010394582933845
55,50000.0,2.0229886533380634
56,0.0,0.0
56,0.1,0.00014705418220350985
56,0.2,0.00014717984590965346
56,0.5,0.00014755683702808424
56,1.0,0.0001481851555588022
56,2.0,0.0001494417926202381
56,5.0,0.00015321170380455662
56,10.0,0.0001594948891117362
56,20.0,0.00017206125972609539
56,50.0,0.00020976037156917292
56,100.0,0.0002725922370486744
56,200.0,0.0006520531572090649
56,500.0,0.0016321471708617974
56,800.0,0.0027876633385103267
56,1000.0,0.00303899087531323
56,1500.0,0.00494075510438341
56,2000.0,0.006650218810329345
56,3000.0,0.010239902326765415
56,5000.0,0.01876250342380803
56,7500.0,0.0372817191484387
56,10000.0,1.9666954345620957
56,15000.0,1.97480943488315
56,20000.0,1.982213550200225
56,30000.0,1.9960206191731706
56,40000.0,2.009219115506909
56,50000.0,2.0221498275564342
57,0.0,0.0
57,0.1,0.00011064061007426407
57,0.2,0.00011076627378040765
57,0.5,0.00011114326489883844
57,1.0,0.00011177158342955639
57,2.0,0.0001130282204909923
57,5.0,0.00011679813167530006
57,10.0,0.00012308131698247964
57,20.0,0.0001356476875968388
57,50.0,0.00017334679943991634
57,100.0,0.00023617866920910835
57,200.0,0.0007033850243299833
57,500.0,0.0017587468126963879
57,800.0,0.002821087408593881
57,1000.0,0.0032642943551276504
57,1500.0,0.005327238857163241
57,2000.0,0.007174035181009231
57,3000.0,0.011063564614556709
57,5000.0,0.020436606344050423
57,7500.0,0.04233426641881288
57,10000.0,1.2724352363483806
57,15000.0,1.9743612392087364
57,20000.0,1.9818915032598736
57,30000.0,1.995832317397138
57,40000.0,2.0090972795090956
57,50000.0,2.0220650324317084
58,0.0,0.0
58,0.1,1.2566370614359172e-07
58,0.2,2.5132741228718345e-07
58,0.5,6.283185307179586e-07
58,1.0,1.2566370614359173e-06
58,2.0,2.5132741228718346e-06
58,5.0,6.283185307179587e-06
58,10.0,1.2566370614359173e-05
58,20.0,2.5132741228718347e-05
58,50.0,6.283185307179587e-05
58,100.0,0.0007354317605603455
58,200.0,0.0008610955136642007
58,500.0,0.0026788977610875397
58,800.0,0.004653243849123578
58,1000.0,0.004904571516239131
58,1500.0,0.008139072338283815
58,2000.0,0.010957361419516864
58,3000.0,0.016915260130230814
58,5000.0,0.03130589571012521
58,7500.0,0.06760249179250322
58,10000.0,1.9588690206881192
58,15000.0,1.9692920094792208
58,20000.0,1.9781451297306512
58,30000.0,1.9935749406844532
58,40000.0,2.0076005492773294
58,50000.0,2.021003657428712
59,0.0,0.0
59,0.1,1.2566370614359172e-07
59,0.2,2.5132741228718345e-07
59,0.5,6.283185307179586e-07
59,1.0,1.2566370614359173e-06
59,2.0,2.5132741228718346e-06
59,5.0,6.283185307179587e-06
59,10.0,1.2566370614359173e-05
59,20.0,2.5132741228718347e-05
59,50.0,6.283185307179587e-05
59,100.0,0.00012566370614359174
59,200.0,0.015402893079132784
59,500.0,0.04112252537784056
59,800.0,0.05895023660002885
59,1000.0,0.08334165458322984
59,1500.0,0.128461864359247
59,2000.0,0.1795264901888698
59,3000.0,1.4871465153455203
59,5000.0,1.6056260795544988
59,7500.0,1.7373146123703411
59,10000.0,1.8232201095728038
59,15000.0,1.9237389886237257
59,20000.0,1.9667815817765777
59,30000.0,1.9938179070781183
59,40000.0,2.008809852220624
59,50000.0,2.022150248806634
60,0.0,0.0
60,0.1,9.113885952038991e-06
60,0.2,9.239549658182582e-06
60,0.5,9.616540776613358e-06
60,1.0,1.0244859307331316e-05
60,2.0,1.1501496368767234e-05
60,5.0,1.5271407553074984e-05
60,10.0,2.1554592860254573e-05
60,20.0,3.412096347461375e-05
60,50.0,7.182019582818722e-05
60,100.0,0.0025996302217334843
60,200.0,0.002725294119964361
60,500.0,0.008995834477295572
60,800.0,0.015873172085778653
60,1000.0,0.0161245005309244
60,1500.0,0.027316086415838603
60,2000.0,0.036849716036903235
60,3000.0,0.05730746971499445
60,5000.0,0.11249695662946135
60,7500.0,0.8015068264842942
60,10000.0,1.5413563879410632
60,15000.0,1.6889698412529752
60,20000.0,1.9509435231637462
60,30000.0,1.9790580412685281
60,40000.0,1.9990635409354436
60,50000.0,2.0155514902900284
61,0.0,0.0
61,0.1,1.7527573735742763e-06
61,0.2,1.878421079717868e-06
61,0.5,2.2554121981486433e-06
61,1.0,2.8837307288666016e-06
61,2.0,4.140367790302519e-06
61,5.0,7.91027897461027e-06
61,10.0,1.4193464281789857e-05
61,20.0,2.675983489614903e-05
61,50.0,0.000470516834382928
61,100.0,0.0005333486874547239
61,200.0,0.0006590124345446924
61,500.0,0.002292306138179767
61,800.0,0.0036695285588682625
61,1000.0,0.004208763483326217
61,1500.0,0.006936826556429354
61,2000.0,0.009325876468958882
61,3000.0,0.014354498865242649
61,5000.0,0.0262350289838571
61,7500.0,0.05151055516558101
61,10000.0,1.4496462997889585
61,15000.0,1.9706560726129858
61,20000.0,1.9790991359654657
61,30000.0,1.9941000802350977
61,40000.0,2.0079242625276654
61,50000.0,2.0212198551085687
62,0.0,0.0
62,0.1,1.2566370614359172e-07
62,0.2,2.5132741228718345e-07
62,0.5,6.283185307179586e-07
62,1.0,1.2566370614359173e-06
62,2.0,2.5132741228718346e-06
62,5.0,6.283185307179587e-06
62,10.0,1.2566370614359173e-05
62,20.0,2.5132741228718347e-05
62,50.0,6.283185307179587e-05
62,100.0,0.00025829144355404843
62,200.0,0.00038395515985023554
62,500.0,0.0010724367158895243
62,800.0,0.0017954302546230316
62,1000.0,0.002046757721797965
62,1500.0,0.003236423505784236
62,2000.0,0.004338510651234806
62,3000.0,0.006610503154538261
62,5000.0,0.011627933065278429
62,7500.0,0.019850262948340358
62,10000.0,0.035142352565127766
62,15000.0,1.9771499208160228
62,20000.0,1.98393087903001
62,30000.0,1.997045256853857
62,40000.0,2.0098907327675497
62,50000.0,2.0226184796533184
63,0.0,0.0
63,0.1,4.68725624092059e-07
63,0.2,5.943893302356507e-07
63,0.5,9.71380448666426e-07
63,1.0,1.5996989793843845e-06
63,2.0,2.856336040820302e-06
63,5.0,6.6262472251280535e-06
63,10.0,1.290943253230764e-05
63,20.0,2.5475803146666813e-05
63,50.0,9.356039913499536e-05
63,100.0,0.00015639225220679125
63,200.0,0.00028205596144548206
63,500.0,0.0007540066218155728
63,800.0,0.0012070300610156348
63,1000.0,0.0014799213767444641
63,1500.0,0.002268645840756034
63,2000.0,0.0030326012830738103
63,3000.0,0.004586633817136643
63,5000.0,0.007877178371440308
63,7500.0,0.012855063855409798
63,10000.0,0.02255193186088167
63,15000.0,1.9786043366625594
63,20000.0,1.9850120534123388
63,30000.0,1.9977155115946106
63,40000.0,2.0103520040460703
63,50000.0,2.022959297032381
64,0.0,0.0
64,0.1,1.2566370614359172e-07
64,0.2,2.5132741228718345e-07
64,0.5,6.283185307179586e-07
64,1.0,1.2566370614359173e-06
64,2.0,2.5132741228718346e-06
64,5.0,6.283185307179587e-06
64,10.0,1.2566370614359173e-05
64,20.0,2.5132741228718347e-05
64,50.0,6.283185307179587e-05
64,100.0,0.0001263204246717553
64,200.0,0.00025198413085814053
64,500.0,0.0006302788846487273
64,800.0,0.0010086814577886516
64,1000.0,0.001260400940995221
64,1500.0,0.0018911013013368505
64,2000.0,0.0025214684022426548
64,3000.0,0.003782408440185847
64,5000.0,0.006304680586437628
64,7500.0,0.009458897918776299
64,10000.0,0.012615820537481781
64,15000.0,0.018945652480924835
64,20000.0,0.025333383428936207
64,30000.0,0.04331100933419374
64,40000.0,2.010473208040505
64,50000.0,2.0230444646239105
65,0.0,0.0
65,0.1,1.2566370614359172e-07
65,0.2,2.5132741228718345e-07
65,0.5,6.283185307179586e-07
65,1.0,1.2566370614359173e-06
65,2.0,2.5132741228718346e-06
65,5.0,6.283185307179587e-06
65,10.0,1.2566370614359173e-05
65,20.0,2.5132741228718347e-05
65,50.0,6.283185307179587e-05
65,100.0,0.00012566370614359174
65,200.0,0.0030970064579727286
65,500.0,0.004741297929594768
65,800.0,0.008369800234422242
65,1000.0,0.008621128138885603
65,1500.0,0.01428303680573384
65,2000.0,0.019074343985401865
65,3000.0,0.028781870079832794
65,5000.0,0.04902070136336112
65,7500.0,0.07696871936692196
65,10000.0,0.11091344607508125
65,15000.0,1.9003393200356609
65,20000.0,1.9209980700543925
65,30000.0,1.9534818350767282
65,40000.0,1.9785868605614847
65,50000.0,1.9993607493302
66,0.0,0.0
66,0.1,7.039680819387328e-07
66,0.2,8.296317880823246e-07
66,0.5,1.2066229065130998e-06
66,1.0,1.8349414372310584e-06
66,2.0,3.0915784986669757e-06
66,5.0,6.861489682974727e-06
66,10.0,1.3144674990154314e-05
66,20.0,2.5711045604513487e-05
66,50.0,6.34101735466075e-05
66,100.0,0.00045554224450383707
66,200.0,0.0005812059759002786
66,500.0,0.0017329877783219816
66,800.0,0.002976543475762372
66,1000.0,0.0034687004159354995
66,1500.0,0.005208774680104167
66,2000.0,0.006959748871328664
66,3000.0,0.010500825380046375
66,5000.0,0.01784270545702238
66,7500.0,0.02785294669603411
66,10000.0,0.0395319184624644
66,15000.0,0.07636014469622798
66,20000.0,1.9711709983339025
66,30000.0,1.987970857796388
66,40000.0,2.003147468218592
66,50000.0,2.0174292458141645
67,0.0,0.0
67,0.1,1.2566370614359172e-07
67,0.2,2.5132741228718345e-07
67,0.5,6.283185307179586e-07
67,1.0,1.2566370614359173e-06
67,2.0,2.5132741228718346e-06
67,5.0,6.283185307179587e-06
67,10.0,1.2566370614359173e-05
67,20.0,2.5132741228718347e-05
67,50.0,6.283185307179587e-05
67,100.0,0.00023321851824942286
67,200.0,0.0003588822328423058
67,500.0,0.000995100752854694
67,800.0,0.0016567352221523723
67,1000.0,0.0019080626800116463
67,1500.0,0.0030024552790535175
67,2000.0,0.0040268045772700045
67,3000.0,0.006140508317088567
67,5000.0,0.010856788695863484
67,7500.0,0.019183664235496778
67,10000.0,1.3955348717233695
67,15000.0,1.977598988850298
67,20000.0,1.9842702554960732
67,30000.0,1.9972647380582058
67,40000.0,2.0100497174694403
67,50000.0,2.0227426288796817
68,0.0,0.0
68,0.1,1.2566370614359172e-07
68,0.2,2.5132741228718345e-07
68,0.5,6.283185307179586e-07
68,1.0,1.2566370614359173e-06
68,2.0,2.5132741228718346e-06
68,5.0,6.283185307179587e-06
68,10.0,1.2566370614359173e-05
68,20.0,2.5132741228718347e-05
68,50.0,0.0002462229525436177
68,100.0,0.0003090548056154136
68,200.0,0.00043471853017029716
68,500.0,0.0013765954312173756
68,800.0,0.0023331553063078436
68,1000.0,0.0025844828119051533
68,1500.0,0.004167101474947366
68,2000.0,0.005599459305901999
68,3000.0,0.008602428535923745
68,5000.0,0.01562734882852379
68,7500.0,0.02986768067390244
68,10000.0,1.968377907107914
68,15000.0,1.9759926553922884
68,20000.0,1.9830882013001165
68,30000.0,1.9965505125855545
68,40000.0,2.0095730574099573
68,50000.0,2.022402409399719
69,0.0,0.0
69,0.1,1.2566370614359172e-07
69,0.2,2.5132741228718345e-07
69,0.5,6.283185307179586e-07
69,1.0,1.2566370614359173e-06
69,2.0,2.5132741228718346e-06
69,5.0,6.283185307179587e-06
69,10.0,1.2566370614359173e-05
69,20.0,2.5132741228718347e-05
69,50.0,6.283185307179587e-05
69,100.0,0.00012566370614359174
69,200.0,0.0002513274122871835
69,500.0,0.0006283185307179586
69,800.0,0.001005309649148734
69,1000.0,0.0012566370614359172
69,1500.0,0.0018849555921538759
69,2000.0,0.0025132741228718345
69,3000.0,0.0037699111843077517
69,5000.0,0.03610683664892034
69,7500.0,0.057186838105890536
69,10000.0,0.08362929159599364
69,15000.0,1.9357211570849886
69,20000.0,1.9504711376469581
69,30000.0,1.9742830015474802
69,40000.0,1.993643123506792
69,50000.0,2.010551205778565
70,0.0,0.0
70,0.1,5.667433149447731e-07
70,0.2,6.924070210883649e-07
70,0.5,1.0693981395191401e-06
70,1.0,1.6977166702370987e-06
70,2.0,2.954353731673016e-06
70,5.0,6.724264915980768e-06
70,10.0,1.3007450223160354e-05
70,20.0,2.5573820837519528e-05
70,50.0,6.327293268059705e-05
70,100.0,0.00012610481369901283
70,200.0,0.0008234076952958747
70,500.0,0.0021423586470399325
70,800.0,0.0031788129065323245
70,1000.0,0.0043053206594476645
70,1500.0,0.006510998507076149
70,2000.0,0.00876984169045969
70,3000.0,0.013571680577417755
70,5000.0,0.025442830403684447
70,7500.0,0.06198220640830365
70,10000.0,1.433980743187784
70,15000.0,1.9726340695455438
70,20000.0,1.980616057804761
70,30000.0,1.9950622708524406
70,40000.0,2.008584294091011
70,50000.0,2.0216997204167098
71,0.0,0.0
71,0.1,1.0666335378273217e-06
71,0.2,1.1922972439709135e-06
71,0.5,1.5692883624016887e-06
71,1.0,2.197606893119647e-06
71,2.0,3.4542439545555646e-06
71,5.0,7.224155138863316e-06
71,10.0,1.3507340446042903e-05
71,20.0,2.6073711060402076e-05
71,50.0,0.00013908961650788143
71,100.0,0.00020192146957967731
71,200.0,0.00032758518332354214
71,500.0,0.0009377603957675396
71,800.0,0.0015015340208148764
71,1000.0,0.0018053401327824403
71,1500.0,0.0028252883038766274
71,2000.0,0.003783093377706659
71,3000.0,0.005762022793935007
71,5000.0,0.010122685213810545
71,7500.0,0.017510061185800563
71,10000.0,1.3901328035848932
71,15000.0,1.9778187739096635
71,20000.0,1.9844307398684864
71,30000.0,1.9973610600381968
71,40000.0,2.0101136544131197
71,50000.0,2.0227880796930937
72,0.0,0.0
72,0.1,1.2566370614359172e-07
72,0.2,2.5132741228718345e-07
72,0.5,6.283185307179586e-07
72,1.0,1.2566370614359173e-06
72,2.0,2.5132741228718346e-06
72,5.0,6.283185307179587e-06
72,10.0,1.2566370614359173e-05
72,20.0,0.0004675845702917236
72,50.0,0.000505283709306692
72,100.0,0.0005681155623784879
72,200.0,0.0006937793208688925
72,500.0,0.002676849190527353
72,800.0,0.004641099457234454
72,1000.0,0.0048924271240328165
72,1500.0,0.008123683560869899
72,2000.0,0.010953911204752087
72,3000.0,0.01699312539331177
72,5000.0,0.031667443753903624
72,7500.0,0.06377450894862935
72,10000.0,1.9627131755615108
72,15000.0,1.9722982609706583
72,20000.0,1.9805104829217473
72,30000.0,1.9951036343210458
72,40000.0,2.0086467313574587
72,50000.0,2.0217541594465853
73,0.0,0.0
73,0.1,1.1548494597279912e-06
73,0.2,1.280513165871583e-06
73,0.5,1.6575042843023582e-06
73,1.0,2.2858228150203166e-06
73,2.0,3.542459876456234e-06
73,5.0,7.312371060763986e-06
73,10.0,1.3595556367943572e-05
73,20.0,2.6161926982302746e-05
73,50.0,6.386111966150132e-05
73,100.0,0.0017801533178670725
73,200.0,0.0019058171513903766
73,500.0,0.006191018873284437
73,800.0,0.010921602598270241
73,1000.0,0.011172930680146576
73,1500.0,0.01864928382825104
73,2000.0,0.02496154165573128
73,3000.0,0.03789437901193515
73,5000.0,0.06572157275170065
73,7500.0,0.10880324785528472
73,10000.0,1.5738715310526659
73,15000.0,1.913668412657687
73,20000.0,1.935086505522402
73,30000.0,1.9668053893151844
73,40000.0,1.9900513137595692
73,50000.0,2.008900037896627
74,0.0,0.0
74,0.1,1.2566370614359172e-07
74,0.2,2.5132741228718345e-07
74,0.5,6.283185307179586e-07
74,1.0,1.2566370614359173e-06
74,2.0,2.5132741228718346e-06
74,5.0,6.283185307179587e-06
74,10.0,1.2566370614359173e-05
74,20.0,2.5132741228718347e-05
74,50.0,0.00013070910394519242
74,100.0,0.0001935409570169883
74,200.0,0.00031920466999380004
74,500.0,0.0009058458379976875
74,800.0,0.001498485660368476
74,1000.0,0.0017498131068410805
74,1500.0,0.0027277509002939793
74,2000.0,0.0036495442645055887
74,3000.0,0.005531347948954601
74,5000.0,0.009550065876832492
74,7500.0,0.015609841239839772
74,10000.0,0.025054176511264514
74,15000.0,1.9776260711336233
74,20000.0,1.9842656976773352
74,30000.0,1.9972372833021852
74,40000.0,2.010016607094185
74,50000.0,2.0227088127767474
75,0.0,0.0
75,0.1,1.98799983142095e-06
75,0.2,2.113663537564542e-06
75,0.5,2.490654655995317e-06
75,1.0,3.1189731867132755e-06
75,2.0,4.375610248149193e-06
75,5.0,8.145521432456945e-06
75,10.0,1.4428706739636531e-05
75,20.0,0.0004924810623549991
75,50.0,0.0005301802027680713
75,100.0,0.0005930120558398672
75,200.0,0.0007186758168853391
75,500.0,0.0027801402400722264
75,800.0,0.004830155979234085
75,1000.0,0.0050814836579050615
75,1500.0,0.008434164396706523
75,2000.0,0.011355577910023729
75,3000.0,0.017498857472995066
75,5000.0,0.03224092565668735
75,7500.0,0.06777519897319817
75,10000.0,1.4577742021577775
75,15000.0,1.9680228176495138
75,20000.0,1.9771574054259893
75,30000.0,1.9929387960983125
75,40000.0,2.0071612339630382
75,50000.0,2.0206839236554197
76,0.0,0.0
76,0.1,1.2566370614359172e-07
76,0.2,2.5132741228718345e-07
76,0.5,6.283185307179586e-07
76,1.0,1.2566370614359173e-06
76,2.0,2.5132741228718346e-06
76,5.0,6.283185307179587e-06
76,10.0,1.2566370614359173e-05
76,20.0,2.5132741228718347e-05
76,50.0,0.0002647482961033454
76,100.0,0.0003275801553955793
76,200.0,0.0005804806530486095
76,500.0,0.0019795610956113707
76,800.0,0.003399019279518356
76,1000.0,0.003650346859559117
76,1500.0,0.005994317851877207
76,2000.0,0.008077689728010484
76,3000.0,0.012481468971893284
76,5000.0,0.023222151444620476
76,7500.0,0.050581866924607644
76,10000.0,1.4290088832491645
76,15000.0,1.9734043905486511
76,20000.0,1.981189833787246
76,30000.0,1.99541394850838
76,40000.0,2.008821065638993
76,50000.0,2.021869732138195
77,0.0,0.0
77,0.1,4.825234988514726e-05
77,0.2,4.8378013591290857e-05
77,0.5,4.875500470972163e-05
77,1.0,4.938332324043959e-05
77,2.0,5.063996030187551e-05
77,5.0,5.440987148618326e-05
77,10.0,6.069305679336284e-05
77,20.0,7.325942740772202e-05
77,50.0,0.00011095853925079954
77,100.0,0.00017379039962539533
77,200.0,0.00044883306890208807
77,500.0,0.0011224845514146153
77,800.0,0.0018774710618159052
77,1000.0,0.0021287985366713613
77,1500.0,0.003397015689396987
77,2000.0,0.004566940897538951
77,3000.0,0.007022138275479262
77,5000.0,0.012835246338684825
77,7500.0,0.025991923968751607
77,10000.0,1.467012284837731
77,15000.0,1.9774376223344463
77,20000.0,1.9841668370234053
77,30000.0,1.9972142099417953
77,40000.0,2.01002095907629
77,50000.0,2.022724495601027
78,0.0,0.0
78,0.1,7.529769273650899e-07
78,0.2,8.786406335086817e-07
78,0.5,1.255631751939457e-06
78,1.0,1.8839502826574155e-06
78,2.0,3.1405873440933327e-06
78,5.0,6.910498528401084e-06
78,10.0,1.3193683835580671e-05
78,20.0,2.5760054449939844e-05
78,50.0,6.34591663410955e-05
78,100.0,0.00012728099813308358
78,200.0,0.00025481684257722126
78,500.0,0.0006470791179095103
78,800.0,0.0010384788364699027
78,1000.0,0.0012936779486542038
78,1500.0,0.0019411001252012117
78,2000.0,0.0025885517131913893
78,3000.0,0.0038839645720490923
78,5000.0,0.006478799209681085
78,7500.0,0.009734709897626037
78,10000.0,0.013015046576928202
78,15000.0,0.019716424511230013
78,20000.0,0.02690183301376503
78,30000.0,1.9977478966361764
78,40000.0,2.0103607178216873
78,50000.0,2.022958218843181
79,0.0,0.0
79,0.1,1.2566370614359172e-07
79,0.2,2.5132741228718345e-07
79,0.5,6.283185307179586e-07
79,1.0,1.2566370614359173e-06
79,2.0,2.5132741228718346e-06
79,5.0,6.283185307179587e-06
79,10.0,1.2566370614359173e-05
79,20.0,2.5132741228718347e-05
79,50.0,6.283185307179587e-05
79,100.0,0.00012566370614359174
79,200.0,0.004581523550789224
79,500.0,0.004958515230744087
79,800.0,0.01222690418654726
79,1000.0,0.012478232382792664
79,1500.0,0.02112425991145017
79,2000.0,0.02848117098312708
79,3000.0,0.04432536920438879
79,5000.0,0.08678201592042989
79,7500.0,1.433424057700424
79,10000.0,1.5117609781808725
79,15000.0,1.9415708138733399
79,20000.0,1.9577455203941967
79,30000.0,1.9816082064913145
79,40000.0,1.9999389959480975
79,50000.0,2.0157560241753023
80,0.0,0.0
80,0.1,6.444487240409025e-05
80,0.2,6.457053611023383e-05
80,0.5,6.494752722866462e-05
80,1.0,6.557584575938257e-05
80,2.0,6.683248282081848e-05
80,5.0,7.060239400512624e-05
80,10.0,7.688557931230583e-05
80,20.0,8.945194992666499e-05
80,50.0,0.00012715106176974252
80,100.0,0.00018998292473892953
80,200.0,0.0005181021742254321
80,500.0,0.0012911828007658999
80,800.0,0.0020673901929637584
80,1000.0,0.002592137966868302
80,1500.0,0.0039018165982271924
80,2000.0,0.005243272799475007
80,3000.0,0.008043149376496972
80,5000.0,0.01454529235210189
80,7500.0,0.027418277408699288
80,10000.0,1.2927254821267886
80,15000.0,1.9763537623526815
80,20000.0,1.9833521237462723
80,30000.0,1.9967095658845864
80,40000.0,2.009678818504863
80,50000.0,2.022477912443618
81,0.0,0.0
81,0.1,1.2566370614359172e-07
81,0.2,2.5132741228718345e-07
81,0.5,6.283185307179586e-07
81,1.0,1.2566370614359173e-06
81,2.0,2.5132741228718346e-06
81,5.0,6.283185307179587e-06
81,10.0,1.2566370614359173e-05
81,20.0,2.5132741228718347e-05
81,50.0,0.00015085173940287966
81,100.0,0.00021368359247467554
81,200.0,0.0003393473073930453
81,500.0,0.0009855538292420363
81,800.0,0.0016406897261695974
81,1000.0,0.0018920171831586785
81,1500.0,0.002977509776858067
81,2000.0,0.003994086269930919
81,3000.0,0.006085775236934765
81,5000.0,0.01075389952761785
81,7500.0,0.018898903242479004
81,10000.0,1.3937121545377287
81,15000.0,1.9776221014207747
81,20000.0,1.9842864676229772
81,30000.0,1.9972734322269086
81,40000.0,2.0100552064605184
81,50000.0,2.0227462261299767
82,0.0,0.0
82,0.1,1.2566370614359172e-07
82,0.2,2.5132741228718345e-07
82,0.5,6.283185307179586e-07
82,1.0,1.2566370614359173e-06
82,2.0,2.5132741228718346e-06
82,5.0,6.283185307179587e-06
82,10.0,1.2566370614359173e-05
82,20.0,2.5132741228718347e-05
82,50.0,6.283185307179587e-05
82,100.0,0.00012566370614359174
82,200.0,0.0002513274122871835
82,500.0,0.0006283185307179586
82,800.0,0.001005309649148734
82,1000.0,0.0012566370614359172
82,1500.0,0.009663639327321616
82,2000.0,0.026862900761957964
82,3000.0,0.061666386478298696
82,5000.0,0.1598250518874349
82,7500.0,0.2660555768642825
82,10000.0,1.6030503057229888
82,15000.0,1.705927553530179
82,20000.0,1.8005029533364574
82,30000.0,1.8976285689062515
82,40000.0,1.9741900942927115
82,50000.0,2.0104988732390563
83,0.0,0.0
83,0.1,1.164651228680036e-06
83,0.2,1.2903149348236276e-06
83,0.5,1.667306053254403e-06
83,1.0,2.2956245839723612e-06
83,2.0,3.5522616454082787e-06
83,5.0,7.32217282971603e-06
83,10.0,1.3605358136895617e-05
83,20.0,2.617172875125479e-05
83,50.0,0.0006831466110178708
83,100.0,0.0007459784640896667
83,200.0,0.0008716422319343664
83,500.0,0.0031417176868905328
83,800.0,0.005035326695048914
83,1000.0,0.005723607396231789
83,1500.0,0.009528120234455373
83,2000.0,0.012828107560970081
83,3000.0,0.019793745736580548
83,5000.0,0.036594910612697706
83,7500.0,0.08045984466640543
83,10000.0,1.9547771076365112
83,15000.0,1.9663769144575134
83,20000.0,1.9759888384577722
83,30000.0,1.9922813032663642
83,40000.0,2.0067499811075553
83,50000.0,2.02040635708493
84,0.0,0.0
84,0.1,9.098052327072281e-07
84,0.2,1.0354689388508199e-06
84,0.5,1.4124600572815951e-06
84,1.0,2.0407785879995535e-06
84,2.0,3.297415649435471e-06
84,5.0,7.067326833743223e-06
84,10.0,1.335051214092281e-05
84,20.0,2.5916882755281983e-05
84,50.0,0.00011781977760605411
84,100.0,0.00018065163067785
84,200.0,0.0003063153421631881
84,500.0,0.0008471920479056205
84,800.0,0.0013916953862507242
84,1000.0,0.0016430228257278134
84,1500.0,0.0025494175145606146
84,2000.0,0.0034145468393876888
84,3000.0,0.005179307604132544
84,5000.0,0.00900205877662097
84,7500.0,0.01511121544439531
84,10000.0,0.028636173709733814
84,15000.0,1.9782051596319787
84,20000.0,1.984716304621216
84,30000.0,1.997534884602613
84,40000.0,2.0102299720138417
84,50000.0,2.022871345739644
85,0.0,0.0
85,0.1,0.00014868127587075453
85,0.2,0.00014880693957689813
85,0.5,0.0001491839306953289
85,1.0,0.00014981224922604687
85,2.0,0.00015106888628748277
85,5.0,0.00015483879747179053
85,10.0,0.00016112198277897012
85,20.0,0.0001736883533933293
85,50.0,0.0002113874652364068
85,100.0,0.0002742193183082027
85,200.0,0.00039988304722649026
85,500.0,0.0014756423020723108
85,800.0,0.002362364646358084
85,1000.0,0.002962409614487571
85,1500.0,0.00446521248071885
85,2000.0,0.0060054486023222164
85,3000.0,0.00922482128659885
85,5000.0,0.016776919890200692
85,7500.0,0.03221653739398955
85,10000.0,1.4227487368965555
85,15000.0,1.9754977738918356
85,20000.0,1.9827200468379456
85,30000.0,1.996325718824234
85,40000.0,2.0094215024474638
85,50000.0,2.022293570532313
86,0.0,0.0
86,0.1,9.584370867621317e-06
86,0.2,9.710034573764907e-06
86,0.5,1.0087025692195684e-05
86,1.0,1.0715344222913641e-05
86,2.0,1.197198128434956e-05
86,5.0,1.574189246865731e-05
86,10.0,2.2025077775836898e-05
86,20.0,3.4591448390196075e-05
86,50.0,7.229065380887079e-05
86,100.0,0.002049162870245591
86,200.0,0.0021748267244242614
86,500.0,0.007093771662933568
86,800.0,0.012507764077742678
86,1000.0,0.01275909229599359
86,1500.0,0.021630178219662732
86,2000.0,0.029236367954419196
86,3000.0,0.0457867249376509
86,5000.0,0.0935936571267324
86,7500.0,1.4286200441896844
86,10000.0,1.5217489594532734
86,15000.0,1.9425816800690843
86,20000.0,1.9584075515241648
86,30000.0,1.9818638954131491
86,40000.0,2.0000149204734514
86,50000.0,2.0157536717938798
87,0.0,0.0
87,0.1,1.2566370614359172e-07
87,0.2,2.5132741228718345e-07
87,0.5,6.283185307179586e-07
87,1.0,1.2566370614359173e-06
87,2.0,2.5132741228718346e-06
87,5.0,6.283185307179587e-06
87,10.0,1.2566370614359173e-05
87,20.0,2.5132741228718347e-05
87,50.0,6.283185307179587e-05
87,100.0,0.00012566370614359174
87,200.0,0.006151120129266885
87,500.0,0.009251082363928353
87,800.0,0.016349832116100194
87,1000.0,0.016601160589481356
87,1500.0,0.02808151636139644
87,2000.0,0.037882665708465324
87,3000.0,0.058738459390790365
87,5000.0,0.11400593897632372
87,7500.0,1.869885538048876
87,10000.0,1.889584465515967
87,15000.0,1.9199069447492079
87,20000.0,1.9421819570447998
87,30000.0,1.973238446990499
87,40000.0,1.9951229942924877
87,50000.0,2.0127854010030584
88,0.0,0.0
88,0.1,1.2566370614359172e-07
88,0.2,2.5132741228718345e-07
88,0.5,6.283185307179586e-07
88,1.0,1.2566370614359173e-06
88,2.0,2.5132741228718346e-06
88,5.0,6.283185307179587e-06
88,10.0,1.2566370614359173e-05
88,20.0,2.5132741228718347e-05
88,50.0,6.283185307179587e-05
88,100.0,0.00012566370614359174
88,200.0,0.0007612448570044617
88,500.0,0.0015036460294087783
88,800.0,0.0032872203014010504
88,1000.0,0.0035385478742530063
88,1500.0,0.005808995804814865
88,2000.0,0.007815982476421124
88,3000.0,0.012044114015306806
88,5000.0,0.022180458656278823
88,7500.0,0.045405278275982286
88,10000.0,1.426878899643659
88,15000.0,1.9732820742731731
88,20000.0,1.9810733887698644
88,30000.0,1.9953200965724658
88,40000.0,2.0087477974125996
88,50000.0,2.02181150962157
89,0.0,0.0
89,0.1,9.512440962189395e-05
89,0.2,9.525007332803753e-05
89,0.5,9.562706444646831e-05
89,1.0,9.625538297718627e-05
89,2.0,9.751202003862218e-05
89,5.0,0.00010128193122294071
89,10.0,0.0001075651165301203
89,20.0,0.00012013148714447948
89,50.0,0.000157830598987557
89,100.0,0.0002206624664916612
89,200.0,0.0006415358587040787
89,500.0,0.00161294548954094
89,800.0,0.0025758471875142464
89,1000.0,0.003230154753062764
89,1500.0,0.004880307597613709
89,2000.0,0.006562130307204095
89,3000.0,0.010106706084701433
89,5000.0,0.018568291173526097
89,7500.0,0.03746641387846639
89,10000.0,1.4188939962884
89,15000.0,1.9750237603584522
89,20000.0,1.9823775338030996
89,30000.0,1.9961242826782422
89,40000.0,2.0092906684251286
89,50000.0,2.022202061194508
90,0.0,0.0
90,0.1,0.00017267600657655535
90,0.2,0.00017280167028269896
90,0.5,0.00017317866140112973
90,1.0,0.0001738069799318477
90,2.0,0.0001750636169932836
90,5.0,0.00017883352817759136
90,10.0,0.00018511671348477095
90,20.0,0.00019768308409913012
90,50.0,0.00023538219594220763
90,100.0,0.0002982140490140035
90,200.0,0.00042387777827301854
90,500.0,0.001510085732970956
90,800.0,0.002572975190368809
90,1000.0,0.002824302712673643
90,1500.0,0.004577795597232148
90,2000.0,0.006155415678862908
90,3000.0,0.009473266737952013
90,5000.0,0.017338463229184753
90,7500.0,0.03431895803162166
90,10000.0,1.4153213887359875
90,15000.0,1.9754342486295258
90,20000.0,1.9826776051752442
90,30000.0,1.9963040569160095
90,40000.0,2.0094096619092108
90,50000.0,2.0222864936524108
91,0.0,0.0
91,0.1,1.2566370614359172e-07
91,0.2,2.5132741228718345e-07
91,0.5,6.283185307179586e-07
91,1.0,1.2566370614359173e-06
91,2.0,2.5132741228718346e-06
91,5.0,6.283185307179587e-06
91,10.0,0.00026358966119943705
91,20.0,0.00027615604734698707
91,50.0,0.00031385515919013507
91,100.0,0.00037668701226193095
91,200.0,0.000502350750265057
91,500.0,0.0018568429222672878
91,800.0,0.002975955420796317
91,1000.0,0.0037298195603945317
91,1500.0,0.005635465289592023
91,2000.0,0.007593629337766528
91,3000.0,0.011749217992964023
91,5000.0,0.02195037192652005
91,7500.0,0.0498471459112626
91,10000.0,1.4349176436805933
91,15000.0,1.974217898145235
91,20000.0,1.9817993862277796
91,30000.0,1.9957887191310886
91,40000.0,2.009072873101732
91,50000.0,2.0220499769092477
92,0.0,0.0
92,0.1,1.7037485282589415e-06
92,0.2,1.8294122344025333e-06
92,0.5,2.2064033528333085e-06
92,1.0,2.834721883551267e-06
92,2.0,4.091358944987184e-06
92,5.0,7.861270129294936e-06
92,10.0,1.4144455436474523e-05
92,20.0,2.6710826050833696e-05
92,50.0,6.44099496460715e-05
92,100.0,0.0003676301776326385
92,200.0,0.0004932939026690564
92,500.0,0.001449942074106536
92,800.0,0.00246626333040334
92,1000.0,0.002717590844894646
92,1500.0,0.004391169914962023
92,2000.0,0.005901300210294891
92,3000.0,0.9645691188074382
92,5000.0,1.0315152603615787
92,7500.0,1.1289542296455308
92,10000.0,1.2904876384954134
92,15000.0,1.9756525144145083
92,20000.0,1.9828353744577694
92,30000.0,1.9963964875936822
92,40000.0,2.0094697467576372
92,50000.0,2.0223284844411227
93,0.0,0.0
93,0.1,1.0319503548683606e-05
93,0.2,1.0445167254827197e-05
93,0.5,1.0822158373257973e-05
93,1.0,1.145047690397593e-05
93,2.0,1.2707113965411849e-05
93,5.0,1.64770251497196e-05
93,10.0,2.2760210456899187e-05
93,20.0,3.5326581071258364e-05
93,50.0,7.302569438993878e-05
93,100.0,0.00016604699575406556
93,200.0,0.0003122552135503831
93,500.0,0.000832430580029464
93,800.0,0.0013322280697604105
93,1000.0,0.001667997726723991
93,1500.0,0.0025067112075275455
93,2000.0,0.003355148115978701
93,3000.0,0.005091385732744369
93,5000.0,0.008832233328579742
93,7500.0,0.014781013449657987
93,10000.0,0.02790741222761972
93,15000.0,1.9782633233275566
93,20000.0,1.9847598930901003
93,30000.0,1.9975618002592972
93,40000.0,2.0102486541867175
93,50000.0,2.0228850878226163
94,0.0,0.0
94,0.1,7.137698511128221e-07
94,0.2,8.394335572564138e-07
94,0.5,1.216424675687189e-06
94,1.0,1.8447432064051476e-06
94,2.0,3.101380267841065e-06
94,5.0,6.8712914521488166e-06
94,10.0,1.3154476759328403e-05
94,20.0,2.5720847373687577e-05
94,50.0,6.34199611573294e-05
94,100.0,0.0001659489770589051
94,200.0,0.0002916126863719004
94,500.0,0.0007658373593065759
94,800.0,0.0012460116990069547
94,1000.0,0.001530988591935123
94,1500.0,0.002302207098301867
94,2000.0,0.003076326977064614
94,3000.0,0.004652129239530733
94,5000.0,0.00798461556076846
94,7500.0,0.012958737167007683
94,10000.0,0.021590633290937022
94,15000.0,1.9785261381516532
94,20000.0,1.9849529977512868
94,30000.0,1.9976783236844349
94,40000.0,2.010326480237956
94,50000.0,2.022940644262035
95,0.0,0.0
95,0.1,7.82065561912848e-05
95,0.2,7.833221989742839e-05
95,0.5,7.870921101585917e-05
95,1.0,7.933752954657712e-05
95,2.0,8.059416660801304e-05
95,5.0,8.43640777923208e-05
95,10.0,9.064726309950039e-05
95,20.0,0.00010321363371385955
95,50.0,0.00014091274555693708
95,100.0,0.00020374461065342242
95,200.0,0.0005753739140281766
95,500.0,0.0014427377724690604
95,800.0,0.0024423176085429654
95,1000.0,0.0026936451217182134
95,1500.0,0.00435376636432383
95,2000.0,0.005853423156914284
95,3000.0,0.009001311540942525
95,5000.0,0.016394121606464473
95,7500.0,0.031754383982896095
95,10000.0,1.4210089426453698
95,15000.0,1.9757530511567003
95,20000.0,1.9829137298025112
95,30000.0,1.996446770666794
95,40000.0,2.009504592048609
95,50000.0,2.0223538220194337
96,0.0,0.0
96,0.1,0.00017556752845493406
96,0.2,0.00017569319216107767
96,0.5,0.00017607018327950845
96,1.0,0.0001766985018102264
96,2.0,0.0001779551388716623
96,5.0,0.00018172505005597007
96,10.0,0.00018800823536314966
96,20.0,0.00020057460597750883
96,50.0,0.00023827371782058634
96,100.0,0.0003011055708923822
96,200.0,0.00042676930173102257
96,500.0,0.0015614470059641672
96,800.0,0.002661377389176711
96,1000.0,0.003135057984254952
96,1500.0,0.004732016633878788
96,2000.0,0.006365702845890997
96,3000.0,0.009818583074883258
96,5000.0,0.01804958156237091
96,7500.0,0.03660008452274233
96,10000.0,1.4224150264455437
96,15000.0,1.9753206951400273
96,20000.0,1.982600082979174
96,30000.0,1.9962622817785114
96,40000.0,2.0093836872192115
96,50000.0,2.022269124912858
97,0.0,0.0
97,0.1,1.2566370614359172e-07
97,0.2,2.5132741228718345e-07
97,0.5,6.283185307179586e-07
97,1.0,1.2566370614359173e-06
97,2.0,2.5132741228718346e-06
97,5.0,6.283185307179587e-06
97,10.0,1.2566370614359173e-05
97,20.0,2.5132741228718347e-05
97,50.0,6.283185307179587e-05
97,100.0,0.0004062099407282638
97,200.0,0.0005318736688488812
97,500.0,0.001583148110765209
97,800.0,0.002536542090660454
97,1000.0,0.003176294028687243
97,1500.0,0.004792846412539853
97,2000.0,0.0064470183255879165
97,3000.0,0.009934832057985954
97,5000.0,0.01822019115295581
97,7500.0,0.03641467426328571
97,10000.0,1.279466269159848
97,15000.0,1.9751167889450008
97,20000.0,1.9824447739421485
97,30000.0,1.9961638328144427
97,40000.0,2.009316349061818
97,50000.0,2.022220410110267
98,0.0,0.0
98,0.1,7.627786965391792e-07
98,0.2,8.884424026827709e-07
98,0.5,1.2654335211135462e-06
98,1.0,1.8937520518315047e-06
98,2.0,3.150389113267422e-06
98,5.0,6.920300297575174e-06
98,10.0,1.320348560475476e-05
98,20.0,2.5769856219113934e-05
98,50.0,6.346896806219145e-05
98,100.0,0.00012630097843824295
98,200.0,0.00346954242454367
98,500.0,0.009077218343310434
98,800.0,0.013222049330441132
98,1000.0,0.018252503626918992
98,1500.0,0.02762184282325053
98,2000.0,0.03728940383835588
98,3000.0,0.05819815661916494
98,5000.0,0.11779794921999265
98,7500.0,0.8497036584879206
98,10000.0,1.9021752992280951
98,15000.0,1.929855044123812
98,20000.0,1.9499811171454486
98,30000.0,1.9780597801192377
98,40000.0,1.9982192361316007
98,50000.0,2.0148750799150767
99,0.0,0.0
99,0.1,2.432849353084521e-07
99,0.2,3.6894864145204383e-07
99,0.5,7.45939759882819e-07
99,1.0,1.3742582906007776e-06
99,2.0,2.630895352036695e-06
99,5.0,6.400806536344447e-06
99,10.0,1.2683991843524033e-05
99,20.0,2.5250362457883207e-05
99,50.0,6.294947430096073e-05
99,100.0,0.0001257814699454629
99,200.0,0.003167696844971424
99,500.0,0.005683326738341599
99,800.0,0.014050092045892915
99,1000.0,0.014301420327046843
99,1500.0,0.0238158256897546
99,2000.0,0.03182480929796394
99,3000.0,0.04803642650686857
99,5000.0,0.08183708255027167
99,7500.0,0.12887524191388067
99,10000.0,0.18874855601750917
99,15000.0,1.744417674016908
99,20000.0,1.8687951584455824
99,30000.0,1.9230660752370432
99,40000.0,1.9616064015824488
99,50000.0,1.9902194681384362
100,0.0,0.0
100,0.1,3.8050970230241177e-07
100,0.2,5.061734084460035e-07
100,0.5,8.831645268767787e-07
100,1.0,1.5114830575947373e-06
100,2.0,2.7681201190306546e-06
100,5.0,6.538031303349179e-06
100,10.0,1.2821216610528765e-05
100,20.0,2.5387587224887937e-05
100,50.0,0.0010196413435069607
100,100.0,0.0010824731965787566
100,200.0,0.001208136997744802
100,500.0,0.004500566355800317
100,800.0,0.00659241647115516
100,1000.0,0.009038359941255902
100,1500.0,0.013656850801138876
100,2000.0,0.018429132774032464
100,3000.0,0.02854613771151404
100,5000.0,0.05409235212784669
100,7500.0,0.9878183227506632
100,10000.0,1.4796362957879314
100,15000.0,1.9582947288482857
100,20000.0,1.9700188747054215
100,30000.0,1.9887291913427796
100,40000.0,2.0044379004578596
100,50000.0,2.0187978079770033
101,0.0,0.0
101,0.1,5.3733800764455e-07
101,0.2,6.630017137881417e-07
101,0.5,1.039992832218917e-06
101,1.0,1.6683113629368755e-06
101,2.0,2.924948424372793e-06
101,5.0,6.6948596086805445e-06
101,10.0,1.2978044915860131e-05
101,20.0,2.5544415530219304e-05
101,50.0,0.0003267542872982254
101,100.0,0.0003895861403700213
101,200.0,0.0005152498727475363
101,500.0,0.0016971329041135519
101,800.0,0.002904892496697453
101,1000.0,0.0031562200393848716
101,1500.0,0.005118167123965289
101,2000.0,0.006852262673912146
101,3000.0,0.010416922250289673
101,5000.0,0.018163066462676514
101,7500.0,0.030067274126834298
101,10000.0,0.04771347398391401
101,15000.0,1.971847703022907
101,20000.0,1.9798656931702525
101,30000.0,1.9944559236341193
101,40000.0,2.0081053600346226
101,50000.0,2.021315491016592
102,0.0,0.0
102,0.1,2.0272069077842403e-06
102,0.2,2.152870613927832e-06
102,0.5,2.5298617323586073e-06
102,1.0,3.1581802630765656e-06
102,2.0,4.414817324512483e-06
102,5.0,8.184728508820235e-06
102,10.0,1.4467913815999821e-05
102,20.0,2.7034284430358995e-05
102,50.0,6.473339627343651e-05
102,100.0,0.00012756524947044046
102,200.0,0.0002557970192104131
102,500.0,0.0006396297727705447
102,800.0,0.001023188076869186
102,1000.0,0.0012792203385453282
102,1500.0,0.001919310792629636
102,2000.0,0.0025593424401124665
102,3000.0,0.0038422482423456916
102,5000.0,0.006422105777879938
102,7500.0,0.00970810789596932
102,10000.0,0.013215345700208658
102,15000.0,1.9790262341925875
102,20000.0,1.9853218089325453
102,30000.0,1.9979026665643176
102,40000.0,2.0104771726448205
102,50000.0,2.023048895023145
103,0.0,0.0
103,0.1,7.137698512238444e-07
103,0.2,8.394335573674361e-07
103,0.5,1.2164246757982114e-06
103,1.0,1.84474320651617e-06
103,2.0,3.1013802679520872e-06
103,5.0,6.871291452259839e-06
103,10.0,1.3154476759439426e-05
103,20.0,2.57208473737986e-05
103,50.0,0.0009407763094957389
103,100.0,0.0010036081625675348
103,200.0,0.0011292719568853915
103,500.0,0.004211590684984223
103,800.0,0.007348789156518154
103,1000.0,0.007600117021278718
103,1500.0,0.012855977647025618
103,2000.0,0.01744411379876598
103,3000.0,0.027628398277492305
103,5000.0,0.059281741712974956
103,7500.0,1.4021942198076873
103,10000.0,1.5135202348527637
103,15000.0,1.9669807916631057
103,20000.0,1.9766908411471793
103,30000.0,1.9929053720829404
103,40000.0,2.0072449998672037
103,50000.0,2.0207959382568825
104,0.0,0.0
104,0.1,5.569415458817062e-07
104,0.2,6.826052520252979e-07
104,0.5,1.0595963704560732e-06
104,1.0,1.6879149011740317e-06
104,2.0,2.944551962609949e-06
104,5.0,6.714463146917701e-06
104,10.0,1.2997648454097287e-05
104,20.0,2.556401906845646e-05
104,50.0,6.326314113258569e-05
104,100.0,0.00033516671844213697
104,200.0,0.0004608304408264541
104,500.0,0.0013361043203535816
104,800.0,0.0022583286011573778
104,1000.0,0.002509656101400859
104,1500.0,0.004037522088403911
104,2000.0,0.005425183841558101
104,3000.0,0.008324695399529625
104,5000.0,0.015065374210634364
104,7500.0,0.028466841252885677
104,10000.0,1.407697592567203
104,15000.0,1.9761012687904018
104,20000.0,1.9831623614891989
104,30000.0,1.9965905528099643
104,40000.0,2.0095975618345623
104,50000.0,2.0224184450986016
105,0.0,0.0
105,0.1,1.2566370614359172e-07
105,0.2,2.5132741228718345e-07
105,0.5,6.283185307179586e-07
105,1.0,1.2566370614359173e-06
105,2.0,2.5132741228718346e-06
105,5.0,6.283185307179587e-06
105,10.0,1.2566370614359173e-05
105,20.0,2.5132741228718347e-05
105,50.0,0.000332419709826004
105,100.0,0.0003952515628977999
105,200.0,0.0005209152960308217
105,500.0,0.0017259795123419908
105,800.0,0.0029561753525200185
105,1000.0,0.003207502901140802
105,1500.0,0.005230132731399162
105,2000.0,0.007032968111290727
105,3000.0,0.010829116085573909
105,5000.0,0.019773555888748073
105,7500.0,0.03867629524469973
105,10000.0,1.4226984840256116
105,15000.0,1.9740587174153283
105,20000.0,1.9816397938236823
105,30000.0,1.9956567579180435
105,40000.0,2.0089686508877076
105,50000.0,2.0219669559134577
106,0.0,0.0
106,0.1,1.7331538352260978e-06
106,0.2,1.8588175413696895e-06
106,0.5,2.2358086598004648e-06
106,1.0,2.864127190518423e-06
106,2.0,4.120764251954341e-06
106,5.0,7.890675436272865e-06
106,10.0,1.4173860743452451e-05
106,20.0,2.6740231357811623e-05
106,50.0,6.443935928746036e-05
106,100.0,0.0004563165842611516
106,200.0,0.000581980315955688
106,500.0,0.0017429071683492392
106,800.0,0.0029830125962588827
106,1000.0,0.003234340147497794
106,1500.0,0.005283748407928002
106,2000.0,0.007112293835032868
106,3000.0,0.010975779968643629
106,5000.0,0.020288011527055616
106,7500.0,0.04189990102563668
106,10000.0,1.446221776552238
106,15000.0,1.974605166026301
106,20000.0,1.9820826573669343
106,30000.0,1.9959569468853147
106,40000.0,2.009183280235738
106,50000.0,2.0221275677313706
107,0.0,0.0
107,0.1,1.2566370614359172e-07
107,0.2,2.5132741228718345e-07
107,0.5,6.283185307179586e-07
107,1.0,1.2566370614359173e-06
107,2.0,2.5132741228718346e-06
107,5.0,6.283185307179587e-06
107,10.0,1.2566370614359173e-05
107,20.0,2.5132741228718347e-05
107,50.0,0.0002975842225184655
107,100.0,0.0003604160755902614
107,200.0,0.00048607980544812524
107,500.0,0.0015906562798759794
107,800.0,0.002715816371159807
107,1000.0,0.0029671439025523716
107,1500.0,0.00481357715127162
107,2000.0,0.006455310616607757
107,3000.0,0.009885636963001931
107,5000.0,0.01769474773551616
107,7500.0,0.03200511324905264
107,10000.0,1.4186461481154946
107,15000.0,1.9738660734447824
107,20000.0,1.9814398965459716
107,30000.0,1.9954824138561045
107,40000.0,2.0088261625666934
107,50000.0,2.02185027564011
108,0.0,0.0
108,0.1,8.215893110286032e-07
108,0.2,9.47253017172195e-07
108,0.5,1.3242441356029702e-06
108,1.0,1.9525626663209285e-06
108,2.0,3.209199727756846e-06
108,5.0,6.979110912064598e-06
108,10.0,1.3262296219244184e-05
108,20.0,2.5828666833603358e-05
108,50.0,6.352779016716159e-05
108,100.0,0.00036139625249831386
108,200.0,0.0004870599768357353
108,500.0,0.0014222618762256278
108,800.0,0.0024140199012112618
108,1000.0,0.002665347412117991
108,1500.0,0.004302267869871312
108,2000.0,0.005776342038307347
108,3000.0,0.00885705889520394
108,5000.0,0.015945798501781017
108,7500.0,0.029413260867272695
108,10000.0,1.4209024167447128
108,15000.0,1.9754373753905008
108,20000.0,1.9826578154062866
108,30000.0,1.9962719463205434
108,40000.0,2.009377806159672
108,50000.0,2.0222577744672803
109,0.0,0.0
109,0.1,1.2566370614359172e-07
109,0.2,2.5132741228718345e-07
109,0.5,6.283185307179586e-07
109,1.0,1.2566370614359173e-06
109,2.0,2.5132741228718346e-06
109,5.0,6.283185307179587e-06
109,10.0,1.2566370614359173e-05
109,20.0,2.5132741228718347e-05
109,50.0,6.283185307179587e-05
109,100.0,0.00012566370614359174
109,200.0,0.0012434036832186246
109,500.0,0.0020913306763938877
109,800.0,0.003608630111276989
109,1000.0,0.0038599577065123736
109,1500.0,0.006359325928677051
109,2000.0,0.00856508272121237
109,3000.0,0.013232098271022341
109,5000.0,0.0246070041673212
109,7500.0,0.05381552933136324
109,10000.0,1.2596752179226223
109,15000.0,1.9727582677573903
109,20000.0,1.9807119191098341
109,30000.0,1.9951235025012175
109,40000.0,2.0086273826701104
109,50000.0,2.021731772207684
110,0.0,0.0
110,0.1,1.2566370614359172e-07
110,0.2,2.5132741228718345e-07
110,0.5,6.283185307179586e-07
110,1.0,1.2566370614359173e-06
110,2.0,2.5132741228718346e-06
110,5.0,6.283185307179587e-06
110,10.0,1.2566370614359173e-05
110,20.0,2.5132741228718347e-05
110,50.0,6.283185307179587e-05
110,100.0,0.0017763404296952112
110,200.0,0.001902004262350765
110,500.0,0.006160584378992584
110,800.0,0.010875201023449188
110,1000.0,0.011126529097593374
110,1500.0,0.018523801581486588
110,2000.0,0.024795293834757537
110,3000.0,0.037568372153296226
110,5000.0,0.06482722995659695
110,7500.0,0.10552668311193036
110,10000.0,0.17151096812930455
110,15000.0,1.8914798346586446
110,20000.0,1.9150944151663067
110,30000.0,1.9510634448396824
110,40000.0,1.9778584516866822
110,50000.0,1.9994396727297201
111,0.0,0.0
111,0.1,9.392105397854067e-07
111,0.2,1.0648742459289984e-06
111,0.5,1.4418653643597737e-06
111,1.0,2.070183895077732e-06
111,2.0,3.3268209565136495e-06
111,5.0,7.096732140821401e-06
111,10.0,1.3379917448000988e-05
111,20.0,2.594628806236016e-05
111,50.0,0.00014761715560684951
111,100.0,0.0002104490086786454
111,200.0,0.00033611272339240106
111,500.0,0.0009760461123655695
111,800.0,0.0016205078836355469
111,1000.0,0.0018718353410941413
111,1500.0,0.00296213080111285
111,2000.0,0.003990449822449449
111,3000.0,0.006172618935947449
111,5000.0,0.011585138526887362
111,7500.0,0.025293841968037523
111,10000.0,1.9717147811950944
111,15000.0,1.9783577143615192
111,20000.0,1.9848388071348566
111,30000.0,1.99760498685001
111,40000.0,2.0102655916469083
111,50000.0,2.0228844409155515
112,0.0,0.0
112,0.1,0.00010876847218010965
112,0.2,0.00010889413588625324
112,0.5,0.00010927112700468402
112,1.0,0.00010989944553540197
112,2.0,0.00011115608259683789
112,5.0,0.00011492599378114565
112,10.0,0.00012120917908832524
112,20.0,0.0001337755497026844
112,50.0,0.00017147467784894843
112,100.0,0.0005677823238883217
112,200.0,0.0011364566086581318
112,500.0,0.002839254713493111
112,800.0,0.0049396418425606825
112,1000.0,0.005716197172301873
112,1500.0,0.008635992629221878
112,2000.0,0.011654502490007435
112,3000.0,0.018087983052073375
112,5000.0,0.03433078039017701
112,7500.0,1.3636135355158632
112,10000.0,1.452264219000541
112,15000.0,1.9696208098182115
112,20000.0,1.9784413980068327
112,30000.0,1.9937983720025585
112,40000.0,2.007769061298081
112,50000.0,2.0211343542384625
113,0.0,0.0
113,0.1,2.628884733235637e-07
113,0.2,3.8855217946715544e-07
113,0.5,7.655432978979306e-07
113,1.0,1.3938618286158892e-06
113,2.0,2.6504988900518065e-06
113,5.0,6.420410074370331e-06
113,10.0,1.2703595381549917e-05
113,20.0,2.526996599590909e-05
113,50.0,6.296907783898661e-05
113,100.0,0.00012580095785641454
113,200.0,0.0008026279438351214
113,500.0,0.002090497525501389
113,800.0,0.0036014062758493726
113,1000.0,0.004202421682026336
113,1500.0,0.006350543547968268
113,2000.0,0.008559005625570881
113,3000.0,0.013238165569896432
113,5000.0,0.024726771979500572
113,7500.0,0.055614575412496925
113,10000.0,1.9641913693714643
113,15000.0,1.9731022216257532
113,20000.0,1.980984996405081
113,30000.0,1.995304531366414
113,40000.0,2.0087543645951658
113,50000.0,2.021825104671408
114,0.0,0.0
114,0.1,1.0372282307491432e-06
114,0.2,1.162891936892735e-06
114,0.5,1.5398830553235102e-06
114,1.0,2.1682015860414685e-06
114,2.0,3.424838647477386e-06
114,5.0,7.194749831785138e-06
114,10.0,1.3477935138964724e-05
114,20.0,2.6044305753323898e-05
114,50.0,0.00010439135396755894
114,100.0,0.00016722320703935483
114,200.0,0.0002928869172212911
114,500.0,0.0007937724034290383
114,800.0,0.0013015191107220714
114,1000.0,0.0015528465436591699
114,1500.0,0.0023923539676706795
114,2000.0,0.0032017994297188768
114,3000.0,0.0048458318051457505
114,5000.0,0.008329510403774165
114,7500.0,0.013561379332085566
114,10000.0,0.02242514608010815
114,15000.0,1.9783460502546935
114,20000.0,1.984816086635488
114,30000.0,1.9975910095293044
114,40000.0,2.010265258385085
114,50000.0,2.0228950072166096
115,0.0,0.0
115,0.1,1.2566370614359172e-07
115,0.2,2.5132741228718345e-07
115,0.5,6.283185307179586e-07
115,1.0,1.2566370614359173e-06
115,2.0,2.5132741228718346e-06
115,5.0,6.283185307179587e-06
115,10.0,1.2566370614359173e-05
115,20.0,2.5132741228718347e-05
115,50.0,6.283185307179587e-05
115,100.0,0.00012566370614359174
115,200.0,0.0002513274122871835
115,500.0,0.0006283185307179586
115,800.0,0.001005309649148734
115,1000.0,0.0012566370614359172
115,1500.0,0.0018849555921538759
115,2000.0,0.0025132741228718345
115,3000.0,0.0037699111843077517
115,5000.0,0.006283185307179587
115,7500.0,0.14742163104132366
115,10000.0,1.5701845812031077
115,15000.0,1.7058719086633602
115,20000.0,1.9325814814057027
115,30000.0,1.9670225476392569
115,40000.0,1.9911556691710472
115,50000.0,2.0101769534665133
116,0.0,0.0
116,0.1,3.2169908781298773e-07
116,0.2,4.473627939565795e-07
116,0.5,8.243539123873546e-07
116,1.0,1.4526724431053133e-06
116,2.0,2.7093095045412306e-06
116,5.0,6.479220688848983e-06
116,10.0,1.2762405996028569e-05
116,20.0,2.5328776610387742e-05
116,50.0,0.00038050718892845836
116,100.0,0.00044333904200025425
116,200.0,0.0005690027799610808
116,500.0,0.0019221913372110544
116,800.0,0.0032928073097759913
116,1000.0,0.0035441348837635944
116,1500.0,0.005826197909403863
116,2000.0,0.007840281066278654
116,3000.0,0.012112491164865236
116,5000.0,0.022501094117081122
116,7500.0,0.048833672413313156
116,10000.0,1.4271443809474271
116,15000.0,1.9735918101668637
116,20000.0,1.9813203149442176
116,30000.0,1.9954832960205542
116,40000.0,2.008862723160979
116,50000.0,2.0218969712624153
117,0.0,0.0
117,0.1,1.2566370614359172e-07
117,0.2,2.5132741228718345e-07
117,0.5,6.283185307179586e-07
117,1.0,1.2566370614359173e-06
117,2.0,2.5132741228718346e-06
117,5.0,6.283185307179587e-06
117,10.0,1.2566370614359173e-05
117,20.0,2.5132741228718347e-05
117,50.0,6.283185307179587e-05
117,100.0,0.0027053423012527444
117,200.0,0.002831006208513842
117,500.0,0.0093786031725821
117,800.0,0.013936098367855365
117,1000.0,0.01877102701846467
117,1500.0,0.02819648133658692
117,2000.0,0.03766428213074502
117,3000.0,0.05685676425366948
117,5000.0,0.09667807811550033
117,7500.0,0.15177239982297985
117,10000.0,0.2205670871125882
117,15000.0,1.7855565888681646
117,20000.0,1.8299101682821526
117,30000.0,1.898074692246722
117,40000.0,1.9461420317154936
117,50000.0,1.9807508578846025
118,0.0,0.0
118,0.1,8.215893109175809e-07
118,0.2,9.472530170611727e-07
118,0.5,1.324244135491948e-06
118,1.0,1.9525626662099062e-06
118,2.0,3.2091997276458237e-06
118,5.0,6.979110911953575e-06
118,10.0,1.3262296219133162e-05
118,20.0,2.5828666833492335e-05
118,50.0,0.00012113277623382324
118,100.0,0.00019785373541181261
118,200.0,0.00032351744709047114
118,500.0,0.0008703242213113915
118,800.0,0.0013949299892820344
118,1000.0,0.001744618159679634
118,1500.0,0.0026248911367964256
118,2000.0,0.003514662114218692
118,3000.0,0.005335224350249912
118,5000.0,0.009318205030583893
118,7500.0,0.01585175869656752
118,10000.0,0.03341051691535912
118,15000.0,1.9781182669525645
118,20000.0,1.984653093009517
118,30000.0,1.9974975594678686
118,40000.0,2.0102056636249275
118,50000.0,2.0228544278821383
119,0.0,0.0
119,0.1,2.5308670426049673e-07
119,0.2,3.787504104040885e-07
119,0.5,7.557415288348636e-07
119,1.0,1.3840600595528223e-06
119,2.0,2.6406971209887396e-06
119,5.0,6.410608305296492e-06
119,10.0,1.2693793612476078e-05
119,20.0,2.526016422683525e-05
119,50.0,6.29592761324238e-05
119,100.0,0.00012707516089094373
119,200.0,0.0002527388671561548
119,500.0,0.0006334546579558342
119,800.0,0.0010133961090703636
119,1000.0,0.001266928919477106
119,1500.0,0.0019004423872343024
119,2000.0,0.0025339950638668673
119,3000.0,0.0038025118693201243
119,5000.0,0.006347230065181786
119,7500.0,0.009557640939778511
119,10000.0,0.012887084475571187
119,15000.0,1.9790506602001499
119,20000.0,1.9853395305318635
119,30000.0,1.997913056438975
119,40000.0,2.0104837006235012
119,50000.0,2.023053148992179
120,0.0,0.0
120,0.1,1.2566370614359172e-07
120,0.2,2.5132741228718345e-07
120,0.5,6.283185307179586e-07
120,1.0,1.2566370614359173e-06
120,2.0,2.5132741228718346e-06
120,5.0,6.283185307179587e-06
120,10.0,1.2566370614359173e-05
120,20.0,2.5132741228718347e-05
120,50.0,0.00020877039534294983
120,100.0,0.0003217383045104327
120,200.0,0.0006459466546734349
120,500.0,0.0016137884566839178
120,800.0,0.002760806537343896
120,1000.0,0.0032479253606082503
120,1500.0,0.004900175783511096
120,2000.0,0.006593211718620706
120,3000.0,0.010154832772226174
120,5000.0,0.018656546300833243
120,7500.0,0.037586093478531035
120,10000.0,1.9669099658929605
120,15000.0,1.9749683509598845
120,20000.0,1.9823360135075752
120,30000.0,1.996098680458625
120,40000.0,2.0092733683016846
120,50000.0,2.022189671755685
121,0.0,0.0
121,0.1,1.2566370614359172e-07
121,0.2,2.5132741228718345e-07
121,0.5,6.283185307179586e-07
121,1.0,1.2566370614359173e-06
121,2.0,2.5132741228718346e-06
121,5.0,6.283185307179587e-06
121,10.0,1.2566370614359173e-05
121,20.0,2.5132741228718347e-05
121,50.0,0.00013004258831539328
121,100.0,0.00028834366755092766
121,200.0,0.0004140073903431407
121,500.0,0.0013017981266038037
121,800.0,0.0021998120714583624
121,1000.0,0.002613260781179738
121,1500.0,0.003942837001574939
121,2000.0,0.005294232200578786
121,3000.0,0.00813155153497902
121,5000.0,0.014727801288880848
121,7500.0,0.027956816002772
121,10000.0,1.4133334522050105
121,15000.0,1.9763449603649512
121,20000.0,1.9833494772678655
121,30000.0,1.9967093012369408
121,40000.0,2.009679367403832
121,50000.0,2.022478863214997
122,0.0,0.0
122,0.1,1.2566370614359172e-07
122,0.2,2.5132741228718345e-07
122,0.5,6.283185307179586e-07
122,1.0,1.2566370614359173e-06
122,2.0,2.5132741228718346e-06
122,5.0,6.283185307179587e-06
122,10.0,1.2566370614359173e-05
122,20.0,2.5132741228718347e-05
122,50.0,6.283185307179587e-05
122,100.0,0.0001946289777750021
122,200.0,0.0008191831298821617
122,500.0,0.002047908817053412
122,800.0,0.0032912881490989587
122,1000.0,0.0041231645739914224
122,1500.0,0.006237940825202792
122,2000.0,0.00842236896364068
122,3000.0,0.013091648739250505
122,5000.0,0.024984186024140764
122,7500.0,1.9604751813419985
122,10000.0,1.9654064833187341
122,15000.0,1.974010051644957
122,20000.0,1.9816804907579297
122,30000.0,1.9957450032448123
122,40000.0,2.0090551809053494
122,50000.0,2.022043223484321
123,0.0,0.0
123,0.1,1.2566370614359172e-07
123,0.2,2.5132741228718345e-07
123,0.5,6.283185307179586e-07
123,1.0,1.2566370614359173e-06
123,2.0,2.5132741228718346e-06
123,5.0,6.283185307179587e-06
123,10.0,1.2566370614359173e-05
123,20.0,2.8367276538876496e-05
123,50.0,6.606649797069597e-05
123,100.0,0.0013787218652285826
123,200.0,0.001504385667621455
123,500.0,0.004834453946831463
123,800.0,0.008510916303855365
123,1000.0,0.008762244218138426
123,1500.0,0.014524581799898462
123,2000.0,0.019414984887459963
123,3000.0,0.029339826001101188
123,5000.0,0.05012133219145354
123,7500.0,0.07932825021279188
123,10000.0,0.11621852580462455
123,15000.0,1.9032352526482104
123,20000.0,1.9234719582076372
123,30000.0,1.9551984188136136
123,40000.0,1.97974466519725
123,50000.0,2.00013847090734
124,0.0,0.0
124,0.1,1.5506901351880487e-07
124,0.2,2.807327196623966e-07
124,0.5,6.577238380931718e-07
124,1.0,1.2860423688111304e-06
124,2.0,2.5426794302470477e-06
124,5.0,6.3125906145548e-06
124,10.0,1.2595775921734386e-05
124,20.0,2.516214653609356e-05
124,50.0,6.442954143159874e-05
124,100.0,0.00012726139450339462
124,200.0,0.00025292510078478436
124,500.0,0.0006341407818408751
124,800.0,0.0010146899423280065
124,1000.0,0.00126688971261546
124,1500.0,0.0019025987764043073
124,2000.0,0.0025368473788357493
124,3000.0,0.003807069692037479
124,5000.0,0.006354640202500206
124,7500.0,0.00957217696323387
124,10000.0,0.012909677552309762
124,15000.0,1.9790463964307512
124,20000.0,1.985336295947941
124,30000.0,1.997910605996797
124,40000.0,2.0104818774943762
124,50000.0,2.0230517081319137
125,0.0,0.0
125,0.1,2.331061749183405e-06
125,0.2,2.456725455326997e-06
125,0.5,2.833716573757772e-06
125,1.0,3.4620351044757305e-06
125,2.0,4.718672165911648e-06
125,5.0,8.4885833502194e-06
125,10.0,1.4771768657398986e-05
125,20.0,2.733813927175816e-05
125,50.0,0.00022505113133253207
125,100.0,0.00028788298440432796
125,200.0,0.0004135467063426379
125,500.0,0.0012751373131068
125,800.0,0.002153498680855237
125,1000.0,0.0024048261740257093
125,1500.0,0.0038603551132007086
125,2000.0,0.005183119340091524
125,3000.0,0.007956972220438674
125,5000.0,0.014390130350125818
125,7500.0,0.027226211744053375
125,10000.0,1.9689969472356414
125,15000.0,1.976421972861139
125,20000.0,1.9834028479034038
125,30000.0,1.9967390986132654
125,40000.0,2.0096977359204895
125,50000.0,2.0224910664209
126,0.0,0.0
126,0.1,1.203858305043326e-06
126,0.2,1.3295220111869178e-06
126,0.5,1.706513129617693e-06
126,1.0,2.3348316603356514e-06
126,2.0,3.591468721771569e-06
126,5.0,7.3613799060793205e-06
126,10.0,1.3644565213258907e-05
126,20.0,2.621093582761808e-05
126,50.0,6.391007473571797e-05
126,100.0,0.000680345818335315
126,200.0,0.0008060095675133105
126,500.0,0.0025033578663471445
126,800.0,0.004326737119326407
126,1000.0,0.004578064764313328
126,1500.0,0.007586252565043083
126,2000.0,0.010217425836156258
126,3000.0,0.015811522099554498
126,5000.0,0.029553956934155745
126,7500.0,0.07283906723225886
126,10000.0,1.4404814534076849
126,15000.0,1.9704290244482374
126,20000.0,1.9789689194513622
126,30000.0,1.994053414016987
126,40000.0,2.0079081092084765
126,50000.0,2.021216943975851
127,0.0,0.0
127,0.1,1.2566370614359172e-07
127,0.2,2.5132741228718345e-07
127,0.5,6.283185307179586e-07
127,1.0,1.2566370614359173e-06
127,2.0,2.5132741228718346e-06
127,5.0,6.283185307179587e-06
127,10.0,1.2566370614359173e-05
127,20.0,2.5132741228718347e-05
127,50.0,0.00022629595600553998
127,100.0,0.00028912780907733586
127,200.0,0.00041479153191747997
127,500.0,0.0013040525249118362
127,800.0,0.0020967660636597163
127,1000.0,0.0024617940600956123
127,1500.0,0.0039600881130475996
127,2000.0,0.005317501601197927
127,3000.0,0.008163260257780913
127,5000.0,0.014754462100962873
127,7500.0,0.027867129817150116
127,10000.0,1.407177422474175
127,15000.0,1.976266526611206
127,20000.0,1.9832875888958683
127,30000.0,1.996669564866902
127,40000.0,2.009651961655973
127,50000.0,2.022458514738498
128,0.0,0.0
128,0.1,8.644004221769475e-05
128,0.2,8.656570592383833e-05
128,0.5,8.694269704226911e-05
128,1.0,8.757101557298707e-05
128,2.0,8.882765263442298e-05
128,5.0,9.259756381873074e-05
128,10.0,9.888074912591033e-05
128,20.0,0.00011144711974026949
128,50.0,0.00014914623158334702
128,100.0,0.00021197811341344686
128,200.0,0.0009258851934462742
128,500.0,0.002319310014265219
128,800.0,0.0037244184650351286
128,1000.0,0.004260193371516396
128,1500.0,0.007047900202890256
128,2000.0,0.009504180470884527
128,3000.0,0.014743540922758314
128,5000.0,0.027846096713427748
128,7500.0,1.349282702303292
128,10000.0,1.4453906393024278
128,15000.0,1.9721993611084465
128,20000.0,1.9803283856660063
128,30000.0,1.9949165871676933
128,40000.0,2.008500498759556
128,50000.0,2.0216472809348485
